dataset,model,operator,fold,num_classes,num_branches,residual_mode,best_epoch,best_val_acc,best_test_acc,test_macro_f1,test_normalized_acc,test_loss,runtime_seconds,total_params
SYN_BA_C2,HorizontalRes,GATConv,0,2,3,identity,15,1.0,1.0,1.0,1.0,1.160795136456727e-06,17.99817442893982,40835
SYN_BA_C2,HorizontalRes,GATConv,1,2,3,identity,91,1.0,1.0,1.0,1.0,0.00011099515540990978,33.24636626243591,40835
SYN_BA_C2,HorizontalRes,GATConv,2,2,3,identity,25,1.0,1.0,1.0,1.0,7.539956641267054e-07,21.290204286575317,40835
SYN_BA_C2,HorizontalRes,GATConv,3,2,3,identity,22,1.0,1.0,1.0,1.0,5.527641042135656e-05,20.354963541030884,40835
SYN_BA_C2,HorizontalRes,GATConv,4,2,3,identity,17,1.0,1.0,1.0,1.0,3.2484504686181026e-07,15.337490558624268,40835
SYN_BA_C2,HorizontalRes,GCNConv,0,2,3,identity,13,1.0,1.0,1.0,1.0,4.470347647611561e-09,12.582920551300049,39299
SYN_BA_C2,HorizontalRes,GCNConv,1,2,3,identity,15,1.0,1.0,1.0,1.0,2.9802318390892424e-09,14.572947025299072,39299
SYN_BA_C2,HorizontalRes,GCNConv,2,2,3,identity,12,1.0,1.0,1.0,1.0,8.403972060477827e-07,14.800433874130249,39299
SYN_BA_C2,HorizontalRes,GCNConv,3,2,3,identity,13,1.0,1.0,1.0,1.0,2.9802320611338473e-09,14.914812564849854,39299
SYN_BA_C2,HorizontalRes,GCNConv,4,2,3,identity,15,1.0,1.0,1.0,1.0,5.960464122267695e-09,14.106531620025635,39299
SYN_BA_C2,HorizontalRes,GINConv,0,2,3,identity,16,1.0,1.0,1.0,1.0,0.0,14.874998092651367,89219
SYN_BA_C2,HorizontalRes,GINConv,1,2,3,identity,12,1.0,1.0,1.0,1.0,3.8742989261209004e-08,10.066525936126709,89219
SYN_BA_C2,HorizontalRes,GINConv,2,2,3,identity,15,1.0,1.0,1.0,1.0,0.0,13.412517547607422,89219
SYN_BA_C2,HorizontalRes,GINConv,3,2,3,identity,13,1.0,1.0,1.0,1.0,0.0,13.353427410125732,89219
SYN_BA_C2,HorizontalRes,GINConv,4,2,3,identity,16,1.0,1.0,1.0,1.0,0.0,13.198867559432983,89219
SYN_BA_C2,HorizontalRes,SAGEConv,0,2,3,identity,21,1.0,1.0,1.0,1.0,0.0,14.319118976593018,77699
SYN_BA_C2,HorizontalRes,SAGEConv,1,2,3,identity,21,1.0,1.0,1.0,1.0,0.0,14.305567741394043,77699
SYN_BA_C2,HorizontalRes,SAGEConv,2,2,3,identity,33,1.0,1.0,1.0,1.0,0.0,13.7821683883667,77699
SYN_BA_C2,HorizontalRes,SAGEConv,3,2,3,identity,81,1.0,1.0,1.0,1.0,1.2009800229861867e-05,22.13318109512329,77699
SYN_BA_C2,HorizontalRes,SAGEConv,4,2,3,identity,24,1.0,1.0,1.0,1.0,2.786485993055976e-07,15.661293983459473,77699
SYN_BA_C2,MatrixResGated,GATConv,0,2,3,sparse,97,1.0,1.0,1.0,1.0,2.5672875381133053e-06,55.3483145236969,40835
SYN_BA_C2,MatrixResGated,GATConv,1,2,3,sparse,35,1.0,1.0,1.0,1.0,2.2187555259733927e-06,38.47178101539612,40835
SYN_BA_C2,MatrixResGated,GATConv,2,2,3,sparse,64,1.0,1.0,1.0,1.0,1.4156046290736413e-06,47.10329818725586,40835
SYN_BA_C2,MatrixResGated,GATConv,3,2,3,sparse,72,1.0,1.0,1.0,1.0,5.930650104346569e-07,41.78708338737488,40835
SYN_BA_C2,MatrixResGated,GATConv,4,2,3,sparse,45,1.0,1.0,1.0,1.0,4.321321398492728e-07,38.90438914299011,40835
SYN_BA_C2,MatrixResGated,GCNConv,0,2,3,sparse,232,1.0,1.0,1.0,1.0,1.715554390102625e-05,63.97168278694153,39299
SYN_BA_C2,MatrixResGated,GCNConv,1,2,3,sparse,139,1.0,1.0,1.0,1.0,1.823609636630863e-05,58.15120840072632,39299
SYN_BA_C2,MatrixResGated,GCNConv,2,2,3,sparse,53,1.0,1.0,1.0,1.0,9.00302347872639e-06,36.72814083099365,39299
SYN_BA_C2,MatrixResGated,GCNConv,3,2,3,sparse,36,1.0,1.0,1.0,1.0,1.0367888535256498e-05,33.720367670059204,39299
SYN_BA_C2,MatrixResGated,GCNConv,4,2,3,sparse,132,1.0,1.0,1.0,1.0,7.469820957339834e-06,58.84482407569885,39299
SYN_BA_C2,MatrixResGated,GINConv,0,2,3,sparse,13,1.0,1.0,1.0,1.0,0.0,24.425927877426147,89219
SYN_BA_C2,MatrixResGated,GINConv,1,2,3,sparse,21,1.0,1.0,1.0,1.0,4.470348091700771e-09,24.656654834747314,89219
SYN_BA_C2,MatrixResGated,GINConv,2,2,3,sparse,18,1.0,1.0,1.0,1.0,0.0,24.619850635528564,89219
SYN_BA_C2,MatrixResGated,GINConv,3,2,3,sparse,17,1.0,1.0,1.0,1.0,2.9802320611338473e-09,25.537311553955078,89219
SYN_BA_C2,MatrixResGated,GINConv,4,2,3,sparse,14,1.0,1.0,1.0,1.0,0.0,24.83541488647461,89219
SYN_BA_C2,MatrixResGated,SAGEConv,0,2,3,sparse,168,1.0,1.0,1.0,1.0,3.2782526204755413e-07,64.24945735931396,77699
SYN_BA_C2,MatrixResGated,SAGEConv,1,2,3,sparse,62,1.0,1.0,1.0,1.0,3.0112887543509714e-06,39.56598424911499,77699
SYN_BA_C2,MatrixResGated,SAGEConv,2,2,3,sparse,85,1.0,1.0,1.0,1.0,0.0011135394452139735,42.22953224182129,77699
SYN_BA_C2,MatrixResGated,SAGEConv,3,2,3,sparse,85,1.0,1.0,1.0,1.0,2.281519482494332e-05,43.30102062225342,77699
SYN_BA_C2,MatrixResGated,SAGEConv,4,2,3,sparse,115,1.0,1.0,1.0,1.0,7.81899580033496e-05,50.21529030799866,77699
SYN_BA_C2,MatrixRes,GATConv,0,2,3,identity,102,1.0,1.0,1.0,1.0,1.0624351034493884e-06,56.100807189941406,40835
SYN_BA_C2,MatrixRes,GATConv,1,2,3,identity,41,1.0,1.0,1.0,1.0,2.436321437926381e-06,39.35437726974487,40835
SYN_BA_C2,MatrixRes,GATConv,2,2,3,identity,147,1.0,1.0,1.0,1.0,1.2308307759667514e-06,71.6102466583252,40835
SYN_BA_C2,MatrixRes,GATConv,3,2,3,identity,55,1.0,1.0,1.0,1.0,3.9040978094817547e-07,40.223591327667236,40835
SYN_BA_C2,MatrixRes,GATConv,4,2,3,identity,80,1.0,1.0,1.0,1.0,1.5288314898498356e-06,48.27454328536987,40835
SYN_BA_C2,MatrixRes,GCNConv,0,2,3,identity,232,1.0,1.0,1.0,1.0,4.964870186086046e-06,62.66287922859192,39299
SYN_BA_C2,MatrixRes,GCNConv,1,2,3,identity,139,1.0,1.0,1.0,1.0,7.6172764238435775e-06,59.73968148231506,39299
SYN_BA_C2,MatrixRes,GCNConv,2,2,3,identity,240,1.0,1.0,1.0,1.0,7.781221029290464e-06,65.496262550354,39299
SYN_BA_C2,MatrixRes,GCNConv,3,2,3,identity,240,1.0,1.0,1.0,1.0,2.895586658269167e-05,65.58153796195984,39299
SYN_BA_C2,MatrixRes,GCNConv,4,2,3,identity,236,1.0,1.0,1.0,1.0,3.179883833581698e-06,65.7476418018341,39299
SYN_BA_C2,MatrixRes,GINConv,0,2,3,identity,13,1.0,1.0,1.0,1.0,0.0,23.892624616622925,89219
SYN_BA_C2,MatrixRes,GINConv,1,2,3,identity,17,1.0,1.0,1.0,1.0,2.9802318390892424e-09,26.475213527679443,89219
SYN_BA_C2,MatrixRes,GINConv,2,2,3,identity,13,1.0,1.0,1.0,1.0,0.0,21.868884086608887,89219
SYN_BA_C2,MatrixRes,GINConv,3,2,3,identity,17,1.0,1.0,1.0,1.0,4.470348091700771e-09,25.587221384048462,89219
SYN_BA_C2,MatrixRes,GINConv,4,2,3,identity,13,1.0,1.0,1.0,1.0,1.4901160305669237e-09,24.068195819854736,89219
SYN_BA_C2,MatrixRes,SAGEConv,0,2,3,identity,167,1.0,1.0,1.0,1.0,5.960464122267695e-09,64.10287499427795,77699
SYN_BA_C2,MatrixRes,SAGEConv,1,2,3,identity,62,1.0,1.0,1.0,1.0,3.173629465891281e-06,35.6111626625061,77699
SYN_BA_C2,MatrixRes,SAGEConv,2,2,3,identity,83,1.0,1.0,1.0,1.0,0.0024473187513649464,41.24844264984131,77699
SYN_BA_C2,MatrixRes,SAGEConv,3,2,3,identity,119,1.0,1.0,1.0,1.0,2.6523983365223103e-07,50.67050337791443,77699
SYN_BA_C2,MatrixRes,SAGEConv,4,2,3,identity,129,1.0,1.0,1.0,1.0,3.101259426330216e-05,49.89468502998352,77699
SYN_BA_C2,Plain,GATConv,0,2,3,identity,25,1.0,1.0,1.0,1.0,3.0322655675263377e-06,15.534582138061523,40835
SYN_BA_C2,Plain,GATConv,1,2,3,identity,30,1.0,1.0,1.0,1.0,0.00015026141772978008,16.422608137130737,40835
SYN_BA_C2,Plain,GATConv,2,2,3,identity,23,1.0,1.0,1.0,1.0,5.320713535184041e-05,15.135801315307617,40835
SYN_BA_C2,Plain,GATConv,3,2,3,identity,19,1.0,1.0,1.0,1.0,0.00022922824427951127,13.408477783203125,40835
SYN_BA_C2,Plain,GATConv,4,2,3,identity,28,1.0,1.0,1.0,1.0,1.3523416782845743e-05,14.328709125518799,40835
SYN_BA_C2,Plain,GCNConv,0,2,3,identity,30,1.0,1.0,1.0,1.0,3.546426228240307e-07,12.680793046951294,39299
SYN_BA_C2,Plain,GCNConv,1,2,3,identity,29,1.0,1.0,1.0,1.0,2.2947585875954246e-07,12.365995645523071,39299
SYN_BA_C2,Plain,GCNConv,2,2,3,identity,22,1.0,1.0,1.0,1.0,4.518000423558988e-06,11.307899236679077,39299
SYN_BA_C2,Plain,GCNConv,3,2,3,identity,22,1.0,1.0,1.0,1.0,8.344649415903405e-08,12.08646297454834,39299
SYN_BA_C2,Plain,GCNConv,4,2,3,identity,26,1.0,1.0,1.0,1.0,1.549720280991096e-07,11.638632535934448,39299
SYN_BA_C2,Plain,GINConv,0,2,3,identity,23,1.0,1.0,1.0,1.0,0.0,8.714887857437134,89219
SYN_BA_C2,Plain,GINConv,1,2,3,identity,20,1.0,1.0,1.0,1.0,7.748580088673407e-08,9.06551480293274,89219
SYN_BA_C2,Plain,GINConv,2,2,3,identity,15,1.0,1.0,1.0,1.0,2.054732703982154e-06,9.510425806045532,89219
SYN_BA_C2,Plain,GINConv,3,2,3,identity,18,1.0,1.0,1.0,1.0,0.0,9.00000810623169,89219
SYN_BA_C2,Plain,GINConv,4,2,3,identity,22,1.0,1.0,1.0,1.0,0.0,7.463542222976685,89219
SYN_BA_C2,Plain,SAGEConv,0,2,3,identity,31,1.0,1.0,1.0,1.0,5.960463678178485e-09,12.383079528808594,77699
SYN_BA_C2,Plain,SAGEConv,1,2,3,identity,21,1.0,1.0,1.0,1.0,1.6391169310736586e-07,6.405416250228882,77699
SYN_BA_C2,Plain,SAGEConv,2,2,3,identity,16,1.0,1.0,1.0,1.0,0.005957497283816338,9.131613492965698,77699
SYN_BA_C2,Plain,SAGEConv,3,2,3,identity,43,1.0,1.0,1.0,1.0,9.551613766234368e-05,10.81085991859436,77699
SYN_BA_C2,Plain,SAGEConv,4,2,3,identity,19,1.0,1.0,1.0,1.0,7.652285421499982e-05,8.907654523849487,77699
SYN_BA_C2,VerticalRes,GATConv,0,2,3,identity,33,1.0,1.0,1.0,1.0,2.401994834144716e-06,20.107462882995605,40835
SYN_BA_C2,VerticalRes,GATConv,1,2,3,identity,32,1.0,1.0,1.0,1.0,1.4901158529312397e-08,19.504099130630493,40835
SYN_BA_C2,VerticalRes,GATConv,2,2,3,identity,33,1.0,1.0,1.0,1.0,2.390028157606139e-06,19.33130955696106,40835
SYN_BA_C2,VerticalRes,GATConv,3,2,3,identity,33,1.0,1.0,1.0,1.0,5.960463234089275e-09,15.707125425338745,40835
SYN_BA_C2,VerticalRes,GATConv,4,2,3,identity,35,1.0,1.0,1.0,1.0,5.96045985901128e-08,17.80018663406372,40835
SYN_BA_C2,VerticalRes,GCNConv,0,2,3,identity,34,1.0,1.0,1.0,1.0,1.534818636628188e-07,15.524330377578735,39299
SYN_BA_C2,VerticalRes,GCNConv,1,2,3,identity,26,1.0,1.0,1.0,1.0,2.3096785639609152e-07,15.02144742012024,39299
SYN_BA_C2,VerticalRes,GCNConv,2,2,3,identity,29,1.0,1.0,1.0,1.0,1.2665982751514093e-07,14.338004112243652,39299
SYN_BA_C2,VerticalRes,GCNConv,3,2,3,identity,26,1.0,1.0,1.0,1.0,1.5795220065228932e-07,13.064632654190063,39299
SYN_BA_C2,VerticalRes,GCNConv,4,2,3,identity,29,1.0,1.0,1.0,1.0,8.791683114850457e-08,15.468338012695312,39299
SYN_BA_C2,VerticalRes,GINConv,0,2,3,identity,11,1.0,1.0,1.0,1.0,5.960463678178485e-09,12.210136890411377,89219
SYN_BA_C2,VerticalRes,GINConv,1,2,3,identity,13,1.0,1.0,1.0,1.0,0.0,10.462920427322388,89219
SYN_BA_C2,VerticalRes,GINConv,2,2,3,identity,10,1.0,1.0,1.0,1.0,0.0,12.360591650009155,89219
SYN_BA_C2,VerticalRes,GINConv,3,2,3,identity,15,1.0,1.0,1.0,1.0,2.9802318390892424e-09,13.125953674316406,89219
SYN_BA_C2,VerticalRes,GINConv,4,2,3,identity,12,1.0,1.0,1.0,1.0,7.599582829698193e-08,12.477154970169067,89219
SYN_BA_C2,VerticalRes,SAGEConv,0,2,3,identity,43,1.0,1.0,1.0,1.0,0.0,17.02441954612732,77699
SYN_BA_C2,VerticalRes,SAGEConv,1,2,3,identity,19,1.0,1.0,1.0,1.0,4.0083486396724766e-07,13.935893774032593,77699
SYN_BA_C2,VerticalRes,SAGEConv,2,2,3,identity,21,1.0,1.0,1.0,1.0,0.0020029000006616116,7.981795072555542,77699
SYN_BA_C2,VerticalRes,SAGEConv,3,2,3,identity,43,1.0,1.0,1.0,1.0,8.344636626134161e-08,14.334562540054321,77699
SYN_BA_C2,VerticalRes,SAGEConv,4,2,3,identity,24,1.0,1.0,1.0,1.0,1.984600385185331e-05,12.828076124191284,77699
SYN_BA_C3,HorizontalRes,GATConv,0,3,3,identity,26,0.9791666666666666,0.925,0.9244213509683514,0.8875000000000001,0.16837067902088165,20.76493787765503,40900
SYN_BA_C3,HorizontalRes,GATConv,1,3,3,identity,49,0.9375,0.9583333333333334,0.9583268218992552,0.9374999999999999,0.1300012618303299,26.15750503540039,40900
SYN_BA_C3,HorizontalRes,GATConv,2,3,3,identity,33,0.9166666666666666,0.9833333333333333,0.9833229101521784,0.9749999999999998,0.06596488505601883,25.04813504219055,40900
SYN_BA_C3,HorizontalRes,GATConv,3,3,3,identity,40,0.9791666666666666,0.95,0.9500000000000001,0.9249999999999999,0.12539933621883392,24.75912618637085,40900
SYN_BA_C3,HorizontalRes,GATConv,4,3,3,identity,159,1.0,0.975,0.9749960931395529,0.9624999999999998,0.1657329946756363,45.33131408691406,40900
SYN_BA_C3,HorizontalRes,GCNConv,0,3,3,identity,107,1.0,0.9083333333333333,0.9082042455536432,0.8624999999999998,0.5951941013336182,32.684356927871704,39364
SYN_BA_C3,HorizontalRes,GCNConv,1,3,3,identity,11,0.8541666666666666,0.9,0.8984126984126984,0.8499999999999999,0.2615892291069031,14.786864995956421,39364
SYN_BA_C3,HorizontalRes,GCNConv,2,3,3,identity,14,0.9791666666666666,0.925,0.924894382725708,0.8875000000000001,0.16015835106372833,16.353160858154297,39364
SYN_BA_C3,HorizontalRes,GCNConv,3,3,3,identity,14,0.9375,0.8916666666666667,0.8915141083815783,0.8374999999999999,0.17728236317634583,14.531734943389893,39364
SYN_BA_C3,HorizontalRes,GCNConv,4,3,3,identity,26,0.9583333333333334,0.925,0.924894382725708,0.8875000000000001,0.26548799872398376,18.94442582130432,39364
SYN_BA_C3,HorizontalRes,GINConv,0,3,3,identity,113,1.0,1.0,1.0,1.0,1.8278710456343106e-07,33.69591188430786,89284
SYN_BA_C3,HorizontalRes,GINConv,1,3,3,identity,41,1.0,1.0,1.0,1.0,0.002165471203625202,19.519160270690918,89284
SYN_BA_C3,HorizontalRes,GINConv,2,3,3,identity,78,1.0,1.0,1.0,1.0,1.837791501202446e-07,29.667627096176147,89284
SYN_BA_C3,HorizontalRes,GINConv,3,3,3,identity,181,1.0,1.0,1.0,1.0,5.56309451837933e-08,39.15181541442871,89284
SYN_BA_C3,HorizontalRes,GINConv,4,3,3,identity,36,1.0,1.0,1.0,1.0,0.0018916989210993052,18.826390981674194,89284
SYN_BA_C3,HorizontalRes,SAGEConv,0,3,3,identity,28,0.9166666666666666,0.85,0.8420013166556947,0.7749999999999998,0.3017035126686096,18.8290798664093,77764
SYN_BA_C3,HorizontalRes,SAGEConv,1,3,3,identity,22,0.8541666666666666,0.8916666666666667,0.8903032824230898,0.8374999999999999,0.27957209944725037,17.631563425064087,77764
SYN_BA_C3,HorizontalRes,SAGEConv,2,3,3,identity,32,0.875,0.9083333333333333,0.9065668630886022,0.8624999999999998,0.2175343781709671,17.8239266872406,77764
SYN_BA_C3,HorizontalRes,SAGEConv,3,3,3,identity,21,0.8541666666666666,0.8416666666666667,0.8341788032509682,0.7624999999999998,0.326149582862854,15.439101457595825,77764
SYN_BA_C3,HorizontalRes,SAGEConv,4,3,3,identity,26,0.8958333333333334,0.8666666666666667,0.865912424051959,0.8,0.2769384980201721,15.327947854995728,77764
SYN_BA_C3,MatrixResGated,GATConv,0,3,3,sparse,47,0.9583333333333334,0.9333333333333333,0.9329562120259794,0.9,0.27069777250289917,42.48938035964966,40900
SYN_BA_C3,MatrixResGated,GATConv,1,3,3,sparse,34,0.9375,0.9666666666666667,0.9665831244778613,0.9499999999999998,0.1288990080356598,38.15669846534729,40900
SYN_BA_C3,MatrixResGated,GATConv,2,3,3,sparse,16,0.9375,0.9583333333333334,0.9582746570698378,0.9374999999999999,0.14264793694019318,33.48658466339111,40900
SYN_BA_C3,MatrixResGated,GATConv,3,3,3,sparse,16,0.9166666666666666,0.95,0.9499687304565354,0.9249999999999999,0.1706807166337967,31.352057695388794,40900
SYN_BA_C3,MatrixResGated,GATConv,4,3,3,sparse,26,0.9583333333333334,0.9666666666666667,0.966645820304357,0.9499999999999998,0.1269451528787613,33.38776683807373,40900
SYN_BA_C3,MatrixResGated,GCNConv,0,3,3,sparse,205,1.0,0.925,0.924894382725708,0.8875000000000001,0.6531780362129211,67.38745832443237,39364
SYN_BA_C3,MatrixResGated,GCNConv,1,3,3,sparse,18,0.875,0.9166666666666666,0.9161952650324744,0.8749999999999998,0.16733703017234802,29.709890842437744,39364
SYN_BA_C3,MatrixResGated,GCNConv,2,3,3,sparse,35,0.9583333333333334,0.9333333333333333,0.9332916406087137,0.9,0.16339705884456635,33.52319884300232,39364
SYN_BA_C3,MatrixResGated,GCNConv,3,3,3,sparse,23,0.9166666666666666,0.925,0.9249882794186592,0.8875000000000001,0.14482121169567108,29.99045968055725,39364
SYN_BA_C3,MatrixResGated,GCNConv,4,3,3,sparse,20,0.9583333333333334,0.9166666666666666,0.9164578111946532,0.8749999999999998,0.21302786469459534,28.510469675064087,39364
SYN_BA_C3,MatrixResGated,GINConv,0,3,3,sparse,52,1.0,1.0,1.0,1.0,5.135830747349246e-07,36.631946086883545,89284
SYN_BA_C3,MatrixResGated,GINConv,1,3,3,sparse,55,1.0,1.0,1.0,1.0,1.192092824453539e-08,36.777382135391235,89284
SYN_BA_C3,MatrixResGated,GINConv,2,3,3,sparse,29,1.0,1.0,1.0,1.0,0.001146503258496523,29.52627944946289,89284
SYN_BA_C3,MatrixResGated,GINConv,3,3,3,sparse,79,1.0,1.0,1.0,1.0,3.0894855740370986e-07,42.825605630874634,89284
SYN_BA_C3,MatrixResGated,GINConv,4,3,3,sparse,152,1.0,1.0,1.0,1.0,4.7683659687436375e-08,64.5176055431366,89284
SYN_BA_C3,MatrixResGated,SAGEConv,0,3,3,sparse,78,0.9583333333333334,0.925,0.9240386137047002,0.8875000000000001,0.25057247281074524,41.57940697669983,77764
SYN_BA_C3,MatrixResGated,SAGEConv,1,3,3,sparse,34,0.8541666666666666,0.925,0.9244213509683514,0.8875000000000001,0.24407392740249634,31.913520097732544,77764
SYN_BA_C3,MatrixResGated,SAGEConv,2,3,3,sparse,57,0.9375,0.9416666666666667,0.9416575506589572,0.9125,0.14911222457885742,37.252368211746216,77764
SYN_BA_C3,MatrixResGated,SAGEConv,3,3,3,sparse,30,0.8125,0.8666666666666667,0.8645502645502644,0.8,0.30186957120895386,28.870944261550903,77764
SYN_BA_C3,MatrixResGated,SAGEConv,4,3,3,sparse,60,0.9375,0.9583333333333334,0.9583268218992552,0.9374999999999999,0.14758054912090302,37.03056001663208,77764
SYN_BA_C3,MatrixRes,GATConv,0,3,3,identity,47,1.0,0.9583333333333334,0.9581699346405229,0.9374999999999999,0.15674658119678497,41.156516790390015,40900
SYN_BA_C3,MatrixRes,GATConv,1,3,3,identity,18,0.9166666666666666,0.9416666666666667,0.941437908496732,0.9125,0.13934633135795593,32.44167351722717,40900
SYN_BA_C3,MatrixRes,GATConv,2,3,3,identity,18,0.9583333333333334,0.95,0.9500000000000001,0.9249999999999999,0.12405126541852951,32.099393129348755,40900
SYN_BA_C3,MatrixRes,GATConv,3,3,3,identity,36,0.9583333333333334,0.9666666666666667,0.9665831244778613,0.9499999999999998,0.10471964627504349,37.30752110481262,40900
SYN_BA_C3,MatrixRes,GATConv,4,3,3,identity,43,0.9791666666666666,0.925,0.9247058823529412,0.8875000000000001,0.311746209859848,37.99013352394104,40900
SYN_BA_C3,MatrixRes,GCNConv,0,3,3,identity,194,1.0,0.9166666666666666,0.9166145507608922,0.8749999999999998,0.7472344636917114,64.52861380577087,39364
SYN_BA_C3,MatrixRes,GCNConv,1,3,3,identity,16,0.875,0.9166666666666666,0.9161952650324744,0.8749999999999998,0.22913973033428192,27.002172231674194,39364
SYN_BA_C3,MatrixRes,GCNConv,2,3,3,identity,32,0.9583333333333334,0.925,0.924894382725708,0.8875000000000001,0.18511095643043518,33.10749268531799,39364
SYN_BA_C3,MatrixRes,GCNConv,3,3,3,identity,23,0.9166666666666666,0.9166666666666666,0.9166666666666666,0.8749999999999998,0.16208115220069885,31.020982027053833,39364
SYN_BA_C3,MatrixRes,GCNConv,4,3,3,identity,26,0.9583333333333334,0.9083333333333333,0.9079738562091503,0.8624999999999998,0.23962527513504028,30.49222445487976,39364
SYN_BA_C3,MatrixRes,GINConv,0,3,3,identity,87,1.0,1.0,1.0,1.0,9.437396641942541e-08,45.35233402252197,89284
SYN_BA_C3,MatrixRes,GINConv,1,3,3,identity,34,1.0,0.9916666666666667,0.991665364379851,0.9875,0.08759675174951553,31.842649459838867,89284
SYN_BA_C3,MatrixRes,GINConv,2,3,3,identity,125,1.0,1.0,1.0,1.0,2.9802317058624794e-08,56.18263864517212,89284
SYN_BA_C3,MatrixRes,GINConv,3,3,3,identity,51,1.0,1.0,1.0,1.0,4.818035108655749e-07,36.74402093887329,89284
SYN_BA_C3,MatrixRes,GINConv,4,3,3,identity,93,1.0,1.0,1.0,1.0,1.3907742513197263e-08,47.397817850112915,89284
SYN_BA_C3,MatrixRes,SAGEConv,0,3,3,identity,113,1.0,0.9416666666666667,0.9412166063087178,0.9125,0.19744567573070526,52.11231303215027,77764
SYN_BA_C3,MatrixRes,SAGEConv,1,3,3,identity,35,0.8333333333333334,0.9083333333333333,0.9079738562091503,0.8624999999999998,0.23923534154891968,31.392465829849243,77764
SYN_BA_C3,MatrixRes,SAGEConv,2,3,3,identity,55,0.9375,0.925,0.924894382725708,0.8875000000000001,0.15192298591136932,36.012264013290405,77764
SYN_BA_C3,MatrixRes,SAGEConv,3,3,3,identity,37,0.8541666666666666,0.875,0.8745098039215686,0.8125,0.24421672523021698,27.663830995559692,77764
SYN_BA_C3,MatrixRes,SAGEConv,4,3,3,identity,57,0.9583333333333334,0.9333333333333333,0.9332916406087137,0.9,0.17298436164855957,35.389511823654175,77764
SYN_BA_C3,Plain,GATConv,0,3,3,identity,22,0.8958333333333334,0.9166666666666666,0.9153439153439153,0.8749999999999998,0.25157052278518677,16.42499804496765,40900
SYN_BA_C3,Plain,GATConv,1,3,3,identity,30,0.9375,0.9333333333333333,0.9332916406087137,0.9,0.1541622430086136,17.630072355270386,40900
SYN_BA_C3,Plain,GATConv,2,3,3,identity,34,0.9166666666666666,0.9583333333333334,0.958326821899255,0.9374999999999999,0.12849895656108856,19.86948037147522,40900
SYN_BA_C3,Plain,GATConv,3,3,3,identity,46,1.0,0.9666666666666667,0.966645820304357,0.9499999999999998,0.12055932730436325,20.607306480407715,40900
SYN_BA_C3,Plain,GATConv,4,3,3,identity,41,1.0,0.925,0.9247058823529412,0.8875000000000001,0.1532750427722931,16.663150310516357,40900
SYN_BA_C3,Plain,GCNConv,0,3,3,identity,159,1.0,0.9166666666666666,0.9164578111946532,0.8749999999999998,0.4281422197818756,28.371893405914307,39364
SYN_BA_C3,Plain,GCNConv,1,3,3,identity,25,0.8958333333333334,0.9166666666666666,0.9153439153439153,0.8749999999999998,0.21476681530475616,11.819483995437622,39364
SYN_BA_C3,Plain,GCNConv,2,3,3,identity,37,0.9583333333333334,0.9416666666666667,0.9416575506589572,0.9125,0.15388111770153046,14.652443170547485,39364
SYN_BA_C3,Plain,GCNConv,3,3,3,identity,23,0.9166666666666666,0.925,0.9249882794186591,0.8875000000000001,0.15879198908805847,13.144350290298462,39364
SYN_BA_C3,Plain,GCNConv,4,3,3,identity,20,0.9583333333333334,0.8916666666666667,0.8902779975734556,0.8374999999999999,0.3344642221927643,9.866821050643921,39364
SYN_BA_C3,Plain,GINConv,0,3,3,identity,91,1.0,1.0,1.0,1.0,4.500133172768983e-07,19.843704223632812,89284
SYN_BA_C3,Plain,GINConv,1,3,3,identity,148,1.0,1.0,1.0,1.0,3.288155858172104e-05,26.201232194900513,89284
SYN_BA_C3,Plain,GINConv,2,3,3,identity,110,1.0,1.0,1.0,1.0,3.8246162148425356e-07,25.381367683410645,89284
SYN_BA_C3,Plain,GINConv,3,3,3,identity,113,1.0,1.0,1.0,1.0,7.828057846381853e-07,25.627031087875366,89284
SYN_BA_C3,Plain,GINConv,4,3,3,identity,107,1.0,1.0,1.0,1.0,1.58537170591444e-06,21.997751235961914,89284
SYN_BA_C3,Plain,SAGEConv,0,3,3,identity,37,0.875,0.8166666666666667,0.8016677935542033,0.725,0.4121268391609192,13.863086462020874,77764
SYN_BA_C3,Plain,SAGEConv,1,3,3,identity,10,0.8333333333333334,0.8833333333333333,0.8796475392220073,0.825,0.30571576952934265,10.46518349647522,77764
SYN_BA_C3,Plain,SAGEConv,2,3,3,identity,15,0.8541666666666666,0.8833333333333333,0.8814814814814814,0.825,0.2721349596977234,9.484732627868652,77764
SYN_BA_C3,Plain,SAGEConv,3,3,3,identity,11,0.8333333333333334,0.875,0.8740355849472524,0.8125,0.2997255325317383,10.04958438873291,77764
SYN_BA_C3,Plain,SAGEConv,4,3,3,identity,15,0.9166666666666666,0.875,0.8733976895078336,0.8125,0.2657283544540405,10.889182329177856,77764
SYN_BA_C3,VerticalRes,GATConv,0,3,3,identity,85,1.0,0.9666666666666667,0.9665831244778613,0.9499999999999998,0.13815762102603912,32.489338397979736,40900
SYN_BA_C3,VerticalRes,GATConv,1,3,3,identity,24,0.8541666666666666,0.925,0.9244213509683514,0.8875000000000001,0.2156812846660614,19.942862510681152,40900
SYN_BA_C3,VerticalRes,GATConv,2,3,3,identity,155,0.9583333333333334,0.9416666666666667,0.9416575506589572,0.9125,0.15888136625289917,46.654956102371216,40900
SYN_BA_C3,VerticalRes,GATConv,3,3,3,identity,71,0.9583333333333334,0.9,0.8999374609130707,0.8499999999999999,0.2154628187417984,31.878962993621826,40900
SYN_BA_C3,VerticalRes,GATConv,4,3,3,identity,170,1.0,0.925,0.9244213509683514,0.8875000000000001,0.4795672595500946,42.394476652145386,40900
SYN_BA_C3,VerticalRes,GCNConv,0,3,3,identity,93,1.0,0.9166666666666666,0.9164578111946532,0.8749999999999998,0.3732580840587616,26.446077585220337,39364
SYN_BA_C3,VerticalRes,GCNConv,1,3,3,identity,16,0.8958333333333334,0.925,0.9247058823529412,0.8875000000000001,0.1688251793384552,14.063334226608276,39364
SYN_BA_C3,VerticalRes,GCNConv,2,3,3,identity,37,0.9583333333333334,0.9333333333333333,0.9331662489557226,0.9,0.2055540382862091,17.694310903549194,39364
SYN_BA_C3,VerticalRes,GCNConv,3,3,3,identity,17,0.8958333333333334,0.9166666666666666,0.9166145507608922,0.8749999999999998,0.15964767336845398,13.934144258499146,39364
SYN_BA_C3,VerticalRes,GCNConv,4,3,3,identity,19,0.9583333333333334,0.9166666666666666,0.9164578111946532,0.8749999999999998,0.2494644820690155,15.188809871673584,39364
SYN_BA_C3,VerticalRes,GINConv,0,3,3,identity,99,1.0,1.0,1.0,1.0,3.964244569942821e-06,26.912864923477173,89284
SYN_BA_C3,VerticalRes,GINConv,1,3,3,identity,52,1.0,1.0,1.0,1.0,3.3775501151467324e-07,20.058690071105957,89284
SYN_BA_C3,VerticalRes,GINConv,2,3,3,identity,35,1.0,1.0,1.0,1.0,2.170385414501652e-06,17.928050994873047,89284
SYN_BA_C3,VerticalRes,GINConv,3,3,3,identity,69,1.0,1.0,1.0,1.0,9.099494491238147e-05,18.52830147743225,89284
SYN_BA_C3,VerticalRes,GINConv,4,3,3,identity,90,1.0,1.0,1.0,1.0,3.2186460430239094e-07,27.28468132019043,89284
SYN_BA_C3,VerticalRes,SAGEConv,0,3,3,identity,64,1.0,0.9416666666666667,0.941437908496732,0.9125,0.17051349580287933,22.90667223930359,77764
SYN_BA_C3,VerticalRes,SAGEConv,1,3,3,identity,19,0.7708333333333334,0.9083333333333333,0.9065668630886022,0.8624999999999998,0.3058502972126007,14.319246768951416,77764
SYN_BA_C3,VerticalRes,SAGEConv,2,3,3,identity,60,0.9375,0.95,0.9500000000000001,0.9249999999999999,0.1354421079158783,19.943118572235107,77764
SYN_BA_C3,VerticalRes,SAGEConv,3,3,3,identity,29,0.875,0.8916666666666667,0.8902779975734556,0.8374999999999999,0.22431011497974396,14.710322618484497,77764
SYN_BA_C3,VerticalRes,SAGEConv,4,3,3,identity,45,0.9583333333333334,0.9416666666666667,0.9416575506589572,0.9125,0.1577637642621994,16.005023956298828,77764
SYN_BA_C4,HorizontalRes,GATConv,0,4,3,identity,44,0.921875,0.91875,0.9187588176509778,0.8916666666666666,0.19974657893180847,35.20914316177368,40965
SYN_BA_C4,HorizontalRes,GATConv,1,4,3,identity,36,0.921875,0.88125,0.8812314424128771,0.8416666666666667,0.2442818135023117,33.072813749313354,40965
SYN_BA_C4,HorizontalRes,GATConv,2,4,3,identity,19,0.90625,0.88125,0.8803338056998898,0.8416666666666667,0.2436259239912033,28.17112135887146,40965
SYN_BA_C4,HorizontalRes,GATConv,3,4,3,identity,73,0.90625,0.90625,0.9058823529411765,0.875,0.2829088568687439,46.32376837730408,40965
SYN_BA_C4,HorizontalRes,GATConv,4,4,3,identity,66,0.984375,0.90625,0.9055147058823529,0.875,0.2623130977153778,41.20591855049133,40965
SYN_BA_C4,HorizontalRes,GCNConv,0,4,3,identity,27,0.921875,0.9125,0.9120228612098531,0.8833333333333333,0.23042511940002441,24.848634481430054,39429
SYN_BA_C4,HorizontalRes,GCNConv,1,4,3,identity,17,0.859375,0.86875,0.8676749251461895,0.8250000000000001,0.24914102256298065,21.585723638534546,39429
SYN_BA_C4,HorizontalRes,GCNConv,2,4,3,identity,24,0.875,0.89375,0.8933333333333333,0.8583333333333334,0.2784862518310547,21.877952575683594,39429
SYN_BA_C4,HorizontalRes,GCNConv,3,4,3,identity,39,0.90625,0.875,0.8763736263736264,0.8333333333333334,0.3022177219390869,29.243462085723877,39429
SYN_BA_C4,HorizontalRes,GCNConv,4,4,3,identity,38,0.953125,0.9,0.8976893329810487,0.8666666666666667,0.20934374630451202,29.312429189682007,39429
SYN_BA_C4,HorizontalRes,GINConv,0,4,3,identity,69,1.0,1.0,1.0,1.0,2.0034181034134235e-06,34.96089196205139,89349
SYN_BA_C4,HorizontalRes,GINConv,1,4,3,identity,118,1.0,1.0,1.0,1.0,1.303847909639444e-07,51.67713642120361,89349
SYN_BA_C4,HorizontalRes,GINConv,2,4,3,identity,177,1.0,0.99375,0.9937490232848882,0.9916666666666667,0.0225511621683836,54.73212695121765,89349
SYN_BA_C4,HorizontalRes,GINConv,3,4,3,identity,110,1.0,1.0,1.0,1.0,2.6940074349113274e-06,48.05354833602905,89349
SYN_BA_C4,HorizontalRes,GINConv,4,4,3,identity,136,1.0,1.0,1.0,1.0,7.934690984257031e-07,57.42662715911865,89349
SYN_BA_C4,HorizontalRes,SAGEConv,0,4,3,identity,27,0.8125,0.85625,0.8473472504879744,0.8083333333333332,0.310565710067749,25.910414457321167,77829
SYN_BA_C4,HorizontalRes,SAGEConv,1,4,3,identity,26,0.828125,0.80625,0.788257092129982,0.7416666666666667,0.3387523591518402,22.29127311706543,77829
SYN_BA_C4,HorizontalRes,SAGEConv,2,4,3,identity,30,0.828125,0.84375,0.8320797102363795,0.7916666666666666,0.3112820088863373,22.64047122001648,77829
SYN_BA_C4,HorizontalRes,SAGEConv,3,4,3,identity,18,0.75,0.79375,0.7794607409039487,0.725,0.43239402770996094,19.898415088653564,77829
SYN_BA_C4,HorizontalRes,SAGEConv,4,4,3,identity,21,0.828125,0.81875,0.8067885666246322,0.7583333333333333,0.35435304045677185,20.33613610267639,77829
SYN_BA_C4,MatrixResGated,GATConv,0,4,3,sparse,25,0.9375,0.9375,0.9368686868686869,0.9166666666666666,0.13006412982940674,48.35347652435303,40965
SYN_BA_C4,MatrixResGated,GATConv,1,4,3,sparse,16,0.859375,0.91875,0.9186766984496603,0.8916666666666666,0.22751028835773468,42.76069474220276,40965
SYN_BA_C4,MatrixResGated,GATConv,2,4,3,sparse,19,0.859375,0.8625,0.8593350383631713,0.8166666666666668,0.27192753553390503,45.39376950263977,40965
SYN_BA_C4,MatrixResGated,GATConv,3,4,3,sparse,16,0.859375,0.86875,0.8703101109403535,0.8250000000000001,0.2991548478603363,44.38116383552551,40965
SYN_BA_C4,MatrixResGated,GATConv,4,4,3,sparse,37,0.953125,0.925,0.924812030075188,0.9,0.18710553646087646,53.52603721618652,40965
SYN_BA_C4,MatrixResGated,GCNConv,0,4,3,sparse,38,0.9375,0.91875,0.9192172780704121,0.8916666666666666,0.18308869004249573,45.16988778114319,39429
SYN_BA_C4,MatrixResGated,GCNConv,1,4,3,sparse,31,0.890625,0.8875,0.8864275612822125,0.85,0.19622938334941864,41.81089544296265,39429
SYN_BA_C4,MatrixResGated,GCNConv,2,4,3,sparse,22,0.90625,0.85,0.8483896185115698,0.7999999999999999,0.32607656717300415,39.85028576850891,39429
SYN_BA_C4,MatrixResGated,GCNConv,3,4,3,sparse,69,0.90625,0.8875,0.888246560350219,0.85,0.3316039443016052,59.17813014984131,39429
SYN_BA_C4,MatrixResGated,GCNConv,4,4,3,sparse,69,0.953125,0.95,0.9502305047663697,0.9333333333333332,0.1567002385854721,61.90716552734375,39429
SYN_BA_C4,MatrixResGated,GINConv,0,4,3,sparse,65,1.0,1.0,1.0,1.0,0.0005028353771194816,56.98491358757019,89349
SYN_BA_C4,MatrixResGated,GINConv,1,4,3,sparse,117,1.0,1.0,1.0,1.0,9.380109986523166e-07,75.5056357383728,89349
SYN_BA_C4,MatrixResGated,GINConv,2,4,3,sparse,48,1.0,0.99375,0.9937490232848882,0.9916666666666667,0.03396325930953026,51.27147674560547,89349
SYN_BA_C4,MatrixResGated,GINConv,3,4,3,sparse,130,1.0,1.0,1.0,1.0,2.0146278984611854e-05,79.57492303848267,89349
SYN_BA_C4,MatrixResGated,GINConv,4,4,3,sparse,88,1.0,1.0,1.0,1.0,8.08695131127024e-06,63.71378684043884,89349
SYN_BA_C4,MatrixResGated,SAGEConv,0,4,3,sparse,78,0.921875,0.9375,0.9376211694809256,0.9166666666666666,0.15146544575691223,62.04763150215149,77829
SYN_BA_C4,MatrixResGated,SAGEConv,1,4,3,sparse,61,0.890625,0.90625,0.9055266887104393,0.875,0.20139403641223907,51.785770893096924,77829
SYN_BA_C4,MatrixResGated,SAGEConv,2,4,3,sparse,54,0.90625,0.875,0.8711863662844055,0.8333333333333334,0.2673488259315491,50.55755376815796,77829
SYN_BA_C4,MatrixResGated,SAGEConv,3,4,3,sparse,51,0.9375,0.86875,0.868235294117647,0.8250000000000001,0.2666398882865906,47.6447434425354,77829
SYN_BA_C4,MatrixResGated,SAGEConv,4,4,3,sparse,73,0.984375,0.9375,0.9373433583959899,0.9166666666666666,0.14674869179725647,55.88110661506653,77829
SYN_BA_C4,MatrixRes,GATConv,0,4,3,identity,59,0.9375,0.9625,0.9624999999999999,0.9500000000000001,0.13138850033283234,62.19545078277588,40965
SYN_BA_C4,MatrixRes,GATConv,1,4,3,identity,19,0.875,0.9125,0.9129609841635158,0.8833333333333333,0.21625414490699768,45.884501218795776,40965
SYN_BA_C4,MatrixRes,GATConv,2,4,3,identity,29,0.90625,0.875,0.8749804656977652,0.8333333333333334,0.2732703685760498,48.336530447006226,40965
SYN_BA_C4,MatrixRes,GATConv,3,4,3,identity,16,0.859375,0.875,0.8762116948092558,0.8333333333333334,0.2931423783302307,42.755244970321655,40965
SYN_BA_C4,MatrixRes,GATConv,4,4,3,identity,36,0.96875,0.94375,0.9435294117647058,0.9249999999999999,0.1547141969203949,52.37659001350403,40965
SYN_BA_C4,MatrixRes,GCNConv,0,4,3,identity,56,0.9375,0.91875,0.9187373027035475,0.8916666666666666,0.17746275663375854,51.39023947715759,39429
SYN_BA_C4,MatrixRes,GCNConv,1,4,3,identity,69,0.890625,0.9125,0.911983082706767,0.8833333333333333,0.17838509380817413,56.681286334991455,39429
SYN_BA_C4,MatrixRes,GCNConv,2,4,3,identity,24,0.875,0.88125,0.8800088183421516,0.8416666666666667,0.27966707944869995,41.33574032783508,39429
SYN_BA_C4,MatrixRes,GCNConv,3,4,3,identity,58,0.96875,0.88125,0.8806309654201221,0.8416666666666667,0.29899367690086365,53.8170371055603,39429
SYN_BA_C4,MatrixRes,GCNConv,4,4,3,identity,59,0.953125,0.94375,0.9440243935821182,0.9249999999999999,0.1547231674194336,55.650906562805176,39429
SYN_BA_C4,MatrixRes,GINConv,0,4,3,identity,80,1.0,1.0,1.0,1.0,7.502711127926887e-07,62.23732566833496,89349
SYN_BA_C4,MatrixRes,GINConv,1,4,3,identity,116,1.0,1.0,1.0,1.0,8.843686600812362e-07,73.82213401794434,89349
SYN_BA_C4,MatrixRes,GINConv,2,4,3,identity,132,1.0,1.0,1.0,1.0,4.794847882294562e-06,80.78177261352539,89349
SYN_BA_C4,MatrixRes,GINConv,3,4,3,identity,114,1.0,1.0,1.0,1.0,0.0022557410411536694,76.79912686347961,89349
SYN_BA_C4,MatrixRes,GINConv,4,4,3,identity,93,1.0,1.0,1.0,1.0,2.257511795278333e-07,68.46420001983643,89349
SYN_BA_C4,MatrixRes,SAGEConv,0,4,3,identity,81,0.90625,0.9375,0.9381019387116948,0.9166666666666666,0.1586517095565796,60.86974096298218,77829
SYN_BA_C4,MatrixRes,SAGEConv,1,4,3,identity,61,0.890625,0.90625,0.9055266887104393,0.875,0.20397619903087616,52.40928339958191,77829
SYN_BA_C4,MatrixRes,SAGEConv,2,4,3,identity,51,0.890625,0.8875,0.8874296435272044,0.85,0.2687312662601471,46.56004357337952,77829
SYN_BA_C4,MatrixRes,SAGEConv,3,4,3,identity,51,0.921875,0.85,0.8500000000000001,0.7999999999999999,0.2660345137119293,46.29608750343323,77829
SYN_BA_C4,MatrixRes,SAGEConv,4,4,3,identity,73,0.984375,0.93125,0.9311531841652324,0.9083333333333333,0.14636191725730896,55.685800075531006,77829
SYN_BA_C4,Plain,GATConv,0,4,3,identity,124,0.9375,0.9125,0.9124452782989367,0.8833333333333333,0.26634907722473145,46.93738913536072,40965
SYN_BA_C4,Plain,GATConv,1,4,3,identity,31,0.859375,0.925,0.924812030075188,0.9,0.21400293707847595,25.727389097213745,40965
SYN_BA_C4,Plain,GATConv,2,4,3,identity,33,0.921875,0.875,0.87347682831733,0.8333333333333334,0.29091089963912964,27.042274236679077,40965
SYN_BA_C4,Plain,GATConv,3,4,3,identity,40,0.90625,0.9,0.899749373433584,0.8666666666666667,0.23702168464660645,27.568761587142944,40965
SYN_BA_C4,Plain,GATConv,4,4,3,identity,40,0.96875,0.925,0.925,0.9,0.1954725980758667,22.733852863311768,40965
SYN_BA_C4,Plain,GCNConv,0,4,3,identity,38,0.90625,0.89375,0.8926976197472818,0.8583333333333334,0.22594992816448212,19.073891162872314,39429
SYN_BA_C4,Plain,GCNConv,1,4,3,identity,43,0.90625,0.90625,0.9054540761857834,0.875,0.2199248969554901,22.05314826965332,39429
SYN_BA_C4,Plain,GCNConv,2,4,3,identity,24,0.890625,0.875,0.8732349165596918,0.8333333333333334,0.2765389680862427,16.633664846420288,39429
SYN_BA_C4,Plain,GCNConv,3,4,3,identity,98,0.9375,0.86875,0.8688877168307549,0.8250000000000001,0.3379320502281189,31.969369888305664,39429
SYN_BA_C4,Plain,GCNConv,4,4,3,identity,38,0.96875,0.91875,0.9177274618173173,0.8916666666666666,0.17005252838134766,21.527839183807373,39429
SYN_BA_C4,Plain,GINConv,0,4,3,identity,77,1.0,1.0,1.0,1.0,0.00016395117563661188,27.206491708755493,89349
SYN_BA_C4,Plain,GINConv,1,4,3,identity,102,1.0,1.0,1.0,1.0,1.913990217872197e-06,31.886014461517334,89349
SYN_BA_C4,Plain,GINConv,2,4,3,identity,94,1.0,1.0,1.0,1.0,0.00034595158649608493,29.367865085601807,89349
SYN_BA_C4,Plain,GINConv,3,4,3,identity,115,1.0,1.0,1.0,1.0,1.0542001291469205e-05,35.6767201423645,89349
SYN_BA_C4,Plain,GINConv,4,4,3,identity,197,1.0,1.0,1.0,1.0,4.604961304721655e-06,42.20931124687195,89349
SYN_BA_C4,Plain,SAGEConv,0,4,3,identity,40,0.84375,0.8375,0.8238284703801946,0.7833333333333333,0.30387452244758606,19.278175354003906,77829
SYN_BA_C4,Plain,SAGEConv,1,4,3,identity,20,0.828125,0.8375,0.8240868658702478,0.7833333333333333,0.31760579347610474,16.43722152709961,77829
SYN_BA_C4,Plain,SAGEConv,2,4,3,identity,26,0.8125,0.725,0.6944476594077742,0.6333333333333333,0.4436074197292328,15.912166595458984,77829
SYN_BA_C4,Plain,SAGEConv,3,4,3,identity,9,0.78125,0.76875,0.7498032917988804,0.6916666666666668,0.47734755277633667,12.627614736557007,77829
SYN_BA_C4,Plain,SAGEConv,4,4,3,identity,21,0.890625,0.84375,0.8356555580370066,0.7916666666666666,0.31103992462158203,14.166297674179077,77829
SYN_BA_C4,VerticalRes,GATConv,0,4,3,identity,92,0.921875,0.925,0.9241909005628518,0.9,0.23877377808094025,47.36654043197632,40965
SYN_BA_C4,VerticalRes,GATConv,1,4,3,identity,77,0.921875,0.89375,0.8934983967184722,0.8583333333333334,0.25564661622047424,44.46273374557495,40965
SYN_BA_C4,VerticalRes,GATConv,2,4,3,identity,54,0.9375,0.89375,0.8936003755280864,0.8583333333333334,0.27338457107543945,35.80448317527771,40965
SYN_BA_C4,VerticalRes,GATConv,3,4,3,identity,49,0.9375,0.89375,0.8936003755280864,0.8583333333333334,0.2249033898115158,35.34032392501831,40965
SYN_BA_C4,VerticalRes,GATConv,4,4,3,identity,46,0.953125,0.9375,0.936710402262728,0.9166666666666666,0.1628831923007965,32.55937433242798,40965
SYN_BA_C4,VerticalRes,GCNConv,0,4,3,identity,106,0.953125,0.90625,0.9066841617783266,0.875,0.2073804885149002,40.34378743171692,39429
SYN_BA_C4,VerticalRes,GCNConv,1,4,3,identity,31,0.890625,0.89375,0.8916142619257519,0.8583333333333334,0.22164590656757355,23.010443449020386,39429
SYN_BA_C4,VerticalRes,GCNConv,2,4,3,identity,24,0.90625,0.88125,0.8803472197781141,0.8416666666666667,0.2814732491970062,20.344156742095947,39429
SYN_BA_C4,VerticalRes,GCNConv,3,4,3,identity,69,0.9375,0.88125,0.8806309654201221,0.8416666666666667,0.307021826505661,31.382510662078857,39429
SYN_BA_C4,VerticalRes,GCNConv,4,4,3,identity,60,0.953125,0.95625,0.9563908613769682,0.9416666666666668,0.14248642325401306,33.0425124168396,39429
SYN_BA_C4,VerticalRes,GINConv,0,4,3,identity,128,1.0,1.0,1.0,1.0,8.039056638153852e-07,45.65639853477478,89349
SYN_BA_C4,VerticalRes,GINConv,1,4,3,identity,165,1.0,1.0,1.0,1.0,7.189667599050154e-07,49.752164125442505,89349
SYN_BA_C4,VerticalRes,GINConv,2,4,3,identity,103,1.0,0.9875,0.9874921826141339,0.9833333333333334,0.05961339920759201,39.78283381462097,89349
SYN_BA_C4,VerticalRes,GINConv,3,4,3,identity,150,1.0,1.0,1.0,1.0,8.755538874538615e-05,50.56565833091736,89349
SYN_BA_C4,VerticalRes,GINConv,4,4,3,identity,109,1.0,1.0,1.0,1.0,4.253434326528804e-06,40.57993531227112,89349
SYN_BA_C4,VerticalRes,SAGEConv,0,4,3,identity,78,0.9375,0.95,0.9499687304565353,0.9333333333333332,0.15324614942073822,33.53941988945007,77829
SYN_BA_C4,VerticalRes,SAGEConv,1,4,3,identity,51,0.90625,0.89375,0.8924113375332887,0.8583333333333334,0.24788586795330048,25.032910346984863,77829
SYN_BA_C4,VerticalRes,SAGEConv,2,4,3,identity,28,0.84375,0.85625,0.8494518082146948,0.8083333333333332,0.281900018453598,19.912238359451294,77829
SYN_BA_C4,VerticalRes,SAGEConv,3,4,3,identity,46,0.9375,0.90625,0.906117978407135,0.875,0.23702625930309296,22.593366622924805,77829
SYN_BA_C4,VerticalRes,SAGEConv,4,4,3,identity,50,0.9375,0.9125,0.9116452991452991,0.8833333333333333,0.18501166999340057,24.217849493026733,77829
SYN_BA_C5,HorizontalRes,GATConv,0,5,3,identity,22,0.7125,0.82,0.8138589385628994,0.7749999999999998,0.4303331673145294,30.001340866088867,41030
SYN_BA_C5,HorizontalRes,GATConv,1,5,3,identity,35,0.775,0.79,0.7891679591734627,0.7375,0.47194844484329224,37.28123617172241,41030
SYN_BA_C5,HorizontalRes,GATConv,2,5,3,identity,38,0.8875,0.805,0.8011427873496839,0.75625,0.5219037532806396,38.208904504776,41030
SYN_BA_C5,HorizontalRes,GATConv,3,5,3,identity,20,0.875,0.77,0.7737343358395989,0.7125,0.5128628611564636,31.36561632156372,41030
SYN_BA_C5,HorizontalRes,GATConv,4,5,3,identity,26,0.775,0.77,0.7749441170493802,0.7125,0.4755750298500061,30.66935396194458,41030
SYN_BA_C5,HorizontalRes,GCNConv,0,5,3,identity,18,0.75,0.76,0.7502633477633478,0.7000000000000001,0.5105316042900085,22.743573665618896,39494
SYN_BA_C5,HorizontalRes,GCNConv,1,5,3,identity,13,0.8125,0.715,0.7024646394806484,0.6437499999999998,0.5438550710678101,19.90599298477173,39494
SYN_BA_C5,HorizontalRes,GCNConv,2,5,3,identity,19,0.8125,0.785,0.7861333442933528,0.73125,0.453581303358078,25.100674629211426,39494
SYN_BA_C5,HorizontalRes,GCNConv,3,5,3,identity,13,0.8,0.735,0.7182324200674037,0.6687499999999998,0.5936586856842041,21.48118233680725,39494
SYN_BA_C5,HorizontalRes,GCNConv,4,5,3,identity,21,0.7375,0.785,0.7660662177328843,0.73125,0.5056484937667847,24.68902015686035,39494
SYN_BA_C5,HorizontalRes,GINConv,0,5,3,identity,145,1.0,0.995,0.9949992186279106,0.9937499999999999,0.011653724126517773,58.21763777732849,89414
SYN_BA_C5,HorizontalRes,GINConv,1,5,3,identity,112,1.0,0.995,0.9949992186279106,0.9937499999999999,0.018450342118740082,53.6880099773407,89414
SYN_BA_C5,HorizontalRes,GINConv,2,5,3,identity,118,1.0,0.995,0.9949992186279106,0.9937499999999999,0.022869152948260307,53.9217791557312,89414
SYN_BA_C5,HorizontalRes,GINConv,3,5,3,identity,141,1.0,1.0,1.0,1.0,0.00044290078221820295,57.77924370765686,89414
SYN_BA_C5,HorizontalRes,GINConv,4,5,3,identity,121,1.0,1.0,1.0,1.0,0.0015324390260502696,55.67604160308838,89414
SYN_BA_C5,HorizontalRes,SAGEConv,0,5,3,identity,12,0.675,0.63,0.6009499583902523,0.5375,0.8926242589950562,19.65079951286316,77894
SYN_BA_C5,HorizontalRes,SAGEConv,1,5,3,identity,39,0.7875,0.76,0.7512354312354314,0.7000000000000001,0.4754502475261688,26.768924474716187,77894
SYN_BA_C5,HorizontalRes,SAGEConv,2,5,3,identity,17,0.6875,0.645,0.6176101100319582,0.55625,0.7111921906471252,21.300004959106445,77894
SYN_BA_C5,HorizontalRes,SAGEConv,3,5,3,identity,17,0.6375,0.605,0.5872886683209263,0.50625,0.899513840675354,20.68088388442993,77894
SYN_BA_C5,HorizontalRes,SAGEConv,4,5,3,identity,29,0.7375,0.755,0.7420472624997881,0.6937499999999999,0.527982234954834,24.27663493156433,77894
SYN_BA_C5,MatrixResGated,GATConv,0,5,3,sparse,45,0.8,0.81,0.800984970477724,0.7625000000000001,0.4558615982532501,62.68910336494446,41030
SYN_BA_C5,MatrixResGated,GATConv,1,5,3,sparse,25,0.7875,0.77,0.7665943913913168,0.7125,0.4437099099159241,52.38375663757324,41030
SYN_BA_C5,MatrixResGated,GATConv,2,5,3,sparse,79,0.8375,0.805,0.8061783045736833,0.75625,0.48822471499443054,79.6730887889862,41030
SYN_BA_C5,MatrixResGated,GATConv,3,5,3,sparse,24,0.775,0.76,0.7530733709411495,0.7000000000000001,0.4857825040817261,49.94410300254822,41030
SYN_BA_C5,MatrixResGated,GATConv,4,5,3,sparse,32,0.8625,0.8,0.7976754850088184,0.7500000000000001,0.43047282099723816,54.54622673988342,41030
SYN_BA_C5,MatrixResGated,GCNConv,0,5,3,sparse,18,0.7625,0.78,0.7700946576474003,0.7250000000000001,0.4856138527393341,41.33993458747864,39494
SYN_BA_C5,MatrixResGated,GCNConv,1,5,3,sparse,30,0.8,0.745,0.7357692415218391,0.6812499999999999,0.5349723696708679,45.29665565490723,39494
SYN_BA_C5,MatrixResGated,GCNConv,2,5,3,sparse,29,0.775,0.8,0.796026751026751,0.7500000000000001,0.4453829526901245,43.7971408367157,39494
SYN_BA_C5,MatrixResGated,GCNConv,3,5,3,sparse,17,0.825,0.735,0.7259244661876953,0.6687499999999998,0.5826410055160522,40.86888360977173,39494
SYN_BA_C5,MatrixResGated,GCNConv,4,5,3,sparse,75,0.8375,0.79,0.783038030146827,0.7375,0.47934383153915405,69.55783176422119,39494
SYN_BA_C5,MatrixResGated,GINConv,0,5,3,sparse,100,1.0,1.0,1.0,1.0,0.00014014379121363163,71.03799200057983,89414
SYN_BA_C5,MatrixResGated,GINConv,1,5,3,sparse,126,1.0,1.0,1.0,1.0,0.0005304811056703329,88.48197317123413,89414
SYN_BA_C5,MatrixResGated,GINConv,2,5,3,sparse,130,1.0,1.0,1.0,1.0,0.00016636426153127104,89.43053650856018,89414
SYN_BA_C5,MatrixResGated,GINConv,3,5,3,sparse,239,1.0,1.0,1.0,1.0,4.8421778046758845e-05,101.52340602874756,89414
SYN_BA_C5,MatrixResGated,GINConv,4,5,3,sparse,175,1.0,1.0,1.0,1.0,0.0030750208534300327,98.0406424999237,89414
SYN_BA_C5,MatrixResGated,SAGEConv,0,5,3,sparse,51,0.8,0.825,0.8167119220882662,0.78125,0.41846320033073425,56.52478289604187,77894
SYN_BA_C5,MatrixResGated,SAGEConv,1,5,3,sparse,66,0.8,0.78,0.78049758662708,0.7250000000000001,0.42392072081565857,57.27580904960632,77894
SYN_BA_C5,MatrixResGated,SAGEConv,2,5,3,sparse,74,0.7875,0.825,0.8224064349257357,0.78125,0.3830096125602722,59.75031518936157,77894
SYN_BA_C5,MatrixResGated,SAGEConv,3,5,3,sparse,41,0.8125,0.79,0.784416260659952,0.7375,0.46832019090652466,47.965840578079224,77894
SYN_BA_C5,MatrixResGated,SAGEConv,4,5,3,sparse,74,0.7875,0.83,0.8238951304886764,0.7874999999999999,0.40184125304222107,62.226712465286255,77894
SYN_BA_C5,MatrixRes,GATConv,0,5,3,identity,45,0.8,0.81,0.8014791381458048,0.7625000000000001,0.46806958317756653,62.64902400970459,41030
SYN_BA_C5,MatrixRes,GATConv,1,5,3,identity,25,0.8375,0.73,0.7230603858177442,0.6625,0.4636080861091614,52.529948472976685,41030
SYN_BA_C5,MatrixRes,GATConv,2,5,3,identity,68,0.825,0.83,0.8292770187840143,0.7874999999999999,0.4376883804798126,69.3278341293335,41030
SYN_BA_C5,MatrixRes,GATConv,3,5,3,identity,31,0.8125,0.765,0.7657343358395989,0.7062499999999999,0.5242077708244324,52.763697147369385,41030
SYN_BA_C5,MatrixRes,GATConv,4,5,3,identity,47,0.8,0.81,0.8027522993508333,0.7625000000000001,0.4306236207485199,59.993876695632935,41030
SYN_BA_C5,MatrixRes,GCNConv,0,5,3,identity,24,0.75,0.765,0.7528197132794834,0.7062499999999999,0.46648338437080383,44.04164958000183,39494
SYN_BA_C5,MatrixRes,GCNConv,1,5,3,identity,29,0.85,0.74,0.7376296754725798,0.675,0.5212000012397766,44.42299556732178,39494
SYN_BA_C5,MatrixRes,GCNConv,2,5,3,identity,29,0.7875,0.805,0.7985897435897436,0.75625,0.4360034167766571,42.69684958457947,39494
SYN_BA_C5,MatrixRes,GCNConv,3,5,3,identity,17,0.8125,0.76,0.7604763491005995,0.7000000000000001,0.5534489154815674,39.421921730041504,39494
SYN_BA_C5,MatrixRes,GCNConv,4,5,3,identity,93,0.85,0.785,0.7776229190863339,0.73125,0.491984486579895,73.34856534004211,39494
SYN_BA_C5,MatrixRes,GINConv,0,5,3,identity,83,1.0,0.995,0.9949992186279106,0.9937499999999999,0.006785992998629808,64.849440574646,89414
SYN_BA_C5,MatrixRes,GINConv,1,5,3,identity,109,1.0,1.0,1.0,1.0,0.00014811842993367463,75.11056208610535,89414
SYN_BA_C5,MatrixRes,GINConv,2,5,3,identity,72,1.0,1.0,1.0,1.0,0.00046009206562303007,63.29558086395264,89414
SYN_BA_C5,MatrixRes,GINConv,3,5,3,identity,210,1.0,1.0,1.0,1.0,1.2621802852663677e-05,100.06523060798645,89414
SYN_BA_C5,MatrixRes,GINConv,4,5,3,identity,159,1.0,1.0,1.0,1.0,2.8294896765146405e-05,95.32424736022949,89414
SYN_BA_C5,MatrixRes,SAGEConv,0,5,3,identity,51,0.825,0.815,0.8064459958273151,0.7687499999999999,0.4197147488594055,56.957024335861206,77894
SYN_BA_C5,MatrixRes,SAGEConv,1,5,3,identity,51,0.85,0.775,0.7730412062361083,0.7187499999999999,0.4046630859375,50.18136978149414,77894
SYN_BA_C5,MatrixRes,SAGEConv,2,5,3,identity,74,0.8,0.825,0.8244491390518608,0.78125,0.3997073471546173,58.17500638961792,77894
SYN_BA_C5,MatrixRes,SAGEConv,3,5,3,identity,67,0.85,0.8,0.7973101616579877,0.7500000000000001,0.461630642414093,55.41162443161011,77894
SYN_BA_C5,MatrixRes,SAGEConv,4,5,3,identity,55,0.7625,0.805,0.8017090162659782,0.75625,0.4106278121471405,53.184730768203735,77894
SYN_BA_C5,Plain,GATConv,0,5,3,identity,30,0.7375,0.775,0.7654196528386817,0.7187499999999999,0.4616706073284149,27.18714952468872,41030
SYN_BA_C5,Plain,GATConv,1,5,3,identity,60,0.8125,0.78,0.7811099365750529,0.7250000000000001,0.6083383560180664,36.699326038360596,41030
SYN_BA_C5,Plain,GATConv,2,5,3,identity,92,0.8625,0.87,0.8695717683687801,0.8374999999999999,0.3706723153591156,46.160727739334106,41030
SYN_BA_C5,Plain,GATConv,3,5,3,identity,46,0.8625,0.795,0.7973434230066794,0.7437499999999999,0.49345192313194275,31.195205450057983,41030
SYN_BA_C5,Plain,GATConv,4,5,3,identity,66,0.8125,0.82,0.8189404638609045,0.7749999999999998,0.4555679261684418,34.97334837913513,41030
SYN_BA_C5,Plain,GCNConv,0,5,3,identity,30,0.7625,0.755,0.7391767016980489,0.6937499999999999,0.4700915813446045,19.645995140075684,39494
SYN_BA_C5,Plain,GCNConv,1,5,3,identity,28,0.8,0.715,0.7083646052656095,0.6437499999999998,0.5277019143104553,19.724565267562866,39494
SYN_BA_C5,Plain,GCNConv,2,5,3,identity,34,0.7875,0.805,0.7997803234621307,0.75625,0.43883994221687317,20.93128514289856,39494
SYN_BA_C5,Plain,GCNConv,3,5,3,identity,23,0.8125,0.725,0.7081424699961285,0.6562499999999999,0.5940840244293213,17.42986488342285,39494
SYN_BA_C5,Plain,GCNConv,4,5,3,identity,118,0.8125,0.79,0.7848255501878689,0.7375,0.5070403218269348,41.4155433177948,39494
SYN_BA_C5,Plain,GINConv,0,5,3,identity,145,1.0,0.995,0.9949992186279106,0.9937499999999999,0.0045984298922121525,41.23378562927246,89414
SYN_BA_C5,Plain,GINConv,1,5,3,identity,158,1.0,1.0,1.0,1.0,0.004524596035480499,44.515949726104736,89414
SYN_BA_C5,Plain,GINConv,2,5,3,identity,152,1.0,0.995,0.9949992186279106,0.9937499999999999,0.01667516678571701,44.02183485031128,89414
SYN_BA_C5,Plain,GINConv,3,5,3,identity,165,1.0,0.99,0.9899937460913071,0.9875,0.017459627240896225,42.65015459060669,89414
SYN_BA_C5,Plain,GINConv,4,5,3,identity,136,1.0,0.995,0.9949992186279106,0.9937499999999999,0.008873973041772842,43.228675365448,89414
SYN_BA_C5,Plain,SAGEConv,0,5,3,identity,31,0.7,0.655,0.6368401406040999,0.56875,0.7359161972999573,21.0615291595459,77894
SYN_BA_C5,Plain,SAGEConv,1,5,3,identity,31,0.6625,0.685,0.6639719120403369,0.6062500000000001,0.6870937347412109,17.33833146095276,77894
SYN_BA_C5,Plain,SAGEConv,2,5,3,identity,22,0.6375,0.66,0.6306993525674315,0.575,0.6782101988792419,15.345420360565186,77894
SYN_BA_C5,Plain,SAGEConv,3,5,3,identity,31,0.7,0.7,0.6861111111111111,0.6249999999999999,0.6559685468673706,16.97800874710083,77894
SYN_BA_C5,Plain,SAGEConv,4,5,3,identity,30,0.6375,0.69,0.6672093819551447,0.6124999999999999,0.6134966015815735,17.850432634353638,77894
SYN_BA_C5,VerticalRes,GATConv,0,5,3,identity,42,0.7625,0.78,0.7675060659715391,0.7250000000000001,0.47215938568115234,37.168328046798706,41030
SYN_BA_C5,VerticalRes,GATConv,1,5,3,identity,92,0.8,0.78,0.7826679063068896,0.7250000000000001,0.6801871657371521,51.808452129364014,41030
SYN_BA_C5,VerticalRes,GATConv,2,5,3,identity,37,0.775,0.76,0.7549406723796968,0.7000000000000001,0.49784889817237854,35.432469606399536,41030
SYN_BA_C5,VerticalRes,GATConv,3,5,3,identity,23,0.8125,0.75,0.740956688239297,0.6875,0.5490792989730835,29.366464614868164,41030
SYN_BA_C5,VerticalRes,GATConv,4,5,3,identity,40,0.8,0.785,0.7845094664371772,0.73125,0.4883056581020355,31.805699586868286,41030
SYN_BA_C5,VerticalRes,GCNConv,0,5,3,identity,19,0.75,0.77,0.7631765183710264,0.7125,0.48463165760040283,21.797243356704712,39494
SYN_BA_C5,VerticalRes,GCNConv,1,5,3,identity,83,0.825,0.755,0.754296646043634,0.6937499999999999,0.6215690970420837,39.37558889389038,39494
SYN_BA_C5,VerticalRes,GCNConv,2,5,3,identity,70,0.8125,0.785,0.7831055098239499,0.73125,0.43955519795417786,37.373393297195435,39494
SYN_BA_C5,VerticalRes,GCNConv,3,5,3,identity,17,0.8,0.75,0.7367347732416605,0.6875,0.5413629412651062,20.195384979248047,39494
SYN_BA_C5,VerticalRes,GCNConv,4,5,3,identity,36,0.775,0.775,0.7677700348432056,0.7187499999999999,0.5005751848220825,25.40337109565735,39494
SYN_BA_C5,VerticalRes,GINConv,0,5,3,identity,166,1.0,1.0,1.0,1.0,0.0012609787518158555,50.19204616546631,89414
SYN_BA_C5,VerticalRes,GINConv,1,5,3,identity,178,1.0,1.0,1.0,1.0,0.0029181637801229954,54.30800271034241,89414
SYN_BA_C5,VerticalRes,GINConv,2,5,3,identity,193,1.0,1.0,1.0,1.0,0.0031998318154364824,51.96808576583862,89414
SYN_BA_C5,VerticalRes,GINConv,3,5,3,identity,195,1.0,0.995,0.9949992186279106,0.9937499999999999,0.0042317528277635574,53.98890709877014,89414
SYN_BA_C5,VerticalRes,GINConv,4,5,3,identity,86,1.0,1.0,1.0,1.0,0.003585966769605875,38.8891806602478,89414
SYN_BA_C5,VerticalRes,SAGEConv,0,5,3,identity,35,0.7875,0.81,0.8043885462363723,0.7625000000000001,0.46670180559158325,26.621703147888184,77894
SYN_BA_C5,VerticalRes,SAGEConv,1,5,3,identity,39,0.7875,0.745,0.7386613706931324,0.6812499999999999,0.465312123298645,24.10646963119507,77894
SYN_BA_C5,VerticalRes,SAGEConv,2,5,3,identity,74,0.8375,0.815,0.8118762157382846,0.7687499999999999,0.4312838613986969,33.12443780899048,77894
SYN_BA_C5,VerticalRes,SAGEConv,3,5,3,identity,52,0.85,0.78,0.771688541984622,0.7250000000000001,0.5066015124320984,27.077068090438843,77894
SYN_BA_C5,VerticalRes,SAGEConv,4,5,3,identity,74,0.825,0.835,0.8335467858029288,0.79375,0.39120206236839294,34.60499405860901,77894
SYN_BA_C6,HorizontalRes,GATConv,0,6,3,identity,21,0.7604166666666666,0.7375,0.7385717319513855,0.685,0.571092963218689,37.58054065704346,41095
SYN_BA_C6,HorizontalRes,GATConv,1,6,3,identity,36,0.8125,0.7458333333333333,0.7472923731070358,0.6950000000000001,0.5586138367652893,46.43424868583679,41095
SYN_BA_C6,HorizontalRes,GATConv,2,6,3,identity,35,0.7395833333333334,0.75,0.7300770014328952,0.7000000000000001,0.5661609768867493,45.94048237800598,41095
SYN_BA_C6,HorizontalRes,GATConv,3,6,3,identity,38,0.8125,0.7333333333333333,0.7365820750734647,0.6799999999999999,0.5538256764411926,46.12615489959717,41095
SYN_BA_C6,HorizontalRes,GATConv,4,6,3,identity,26,0.6875,0.7375,0.7228561362631805,0.685,0.5451234579086304,38.94511270523071,41095
SYN_BA_C6,HorizontalRes,GCNConv,0,6,3,identity,12,0.6979166666666666,0.7,0.6724667588365616,0.64,0.6531103849411011,26.904146909713745,39559
SYN_BA_C6,HorizontalRes,GCNConv,1,6,3,identity,25,0.7708333333333334,0.7166666666666667,0.6974581810012843,0.66,0.6010392904281616,32.63537931442261,39559
SYN_BA_C6,HorizontalRes,GCNConv,2,6,3,identity,30,0.7291666666666666,0.7125,0.7075585529118102,0.655,0.5796145796775818,35.01218104362488,39559
SYN_BA_C6,HorizontalRes,GCNConv,3,6,3,identity,8,0.6666666666666666,0.6958333333333333,0.6794923543719747,0.635,0.6670360565185547,24.010636806488037,39559
SYN_BA_C6,HorizontalRes,GCNConv,4,6,3,identity,25,0.71875,0.7166666666666667,0.6886758852920019,0.66,0.5930454730987549,32.25657320022583,39559
SYN_BA_C6,HorizontalRes,GINConv,0,6,3,identity,146,1.0,1.0,1.0,1.0,0.002541821915656328,74.40087032318115,89479
SYN_BA_C6,HorizontalRes,GINConv,1,6,3,identity,67,1.0,1.0,1.0,1.0,0.01704254560172558,47.52588725090027,89479
SYN_BA_C6,HorizontalRes,GINConv,2,6,3,identity,83,1.0,0.9708333333333333,0.9708326821899255,0.965,0.044770319014787674,54.62732934951782,89479
SYN_BA_C6,HorizontalRes,GINConv,3,6,3,identity,171,1.0,0.9958333333333333,0.9958326821899255,0.995,0.010659304447472095,75.99911379814148,89479
SYN_BA_C6,HorizontalRes,GINConv,4,6,3,identity,189,1.0,1.0,1.0,1.0,0.0022429979871958494,77.60704255104065,89479
SYN_BA_C6,HorizontalRes,SAGEConv,0,6,3,identity,17,0.6145833333333334,0.6,0.5652701465201466,0.52,0.8095399737358093,27.997076988220215,77959
SYN_BA_C6,HorizontalRes,SAGEConv,1,6,3,identity,14,0.65625,0.6333333333333333,0.647445420248428,0.5599999999999999,0.8566733598709106,26.609541416168213,77959
SYN_BA_C6,HorizontalRes,SAGEConv,2,6,3,identity,13,0.4895833333333333,0.5041666666666667,0.4814093478707397,0.405,1.020306944847107,23.767765283584595,77959
SYN_BA_C6,HorizontalRes,SAGEConv,3,6,3,identity,13,0.59375,0.6208333333333333,0.5703405794804576,0.545,0.8358426690101624,22.656336545944214,77959
SYN_BA_C6,HorizontalRes,SAGEConv,4,6,3,identity,17,0.6041666666666666,0.6208333333333333,0.5830181692671653,0.545,0.7649022340774536,26.247962951660156,77959
SYN_BA_C6,MatrixResGated,GATConv,0,6,3,sparse,28,0.75,0.7416666666666667,0.7404826929670875,0.6900000000000001,0.5204818844795227,65.53736877441406,41095
SYN_BA_C6,MatrixResGated,GATConv,1,6,3,sparse,31,0.8229166666666666,0.7291666666666666,0.7163467500698433,0.6749999999999999,0.560658872127533,67.02776670455933,41095
SYN_BA_C6,MatrixResGated,GATConv,2,6,3,sparse,42,0.7916666666666666,0.7625,0.761599603976865,0.715,0.5272940993309021,74.92755699157715,41095
SYN_BA_C6,MatrixResGated,GATConv,3,6,3,sparse,32,0.75,0.7625,0.7626429184858304,0.715,0.5319711565971375,72.04559850692749,41095
SYN_BA_C6,MatrixResGated,GATConv,4,6,3,sparse,48,0.6875,0.7916666666666666,0.7842879274714839,0.75,0.5042918920516968,78.66383600234985,41095
SYN_BA_C6,MatrixResGated,GCNConv,0,6,3,sparse,49,0.6875,0.7625,0.7569628254780629,0.715,0.5480059385299683,65.42186427116394,39559
SYN_BA_C6,MatrixResGated,GCNConv,1,6,3,sparse,60,0.84375,0.7041666666666667,0.6888570044554463,0.6450000000000001,0.5991218686103821,73.54452729225159,39559
SYN_BA_C6,MatrixResGated,GCNConv,2,6,3,sparse,129,0.7708333333333334,0.7625,0.7601798002371017,0.715,0.5878936648368835,111.99885201454163,39559
SYN_BA_C6,MatrixResGated,GCNConv,3,6,3,sparse,31,0.6875,0.7291666666666666,0.7285646529791766,0.6749999999999999,0.6007386445999146,58.575822591781616,39559
SYN_BA_C6,MatrixResGated,GCNConv,4,6,3,sparse,34,0.7291666666666666,0.7333333333333333,0.7052477388830954,0.6799999999999999,0.5546835064888,62.95250988006592,39559
SYN_BA_C6,MatrixResGated,GINConv,0,6,3,sparse,136,1.0,0.9958333333333333,0.9958326821899255,0.995,0.017661208286881447,107.0850248336792,89479
SYN_BA_C6,MatrixResGated,GINConv,1,6,3,sparse,109,1.0,1.0,1.0,1.0,0.007255716249346733,100.31783485412598,89479
SYN_BA_C6,MatrixResGated,GINConv,2,6,3,sparse,88,1.0,0.9958333333333333,0.9958326821899255,0.995,0.011678251437842846,90.6409866809845,89479
SYN_BA_C6,MatrixResGated,GINConv,3,6,3,sparse,93,1.0,0.9916666666666667,0.9916666666666666,0.99,0.020456044003367424,90.58881211280823,89479
SYN_BA_C6,MatrixResGated,GINConv,4,6,3,sparse,163,1.0,0.9916666666666667,0.9916666666666666,0.99,0.06896258145570755,124.48772740364075,89479
SYN_BA_C6,MatrixResGated,SAGEConv,0,6,3,sparse,76,0.8020833333333334,0.7583333333333333,0.7584704549686395,0.71,0.4674184024333954,81.03092837333679,77959
SYN_BA_C6,MatrixResGated,SAGEConv,1,6,3,sparse,122,0.8020833333333334,0.775,0.7769124387545441,0.7300000000000001,0.45767897367477417,97.67781448364258,77959
SYN_BA_C6,MatrixResGated,SAGEConv,2,6,3,sparse,93,0.875,0.7875,0.7889556584047615,0.745,0.41385409235954285,86.91754579544067,77959
SYN_BA_C6,MatrixResGated,SAGEConv,3,6,3,sparse,53,0.7083333333333334,0.7833333333333333,0.7803748870822041,0.74,0.45274320244789124,68.5707004070282,77959
SYN_BA_C6,MatrixResGated,SAGEConv,4,6,3,sparse,78,0.7604166666666666,0.7708333333333334,0.7750868373063162,0.7250000000000001,0.4408603310585022,78.62900853157043,77959
SYN_BA_C6,MatrixRes,GATConv,0,6,3,identity,28,0.7604166666666666,0.7166666666666667,0.7120400111286372,0.66,0.5306090712547302,65.28853631019592,41095
SYN_BA_C6,MatrixRes,GATConv,1,6,3,identity,35,0.8125,0.7375,0.7232008855768046,0.685,0.5547477006912231,70.31152772903442,41095
SYN_BA_C6,MatrixRes,GATConv,2,6,3,identity,34,0.7604166666666666,0.7791666666666667,0.7670842152618493,0.735,0.5296227931976318,70.91344714164734,41095
SYN_BA_C6,MatrixRes,GATConv,3,6,3,identity,43,0.7604166666666666,0.7416666666666667,0.745021930808317,0.6900000000000001,0.5278120040893555,75.41395831108093,41095
SYN_BA_C6,MatrixRes,GATConv,4,6,3,identity,35,0.7083333333333334,0.775,0.7743353109206766,0.7300000000000001,0.46408987045288086,68.91715836524963,41095
SYN_BA_C6,MatrixRes,GCNConv,0,6,3,identity,38,0.6875,0.7708333333333334,0.7684183885423778,0.7250000000000001,0.5742279887199402,58.317938566207886,39559
SYN_BA_C6,MatrixRes,GCNConv,1,6,3,identity,72,0.8125,0.7125,0.694611306490229,0.655,0.5853604078292847,78.63547086715698,39559
SYN_BA_C6,MatrixRes,GCNConv,2,6,3,identity,81,0.7708333333333334,0.7583333333333333,0.7549082502774501,0.71,0.5604830384254456,83.52210640907288,39559
SYN_BA_C6,MatrixRes,GCNConv,3,6,3,identity,40,0.6666666666666666,0.7166666666666667,0.715815714499925,0.66,0.5933889746665955,61.35053324699402,39559
SYN_BA_C6,MatrixRes,GCNConv,4,6,3,identity,52,0.7395833333333334,0.75,0.742475237541027,0.7000000000000001,0.5336450338363647,69.33579730987549,39559
SYN_BA_C6,MatrixRes,GINConv,0,6,3,identity,161,1.0,0.9875,0.9874941372660148,0.9850000000000001,0.06001155450940132,120.91752672195435,89479
SYN_BA_C6,MatrixRes,GINConv,1,6,3,identity,68,1.0,0.9875,0.9874823971209513,0.9850000000000001,0.03917324170470238,74.97754836082458,89479
SYN_BA_C6,MatrixRes,GINConv,2,6,3,identity,62,1.0,1.0,1.0,1.0,0.004574033431708813,74.33527112007141,89479
SYN_BA_C6,MatrixRes,GINConv,3,6,3,identity,112,1.0,0.9833333333333333,0.9833229101521784,0.98,0.09534486383199692,98.65377926826477,89479
SYN_BA_C6,MatrixRes,GINConv,4,6,3,identity,163,1.0,0.9958333333333333,0.9958326821899255,0.995,0.07300663739442825,125.22002625465393,89479
SYN_BA_C6,MatrixRes,SAGEConv,0,6,3,identity,116,0.8125,0.7666666666666667,0.7668215208682962,0.7200000000000001,0.4414457678794861,97.06133913993835,77959
SYN_BA_C6,MatrixRes,SAGEConv,1,6,3,identity,145,0.8229166666666666,0.775,0.7739200754767842,0.7300000000000001,0.4908439517021179,110.13127589225769,77959
SYN_BA_C6,MatrixRes,SAGEConv,2,6,3,identity,102,0.8125,0.7916666666666666,0.7920822797362289,0.75,0.4427310824394226,88.67828941345215,77959
SYN_BA_C6,MatrixRes,SAGEConv,3,6,3,identity,79,0.7291666666666666,0.7875,0.7866202893161666,0.745,0.4315547049045563,78.23726201057434,77959
SYN_BA_C6,MatrixRes,SAGEConv,4,6,3,identity,92,0.7604166666666666,0.7708333333333334,0.7659879816189467,0.7250000000000001,0.4403130114078522,81.99011087417603,77959
SYN_BA_C6,Plain,GATConv,0,6,3,identity,40,0.71875,0.7541666666666667,0.7540756665232095,0.705,0.5869044065475464,36.37068510055542,41095
SYN_BA_C6,Plain,GATConv,1,6,3,identity,111,0.8125,0.6958333333333333,0.6917966262389759,0.635,0.6156197190284729,63.06516695022583,41095
SYN_BA_C6,Plain,GATConv,2,6,3,identity,81,0.75,0.7875,0.7816904925720564,0.745,0.5049538016319275,53.48071265220642,41095
SYN_BA_C6,Plain,GATConv,3,6,3,identity,62,0.7916666666666666,0.7166666666666667,0.7204537641315563,0.66,0.5694803595542908,49.17452788352966,41095
SYN_BA_C6,Plain,GATConv,4,6,3,identity,93,0.7395833333333334,0.7125,0.712125706210356,0.655,0.5440454483032227,52.39171600341797,41095
SYN_BA_C6,Plain,GCNConv,0,6,3,identity,38,0.7291666666666666,0.7333333333333333,0.7224683972173213,0.6799999999999999,0.5984882116317749,27.77190327644348,39559
SYN_BA_C6,Plain,GCNConv,1,6,3,identity,69,0.8229166666666666,0.6958333333333333,0.6727069845174443,0.635,0.5863685607910156,34.580498456954956,39559
SYN_BA_C6,Plain,GCNConv,2,6,3,identity,75,0.7291666666666666,0.7541666666666667,0.7501848369073537,0.705,0.5751641392707825,37.97185397148132,39559
SYN_BA_C6,Plain,GCNConv,3,6,3,identity,47,0.7291666666666666,0.6958333333333333,0.6958496708015588,0.635,0.639352560043335,30.094894647598267,39559
SYN_BA_C6,Plain,GCNConv,4,6,3,identity,43,0.75,0.7333333333333333,0.7113589371997618,0.6799999999999999,0.5602908730506897,28.5772922039032,39559
SYN_BA_C6,Plain,GINConv,0,6,3,identity,165,1.0,0.9958333333333333,0.9958326821899255,0.995,0.013546445406973362,55.05523991584778,89479
SYN_BA_C6,Plain,GINConv,1,6,3,identity,134,0.9895833333333334,0.9833333333333333,0.9833229101521784,0.98,0.03355200216174126,53.25915813446045,89479
SYN_BA_C6,Plain,GINConv,2,6,3,identity,150,1.0,0.9916666666666667,0.9916614550760893,0.99,0.019341956824064255,55.099926233291626,89479
SYN_BA_C6,Plain,GINConv,3,6,3,identity,128,0.9895833333333334,0.9875,0.9874823971209512,0.9850000000000001,0.019187692552804947,50.073216915130615,89479
SYN_BA_C6,Plain,GINConv,4,6,3,identity,189,1.0,0.9958333333333333,0.9958326821899255,0.995,0.011866552755236626,55.220022439956665,89479
SYN_BA_C6,Plain,SAGEConv,0,6,3,identity,41,0.71875,0.6791666666666667,0.652471876608741,0.6150000000000001,0.6338231563568115,27.7846519947052,77959
SYN_BA_C6,Plain,SAGEConv,1,6,3,identity,40,0.6770833333333334,0.6875,0.6720077114836638,0.625,0.6237273812294006,26.854071378707886,77959
SYN_BA_C6,Plain,SAGEConv,2,6,3,identity,33,0.65625,0.6583333333333333,0.6306424224843249,0.59,0.6943789124488831,23.45010542869568,77959
SYN_BA_C6,Plain,SAGEConv,3,6,3,identity,14,0.6041666666666666,0.5791666666666667,0.5106382183431101,0.4950000000000001,0.7666898965835571,16.90954279899597,77959
SYN_BA_C6,Plain,SAGEConv,4,6,3,identity,29,0.6354166666666666,0.6625,0.64537957813918,0.595,0.6513837575912476,21.140401601791382,77959
SYN_BA_C6,VerticalRes,GATConv,0,6,3,identity,42,0.6875,0.75,0.7493505852116783,0.7000000000000001,0.6001634001731873,43.6133553981781,41095
SYN_BA_C6,VerticalRes,GATConv,1,6,3,identity,56,0.8020833333333334,0.725,0.7267185811489609,0.67,0.6023010015487671,51.28491711616516,41095
SYN_BA_C6,VerticalRes,GATConv,2,6,3,identity,35,0.6979166666666666,0.6458333333333334,0.6118388044233455,0.5750000000000001,0.6977711915969849,41.728363275527954,41095
SYN_BA_C6,VerticalRes,GATConv,3,6,3,identity,31,0.6875,0.7458333333333333,0.7384361248641902,0.6950000000000001,0.5855798125267029,38.66813826560974,41095
SYN_BA_C6,VerticalRes,GATConv,4,6,3,identity,24,0.75,0.6958333333333333,0.6864333365182261,0.635,0.609954833984375,34.86379313468933,41095
SYN_BA_C6,VerticalRes,GCNConv,0,6,3,identity,63,0.6979166666666666,0.7333333333333333,0.7211688168616734,0.6799999999999999,0.5760444402694702,39.35235381126404,39559
SYN_BA_C6,VerticalRes,GCNConv,1,6,3,identity,46,0.8333333333333334,0.7208333333333333,0.7029950703205471,0.665,0.58427494764328,36.76855826377869,39559
SYN_BA_C6,VerticalRes,GCNConv,2,6,3,identity,95,0.75,0.75,0.7419143233450692,0.7000000000000001,0.5673910975456238,53.35045027732849,39559
SYN_BA_C6,VerticalRes,GCNConv,3,6,3,identity,47,0.7083333333333334,0.725,0.7198093470268055,0.67,0.6175076961517334,35.60757875442505,39559
SYN_BA_C6,VerticalRes,GCNConv,4,6,3,identity,37,0.75,0.7375,0.7180019704779204,0.685,0.5509981513023376,33.82915163040161,39559
SYN_BA_C6,VerticalRes,GINConv,0,6,3,identity,94,1.0,0.9958333333333333,0.9958326821899255,0.995,0.021202195435762405,51.629188776016235,89479
SYN_BA_C6,VerticalRes,GINConv,1,6,3,identity,119,0.9895833333333334,1.0,1.0,1.0,0.010040927678346634,59.331289291381836,89479
SYN_BA_C6,VerticalRes,GINConv,2,6,3,identity,141,0.9895833333333334,1.0,1.0,1.0,0.005491055082529783,67.53476905822754,89479
SYN_BA_C6,VerticalRes,GINConv,3,6,3,identity,186,1.0,0.9916666666666667,0.9916666666666666,0.99,0.02142312191426754,66.38798522949219,89479
SYN_BA_C6,VerticalRes,GINConv,4,6,3,identity,190,1.0,1.0,1.0,1.0,0.0008218916482292116,63.93812942504883,89479
SYN_BA_C6,VerticalRes,SAGEConv,0,6,3,identity,106,0.8125,0.7541666666666667,0.7439151681254522,0.705,0.4506157636642456,51.10497450828552,77959
SYN_BA_C6,VerticalRes,SAGEConv,1,6,3,identity,87,0.84375,0.7625,0.7590633035811396,0.715,0.47969749569892883,45.905155181884766,77959
SYN_BA_C6,VerticalRes,SAGEConv,2,6,3,identity,93,0.8020833333333334,0.8083333333333333,0.805088244055708,0.77,0.437919944524765,46.215168476104736,77959
SYN_BA_C6,VerticalRes,SAGEConv,3,6,3,identity,82,0.7291666666666666,0.7958333333333333,0.7930261150320733,0.7549999999999999,0.43679654598236084,43.62293577194214,77959
SYN_BA_C6,VerticalRes,SAGEConv,4,6,3,identity,80,0.8125,0.775,0.7679557354627115,0.7300000000000001,0.47065797448158264,41.6741418838501,77959
SYN_BA_C7,HorizontalRes,GATConv,0,7,3,identity,25,0.6607142857142857,0.6607142857142857,0.6580423255919629,0.6041666666666665,0.693824235030583,44.01743721961975,41160
SYN_BA_C7,HorizontalRes,GATConv,1,7,3,identity,35,0.7232142857142857,0.7357142857142858,0.730693672948784,0.6916666666666668,0.609717960017068,46.88426208496094,41160
SYN_BA_C7,HorizontalRes,GATConv,2,7,3,identity,21,0.6785714285714286,0.6821428571428572,0.6531423083135184,0.6291666666666668,0.6828272904668535,44.09988069534302,41160
SYN_BA_C7,HorizontalRes,GATConv,3,7,3,identity,40,0.7232142857142857,0.6964285714285714,0.6880932975793278,0.6458333333333334,0.693219348362514,46.54051327705383,41160
SYN_BA_C7,HorizontalRes,GATConv,4,7,3,identity,47,0.7589285714285714,0.7035714285714286,0.6946132583474941,0.6541666666666667,0.6459990927151271,48.67338705062866,41160
SYN_BA_C7,HorizontalRes,GCNConv,0,7,3,identity,12,0.6517857142857143,0.6428571428571429,0.6208604621426398,0.5833333333333333,0.770561751297542,30.080881357192993,39624
SYN_BA_C7,HorizontalRes,GCNConv,1,7,3,identity,44,0.6875,0.6964285714285714,0.6787623106184176,0.6458333333333334,0.7061262828963143,43.38576912879944,39624
SYN_BA_C7,HorizontalRes,GCNConv,2,7,3,identity,25,0.625,0.6642857142857143,0.6493436034355973,0.6083333333333332,0.7580599018505642,34.010515213012695,39624
SYN_BA_C7,HorizontalRes,GCNConv,3,7,3,identity,14,0.6339285714285714,0.6678571428571428,0.6597688176937646,0.6124999999999998,0.694183269568852,32.591920614242554,39624
SYN_BA_C7,HorizontalRes,GCNConv,4,7,3,identity,29,0.6607142857142857,0.6857142857142857,0.6614100402613384,0.6333333333333334,0.7135558656283787,38.91045832633972,39624
SYN_BA_C7,HorizontalRes,GINConv,0,7,3,identity,180,1.0,0.9964285714285714,0.9964280133056505,0.9958333333333333,0.027738411724567414,79.43124461174011,89544
SYN_BA_C7,HorizontalRes,GINConv,1,7,3,identity,155,1.0,0.9928571428571429,0.9928526757795051,0.9916666666666667,0.019595474217619216,77.411052942276,89544
SYN_BA_C7,HorizontalRes,GINConv,2,7,3,identity,194,1.0,1.0,1.0,1.0,0.0013639427430462091,82.27242970466614,89544
SYN_BA_C7,HorizontalRes,GINConv,3,7,3,identity,192,1.0,0.9964285714285714,0.9964280133056505,0.9958333333333333,0.005113150192690747,80.73801016807556,89544
SYN_BA_C7,HorizontalRes,GINConv,4,7,3,identity,145,1.0,0.9964285714285714,0.9964280133056505,0.9958333333333333,0.008015592559240758,82.08939003944397,89544
SYN_BA_C7,HorizontalRes,SAGEConv,0,7,3,identity,32,0.5714285714285714,0.575,0.5446450211580641,0.5041666666666665,0.8820104888507299,38.835710287094116,78024
SYN_BA_C7,HorizontalRes,SAGEConv,1,7,3,identity,23,0.5982142857142857,0.6357142857142857,0.6091593731929867,0.575,0.8400592310088021,36.856343269348145,78024
SYN_BA_C7,HorizontalRes,SAGEConv,2,7,3,identity,62,0.7232142857142857,0.7214285714285714,0.7214066833992631,0.6749999999999999,0.5508155763149262,44.539016246795654,78024
SYN_BA_C7,HorizontalRes,SAGEConv,3,7,3,identity,23,0.5714285714285714,0.5642857142857143,0.5235244304504266,0.49166666666666664,0.8685640011514936,32.394548654556274,78024
SYN_BA_C7,HorizontalRes,SAGEConv,4,7,3,identity,40,0.7142857142857143,0.6642857142857143,0.6527777777777778,0.6083333333333332,0.7359705039433071,35.866851806640625,78024
SYN_BA_C7,MatrixResGated,GATConv,0,7,3,sparse,39,0.7232142857142857,0.7214285714285714,0.7148072070991063,0.6749999999999999,0.6626298104013716,75.72548174858093,41160
SYN_BA_C7,MatrixResGated,GATConv,1,7,3,sparse,29,0.7053571428571429,0.75,0.7409134137753025,0.7083333333333334,0.612616126877921,71.2202844619751,41160
SYN_BA_C7,MatrixResGated,GATConv,2,7,3,sparse,34,0.7232142857142857,0.7285714285714285,0.7283568434480043,0.6833333333333332,0.5949304129396166,77.27427411079407,41160
SYN_BA_C7,MatrixResGated,GATConv,3,7,3,sparse,38,0.7142857142857143,0.7142857142857143,0.7073811626377812,0.6666666666666666,0.6233254790306091,76.43995237350464,41160
SYN_BA_C7,MatrixResGated,GATConv,4,7,3,sparse,42,0.7678571428571429,0.725,0.7190660899539434,0.6791666666666666,0.6439402341842652,79.81012153625488,41160
SYN_BA_C7,MatrixResGated,GCNConv,0,7,3,sparse,44,0.6517857142857143,0.6678571428571428,0.6637152099359537,0.6124999999999998,0.6823678919247218,71.68785452842712,39624
SYN_BA_C7,MatrixResGated,GCNConv,1,7,3,sparse,50,0.6964285714285714,0.7107142857142857,0.7024877298553062,0.6625,0.6969089014189583,73.20348954200745,39624
SYN_BA_C7,MatrixResGated,GCNConv,2,7,3,sparse,27,0.625,0.6714285714285714,0.6633330574400108,0.6166666666666665,0.6962773518902915,60.044928550720215,39624
SYN_BA_C7,MatrixResGated,GCNConv,3,7,3,sparse,49,0.6696428571428571,0.6678571428571428,0.6631916612215046,0.6124999999999998,0.6424012524741036,75.32152032852173,39624
SYN_BA_C7,MatrixResGated,GCNConv,4,7,3,sparse,48,0.7142857142857143,0.7107142857142857,0.702071853320593,0.6625,0.6462542959621974,75.13241815567017,39624
SYN_BA_C7,MatrixResGated,GINConv,0,7,3,sparse,146,1.0,1.0,1.0,1.0,8.012893605544898e-05,124.3674726486206,89544
SYN_BA_C7,MatrixResGated,GINConv,1,7,3,sparse,177,1.0,0.9964285714285714,0.9964280133056505,0.9958333333333333,0.011228432825633457,132.75340247154236,89544
SYN_BA_C7,MatrixResGated,GINConv,2,7,3,sparse,127,1.0,0.9964285714285714,0.9964280133056505,0.9958333333333333,0.007301860064087252,113.07731580734253,89544
SYN_BA_C7,MatrixResGated,GINConv,3,7,3,sparse,157,1.0,0.9964285714285714,0.9964280133056505,0.9958333333333333,0.017122409983338523,131.60886693000793,89544
SYN_BA_C7,MatrixResGated,GINConv,4,7,3,sparse,160,1.0,0.9964285714285714,0.9964280133056505,0.9958333333333333,0.006912245026407098,130.19395303726196,89544
SYN_BA_C7,MatrixResGated,SAGEConv,0,7,3,sparse,65,0.7142857142857143,0.7,0.6963636960288185,0.65,0.6092927881649562,80.29168200492859,78024
SYN_BA_C7,MatrixResGated,SAGEConv,1,7,3,sparse,101,0.7767857142857143,0.775,0.7704295388287148,0.7374999999999999,0.5739851815359933,95.59753346443176,78024
SYN_BA_C7,MatrixResGated,SAGEConv,2,7,3,sparse,45,0.6964285714285714,0.7285714285714285,0.7311961249737671,0.6833333333333332,0.5581132999488285,66.43496441841125,78024
SYN_BA_C7,MatrixResGated,SAGEConv,3,7,3,sparse,97,0.7232142857142857,0.7392857142857143,0.7417221848213595,0.6958333333333334,0.5728770698819842,93.71381878852844,78024
SYN_BA_C7,MatrixResGated,SAGEConv,4,7,3,sparse,67,0.7410714285714286,0.7,0.6807824299861968,0.65,0.6200204849243164,75.5016541481018,78024
SYN_BA_C7,MatrixRes,GATConv,0,7,3,identity,41,0.6964285714285714,0.7035714285714286,0.7001443104319678,0.6541666666666667,0.6395470210484095,79.17206454277039,41160
SYN_BA_C7,MatrixRes,GATConv,1,7,3,identity,49,0.7410714285714286,0.7321428571428571,0.7274893914484727,0.6874999999999999,0.607059281212943,84.38906693458557,41160
SYN_BA_C7,MatrixRes,GATConv,2,7,3,identity,62,0.7589285714285714,0.7464285714285714,0.7382767608281569,0.7041666666666667,0.6878622191292899,91.67913174629211,41160
SYN_BA_C7,MatrixRes,GATConv,3,7,3,identity,31,0.7232142857142857,0.6928571428571428,0.6987223816137759,0.6416666666666667,0.6243075660296848,71.84309577941895,41160
SYN_BA_C7,MatrixRes,GATConv,4,7,3,identity,42,0.7142857142857143,0.7571428571428571,0.7612398146608407,0.7166666666666667,0.6213869503566197,77.97531318664551,41160
SYN_BA_C7,MatrixRes,GCNConv,0,7,3,identity,44,0.6517857142857143,0.6607142857142857,0.6568334721126977,0.6041666666666665,0.6969705666814532,67.01623010635376,39624
SYN_BA_C7,MatrixRes,GCNConv,1,7,3,identity,50,0.6964285714285714,0.7107142857142857,0.705047400056973,0.6625,0.7169389980179923,71.59475469589233,39624
SYN_BA_C7,MatrixRes,GCNConv,2,7,3,identity,40,0.6428571428571429,0.6714285714285714,0.6727318827683278,0.6166666666666665,0.6866823511464255,63.94143891334534,39624
SYN_BA_C7,MatrixRes,GCNConv,3,7,3,identity,48,0.6428571428571429,0.6785714285714286,0.6694274628516453,0.6250000000000001,0.6318697673933846,71.36253619194031,39624
SYN_BA_C7,MatrixRes,GCNConv,4,7,3,identity,65,0.7232142857142857,0.7142857142857143,0.7058135058135058,0.6666666666666666,0.6432002902030944,80.32482814788818,39624
SYN_BA_C7,MatrixRes,GINConv,0,7,3,identity,147,1.0,1.0,1.0,1.0,0.00019498066103551537,124.63532185554504,89544
SYN_BA_C7,MatrixRes,GINConv,1,7,3,identity,225,1.0,0.9964285714285714,0.9964280133056505,0.9958333333333333,0.01542086015854563,123.95322775840759,89544
SYN_BA_C7,MatrixRes,GINConv,2,7,3,identity,114,1.0,0.9964285714285714,0.9964280133056505,0.9958333333333333,0.004118117295833404,107.2097065448761,89544
SYN_BA_C7,MatrixRes,GINConv,3,7,3,identity,210,1.0,0.9964285714285714,0.9964280133056505,0.9958333333333333,0.011570870177040758,129.76092386245728,89544
SYN_BA_C7,MatrixRes,GINConv,4,7,3,identity,133,1.0,0.9964285714285714,0.9964280133056505,0.9958333333333333,0.008936737966827682,112.96294331550598,89544
SYN_BA_C7,MatrixRes,SAGEConv,0,7,3,identity,74,0.7142857142857143,0.7107142857142857,0.7048725667717691,0.6625,0.6095445956502642,83.13391494750977,78024
SYN_BA_C7,MatrixRes,SAGEConv,1,7,3,identity,94,0.7410714285714286,0.7642857142857142,0.756578300109804,0.725,0.5883840577942985,87.18109631538391,78024
SYN_BA_C7,MatrixRes,SAGEConv,2,7,3,identity,81,0.7410714285714286,0.725,0.728385382111077,0.6791666666666666,0.5271366374833243,81.1515839099884,78024
SYN_BA_C7,MatrixRes,SAGEConv,3,7,3,identity,97,0.7232142857142857,0.7392857142857143,0.737019548273595,0.6958333333333334,0.55704653773989,91.40816116333008,78024
SYN_BA_C7,MatrixRes,SAGEConv,4,7,3,identity,68,0.7321428571428571,0.725,0.725000951176331,0.6791666666666666,0.5932203548295157,74.70329356193542,78024
SYN_BA_C7,Plain,GATConv,0,7,3,identity,31,0.6875,0.6821428571428572,0.6727876427141378,0.6291666666666668,0.7051948121615819,35.473493814468384,41160
SYN_BA_C7,Plain,GATConv,1,7,3,identity,44,0.7232142857142857,0.725,0.7133172626117708,0.6791666666666666,0.685084468977792,41.440903425216675,41160
SYN_BA_C7,Plain,GATConv,2,7,3,identity,49,0.7053571428571429,0.6857142857142857,0.6764610645190273,0.6333333333333334,0.7084850140980312,42.88321304321289,41160
SYN_BA_C7,Plain,GATConv,3,7,3,identity,62,0.6964285714285714,0.6821428571428572,0.6621223141944093,0.6291666666666668,0.6901000005858285,46.82550406455994,41160
SYN_BA_C7,Plain,GATConv,4,7,3,identity,61,0.75,0.7,0.6957709442829831,0.65,0.6524209720747811,45.5463650226593,41160
SYN_BA_C7,Plain,GCNConv,0,7,3,identity,67,0.6160714285714286,0.6714285714285714,0.6585209743718342,0.6166666666666665,0.6616447465760368,37.09692096710205,39624
SYN_BA_C7,Plain,GCNConv,1,7,3,identity,39,0.6875,0.7142857142857143,0.6962064507799816,0.6666666666666666,0.7049808348928179,29.995445013046265,39624
SYN_BA_C7,Plain,GCNConv,2,7,3,identity,40,0.6428571428571429,0.65,0.6529781521514771,0.5916666666666666,0.7156854348523276,29.07231092453003,39624
SYN_BA_C7,Plain,GCNConv,3,7,3,identity,39,0.7232142857142857,0.7214285714285714,0.7056133323964114,0.6749999999999999,0.6485222543988909,31.104018211364746,39624
SYN_BA_C7,Plain,GCNConv,4,7,3,identity,81,0.7053571428571429,0.7,0.6930915695841753,0.65,0.6601493290492466,43.1554479598999,39624
SYN_BA_C7,Plain,GINConv,0,7,3,identity,161,1.0,1.0,1.0,1.0,0.010262621752917766,57.7595489025116,89544
SYN_BA_C7,Plain,GINConv,1,7,3,identity,193,1.0,0.9964285714285714,0.9964280133056505,0.9958333333333333,0.010386841957058225,57.59833812713623,89544
SYN_BA_C7,Plain,GINConv,2,7,3,identity,146,1.0,1.0,1.0,1.0,0.006272190509896193,58.71353554725647,89544
SYN_BA_C7,Plain,GINConv,3,7,3,identity,165,1.0,0.9964285714285714,0.9964280133056505,0.9958333333333333,0.01872877555766276,60.346513748168945,89544
SYN_BA_C7,Plain,GINConv,4,7,3,identity,142,1.0,0.9964285714285714,0.9964280133056505,0.9958333333333333,0.008112144892636154,55.29448866844177,89544
SYN_BA_C7,Plain,SAGEConv,0,7,3,identity,14,0.5803571428571429,0.5785714285714286,0.5371951747205117,0.5083333333333334,0.9051820397377014,22.420782327651978,78024
SYN_BA_C7,Plain,SAGEConv,1,7,3,identity,60,0.5178571428571429,0.6107142857142858,0.5843097848806039,0.5458333333333334,0.7926810809544155,32.22847509384155,78024
SYN_BA_C7,Plain,SAGEConv,2,7,3,identity,25,0.5982142857142857,0.5821428571428572,0.5520509288440029,0.5125000000000001,0.839139175415039,20.678221225738525,78024
SYN_BA_C7,Plain,SAGEConv,3,7,3,identity,17,0.6160714285714286,0.5785714285714286,0.5552723298369654,0.5083333333333334,0.8750478182520185,20.424540996551514,78024
SYN_BA_C7,Plain,SAGEConv,4,7,3,identity,41,0.5535714285714286,0.525,0.475630975698507,0.44583333333333336,1.1022247859409877,25.411699533462524,78024
SYN_BA_C7,VerticalRes,GATConv,0,7,3,identity,60,0.6785714285714286,0.6857142857142857,0.6905672254374645,0.6333333333333334,0.6316867215292794,56.09394383430481,41160
SYN_BA_C7,VerticalRes,GATConv,1,7,3,identity,39,0.7232142857142857,0.7428571428571429,0.7374189238567113,0.7000000000000001,0.668322479724884,47.510457038879395,41160
SYN_BA_C7,VerticalRes,GATConv,2,7,3,identity,154,0.7857142857142857,0.725,0.7192840816607714,0.6791666666666666,0.6993736812046596,92.17760682106018,41160
SYN_BA_C7,VerticalRes,GATConv,3,7,3,identity,41,0.7142857142857143,0.6785714285714286,0.6554609794516674,0.6250000000000001,0.7086224624088833,47.00970721244812,41160
SYN_BA_C7,VerticalRes,GATConv,4,7,3,identity,94,0.7410714285714286,0.7107142857142857,0.7076168900219233,0.6625,0.6793651189122881,69.96618390083313,41160
SYN_BA_C7,VerticalRes,GCNConv,0,7,3,identity,46,0.6428571428571429,0.6857142857142857,0.6732284971972844,0.6333333333333334,0.6753398878233773,40.1673309803009,39624
SYN_BA_C7,VerticalRes,GCNConv,1,7,3,identity,78,0.6964285714285714,0.7214285714285714,0.7067917577267325,0.6749999999999999,0.759691538129534,50.64906859397888,39624
SYN_BA_C7,VerticalRes,GCNConv,2,7,3,identity,38,0.6517857142857143,0.6857142857142857,0.6723696703916593,0.6333333333333334,0.6903800427913666,35.64677953720093,39624
SYN_BA_C7,VerticalRes,GCNConv,3,7,3,identity,43,0.6607142857142857,0.6892857142857143,0.668457294843202,0.6375000000000001,0.6388224124908447,37.70163679122925,39624
SYN_BA_C7,VerticalRes,GCNConv,4,7,3,identity,61,0.6964285714285714,0.7142857142857143,0.6977653142047849,0.6666666666666666,0.6405243175370353,45.851951599121094,39624
SYN_BA_C7,VerticalRes,GINConv,0,7,3,identity,166,1.0,1.0,1.0,1.0,0.005383227073720524,71.96296405792236,89544
SYN_BA_C7,VerticalRes,GINConv,1,7,3,identity,120,0.9910714285714286,0.9892857142857143,0.9892806890851554,0.9875,0.016948189759360893,63.31101036071777,89544
SYN_BA_C7,VerticalRes,GINConv,2,7,3,identity,156,1.0,0.9964285714285714,0.9964280133056505,0.9958333333333333,0.01279444725452257,66.69010281562805,89544
SYN_BA_C7,VerticalRes,GINConv,3,7,3,identity,132,1.0,0.9928571428571429,0.9928526757795051,0.9916666666666667,0.031257991712274294,70.42405652999878,89544
SYN_BA_C7,VerticalRes,GINConv,4,7,3,identity,139,1.0,1.0,1.0,1.0,0.005008254067174026,69.93412923812866,89544
SYN_BA_C7,VerticalRes,SAGEConv,0,7,3,identity,46,0.6964285714285714,0.7071428571428572,0.7042148658321591,0.6583333333333333,0.6384532741137914,38.90036725997925,78024
SYN_BA_C7,VerticalRes,SAGEConv,1,7,3,identity,53,0.6875,0.7642857142857142,0.745781263310948,0.725,0.6460753577096122,38.3082549571991,78024
SYN_BA_C7,VerticalRes,SAGEConv,2,7,3,identity,70,0.7678571428571429,0.7,0.6859435398071144,0.65,0.5637847747121538,44.205974102020264,78024
SYN_BA_C7,VerticalRes,SAGEConv,3,7,3,identity,70,0.6964285714285714,0.7071428571428572,0.7002363551235732,0.6583333333333333,0.5949459876332964,41.436466693878174,78024
SYN_BA_C7,VerticalRes,SAGEConv,4,7,3,identity,68,0.75,0.7142857142857143,0.7097468877576113,0.6666666666666666,0.585718125956399,40.77712416648865,78024
SYN_BA_C8,HorizontalRes,GATConv,0,8,3,identity,29,0.6953125,0.665625,0.6618308300932711,0.6178571428571429,0.7842603206634522,50.92139291763306,41225
SYN_BA_C8,HorizontalRes,GATConv,1,8,3,identity,42,0.6875,0.684375,0.6767675835065868,0.6392857142857142,0.7461276292800904,62.84283256530762,41225
SYN_BA_C8,HorizontalRes,GATConv,2,8,3,identity,30,0.6796875,0.6875,0.6822598946986203,0.6428571428571429,0.7558338403701782,56.60427165031433,41225
SYN_BA_C8,HorizontalRes,GATConv,3,8,3,identity,31,0.734375,0.646875,0.6398331577187396,0.5964285714285714,0.8146394252777099,55.11058855056763,41225
SYN_BA_C8,HorizontalRes,GATConv,4,8,3,identity,18,0.6484375,0.628125,0.6256002677199008,0.5750000000000001,0.7541934013366699,45.40299868583679,41225
SYN_BA_C8,HorizontalRes,GCNConv,0,8,3,identity,26,0.65625,0.646875,0.6335133003269457,0.5964285714285714,0.8159808397293091,42.167367696762085,39689
SYN_BA_C8,HorizontalRes,GCNConv,1,8,3,identity,23,0.6171875,0.609375,0.5966219212107924,0.5535714285714286,0.7907128930091858,42.28162121772766,39689
SYN_BA_C8,HorizontalRes,GCNConv,2,8,3,identity,15,0.5546875,0.63125,0.6103101360955105,0.5785714285714285,0.8480214834213257,33.91521859169006,39689
SYN_BA_C8,HorizontalRes,GCNConv,3,8,3,identity,33,0.6796875,0.59375,0.5827069679158297,0.5357142857142857,0.9212671995162964,47.12475776672363,39689
SYN_BA_C8,HorizontalRes,GCNConv,4,8,3,identity,27,0.6171875,0.659375,0.6602551806963912,0.6107142857142858,0.7965874195098877,43.68962740898132,39689
SYN_BA_C8,HorizontalRes,GINConv,0,8,3,identity,106,1.0,0.99375,0.9937866625501698,0.9928571428571429,0.013730232790112495,78.51920318603516,89609
SYN_BA_C8,HorizontalRes,GINConv,1,8,3,identity,161,1.0,0.990625,0.990537879765522,0.9892857142857142,0.016111532226204872,96.64902901649475,89609
SYN_BA_C8,HorizontalRes,GINConv,2,8,3,identity,189,1.0,1.0,1.0,1.0,0.005406388267874718,93.2907657623291,89609
SYN_BA_C8,HorizontalRes,GINConv,3,8,3,identity,146,1.0,1.0,1.0,1.0,0.006168874492868781,97.88184976577759,89609
SYN_BA_C8,HorizontalRes,GINConv,4,8,3,identity,169,1.0,1.0,1.0,1.0,0.0071074187755584715,96.30290293693542,89609
SYN_BA_C8,HorizontalRes,SAGEConv,0,8,3,identity,30,0.578125,0.559375,0.523063621082993,0.4964285714285714,0.8972466588020325,40.25887751579285,78089
SYN_BA_C8,HorizontalRes,SAGEConv,1,8,3,identity,41,0.640625,0.63125,0.6237527096773838,0.5785714285714285,0.8127083539962768,44.16420888900757,78089
SYN_BA_C8,HorizontalRes,SAGEConv,2,8,3,identity,17,0.5078125,0.49375,0.4440338637542133,0.42142857142857143,1.0869899988174438,33.07324695587158,78089
SYN_BA_C8,HorizontalRes,SAGEConv,3,8,3,identity,29,0.6875,0.55625,0.5491191744481219,0.4928571428571429,0.9190047264099122,39.38765597343445,78089
SYN_BA_C8,HorizontalRes,SAGEConv,4,8,3,identity,23,0.484375,0.53125,0.49787228727710764,0.4642857142857143,1.0209799766540528,33.34598922729492,78089
SYN_BA_C8,MatrixResGated,GATConv,0,8,3,sparse,28,0.734375,0.6875,0.6737431510429537,0.6428571428571429,0.7760724782943725,83.41666102409363,41225
SYN_BA_C8,MatrixResGated,GATConv,1,8,3,sparse,50,0.671875,0.66875,0.6606395135327718,0.6214285714285713,0.7337669849395752,99.96181607246399,41225
SYN_BA_C8,MatrixResGated,GATConv,2,8,3,sparse,72,0.703125,0.684375,0.6755376883024582,0.6392857142857142,0.7615216135978699,118.98237562179565,41225
SYN_BA_C8,MatrixResGated,GATConv,3,8,3,sparse,57,0.7421875,0.6875,0.6857632861793078,0.6428571428571429,0.7502106904983521,107.33733463287354,41225
SYN_BA_C8,MatrixResGated,GATConv,4,8,3,sparse,53,0.6640625,0.703125,0.696719671457597,0.6607142857142857,0.6839777946472168,104.63102889060974,41225
SYN_BA_C8,MatrixResGated,GCNConv,0,8,3,sparse,57,0.6640625,0.653125,0.6416823271943639,0.6035714285714285,0.7843356847763061,86.67112183570862,39689
SYN_BA_C8,MatrixResGated,GCNConv,1,8,3,sparse,44,0.6171875,0.6375,0.6234968256951805,0.5857142857142856,0.7708850264549255,82.46573138237,39689
SYN_BA_C8,MatrixResGated,GCNConv,2,8,3,sparse,42,0.6171875,0.659375,0.6417769958804349,0.6107142857142858,0.7761679410934448,79.87675094604492,39689
SYN_BA_C8,MatrixResGated,GCNConv,3,8,3,sparse,79,0.671875,0.6125,0.6017032205018475,0.5571428571428572,0.9040056467056274,107.82183933258057,39689
SYN_BA_C8,MatrixResGated,GCNConv,4,8,3,sparse,28,0.5625,0.665625,0.659641457955436,0.6178571428571429,0.7832978963851929,76.27737021446228,39689
SYN_BA_C8,MatrixResGated,GINConv,0,8,3,sparse,124,1.0,1.0,1.0,1.0,0.0014294684398919344,133.1880440711975,89609
SYN_BA_C8,MatrixResGated,GINConv,1,8,3,sparse,160,1.0,0.996875,0.9968745116424441,0.9964285714285713,0.00944570144638419,161.19182229042053,89609
SYN_BA_C8,MatrixResGated,GINConv,2,8,3,sparse,205,1.0,1.0,1.0,1.0,8.389525719394441e-05,154.814227104187,89609
SYN_BA_C8,MatrixResGated,GINConv,3,8,3,sparse,161,1.0,1.0,1.0,1.0,0.0010970096103847028,155.47806072235107,89609
SYN_BA_C8,MatrixResGated,GINConv,4,8,3,sparse,146,1.0,1.0,1.0,1.0,0.00016111649529193528,140.40597343444824,89609
SYN_BA_C8,MatrixResGated,SAGEConv,0,8,3,sparse,127,0.734375,0.690625,0.6848105498138184,0.6464285714285715,0.6936713814735412,136.21975469589233,78089
SYN_BA_C8,MatrixResGated,SAGEConv,1,8,3,sparse,54,0.671875,0.734375,0.7294369355771462,0.6964285714285714,0.6732170224189759,82.12889051437378,78089
SYN_BA_C8,MatrixResGated,SAGEConv,2,8,3,sparse,97,0.7421875,0.70625,0.6964546735096622,0.6642857142857144,0.6012171745300293,108.52169013023376,78089
SYN_BA_C8,MatrixResGated,SAGEConv,3,8,3,sparse,120,0.7578125,0.703125,0.6948069906612238,0.6607142857142857,0.705111026763916,127.37518835067749,78089
SYN_BA_C8,MatrixResGated,SAGEConv,4,8,3,sparse,67,0.7421875,0.68125,0.6637609719765313,0.6357142857142858,0.6633284687995911,90.74706172943115,78089
SYN_BA_C8,MatrixRes,GATConv,0,8,3,identity,39,0.65625,0.71875,0.7109752060412173,0.6785714285714286,0.7867505550384521,90.37845230102539,41225
SYN_BA_C8,MatrixRes,GATConv,1,8,3,identity,53,0.6875,0.7,0.6939987067528507,0.6571428571428571,0.7127640962600708,101.99832344055176,41225
SYN_BA_C8,MatrixRes,GATConv,2,8,3,identity,50,0.7109375,0.68125,0.6779507490590252,0.6357142857142858,0.726097846031189,99.14291429519653,41225
SYN_BA_C8,MatrixRes,GATConv,3,8,3,identity,62,0.7578125,0.690625,0.6905305610039592,0.6464285714285715,0.7565630078315735,107.96619892120361,41225
SYN_BA_C8,MatrixRes,GATConv,4,8,3,identity,37,0.6796875,0.678125,0.6761632641055189,0.6321428571428571,0.6807769656181335,89.11848330497742,41225
SYN_BA_C8,MatrixRes,GCNConv,0,8,3,identity,101,0.703125,0.671875,0.6666035626777315,0.625,0.7548261404037475,111.29544949531555,39689
SYN_BA_C8,MatrixRes,GCNConv,1,8,3,identity,49,0.640625,0.640625,0.6264307514546554,0.5892857142857143,0.7704013347625732,84.2961163520813,39689
SYN_BA_C8,MatrixRes,GCNConv,2,8,3,identity,42,0.6015625,0.646875,0.6352622779463095,0.5964285714285714,0.7746784925460816,81.94853281974792,39689
SYN_BA_C8,MatrixRes,GCNConv,3,8,3,identity,120,0.6796875,0.625,0.6168458230958231,0.5714285714285714,0.908503246307373,130.68879914283752,39689
SYN_BA_C8,MatrixRes,GCNConv,4,8,3,identity,63,0.609375,0.646875,0.6478600181852214,0.5964285714285714,0.7519280672073364,98.3718376159668,39689
SYN_BA_C8,MatrixRes,GINConv,0,8,3,identity,133,1.0,0.996875,0.9968745116424441,0.9964285714285713,0.0033694205805659292,134.95016860961914,89609
SYN_BA_C8,MatrixRes,GINConv,1,8,3,identity,122,1.0,0.99375,0.9937460913070669,0.9928571428571429,0.014623473957180977,128.99634051322937,89609
SYN_BA_C8,MatrixRes,GINConv,2,8,3,identity,208,1.0,1.0,1.0,1.0,2.95327390631428e-05,155.56176233291626,89609
SYN_BA_C8,MatrixRes,GINConv,3,8,3,identity,119,1.0,0.996875,0.9968745116424441,0.9964285714285713,0.007704079209361225,130.38647317886353,89609
SYN_BA_C8,MatrixRes,GINConv,4,8,3,identity,238,1.0,1.0,1.0,1.0,5.02192309795646e-05,158.50148153305054,89609
SYN_BA_C8,MatrixRes,SAGEConv,0,8,3,identity,142,0.7421875,0.728125,0.72297623369758,0.6892857142857143,0.6690057039260864,141.34915375709534,78089
SYN_BA_C8,MatrixRes,SAGEConv,1,8,3,identity,54,0.6640625,0.69375,0.6899292338017828,0.65,0.6696600914001465,81.1867983341217,78089
SYN_BA_C8,MatrixRes,SAGEConv,2,8,3,identity,100,0.7421875,0.709375,0.7056368620389483,0.6678571428571428,0.5989046692848206,108.28747034072876,78089
SYN_BA_C8,MatrixRes,SAGEConv,3,8,3,identity,113,0.78125,0.7125,0.7151036178433439,0.6714285714285715,0.695065188407898,119.34417819976807,78089
SYN_BA_C8,MatrixRes,SAGEConv,4,8,3,identity,92,0.7109375,0.71875,0.7126057663313963,0.6785714285714286,0.6185501337051391,101.39264154434204,78089
SYN_BA_C8,Plain,GATConv,0,8,3,identity,81,0.7265625,0.66875,0.666904323746429,0.6214285714285713,0.7843967795372009,65.85688328742981,41225
SYN_BA_C8,Plain,GATConv,1,8,3,identity,122,0.6796875,0.68125,0.6807994477107702,0.6357142857142858,0.7359690189361572,86.51253771781921,41225
SYN_BA_C8,Plain,GATConv,2,8,3,identity,91,0.6953125,0.703125,0.6976267438649424,0.6607142857142857,0.7150958895683288,74.08604741096497,41225
SYN_BA_C8,Plain,GATConv,3,8,3,identity,42,0.71875,0.6875,0.6804057520009013,0.6428571428571429,0.7908881306648254,52.27936148643494,41225
SYN_BA_C8,Plain,GATConv,4,8,3,identity,41,0.6953125,0.675,0.6702782236592142,0.6285714285714287,0.7666842222213746,45.601359128952026,41225
SYN_BA_C8,Plain,GCNConv,0,8,3,identity,40,0.7109375,0.675,0.665311481853913,0.6285714285714287,0.7682557582855225,35.96875262260437,39689
SYN_BA_C8,Plain,GCNConv,1,8,3,identity,46,0.625,0.60625,0.5863061567854133,0.5499999999999999,0.8369459748268128,36.98281693458557,39689
SYN_BA_C8,Plain,GCNConv,2,8,3,identity,76,0.6171875,0.640625,0.6237236725240622,0.5892857142857143,0.7909103989601135,49.1904296875,39689
SYN_BA_C8,Plain,GCNConv,3,8,3,identity,60,0.6875,0.596875,0.5855299283257225,0.5392857142857144,0.915953254699707,42.119730710983276,39689
SYN_BA_C8,Plain,GCNConv,4,8,3,identity,37,0.6171875,0.65625,0.6518451023213061,0.6071428571428571,0.7626216769218445,37.03143048286438,39689
SYN_BA_C8,Plain,GINConv,0,8,3,identity,167,1.0,0.996875,0.9968745116424441,0.9964285714285713,0.017580468486994506,70.631502866745,89609
SYN_BA_C8,Plain,GINConv,1,8,3,identity,188,1.0,0.996875,0.9968745116424441,0.9964285714285713,0.013270153105258942,65.35299253463745,89609
SYN_BA_C8,Plain,GINConv,2,8,3,identity,187,1.0,1.0,1.0,1.0,0.003501128521747887,71.13827705383301,89609
SYN_BA_C8,Plain,GINConv,3,8,3,identity,190,1.0,1.0,1.0,1.0,0.0064662962686270475,70.41633200645447,89609
SYN_BA_C8,Plain,GINConv,4,8,3,identity,192,1.0,0.996875,0.9968745116424441,0.9964285714285713,0.009606719389557839,66.89651846885681,89609
SYN_BA_C8,Plain,SAGEConv,0,8,3,identity,30,0.609375,0.584375,0.5661842792245031,0.525,0.8531872749328613,29.644455432891846,78089
SYN_BA_C8,Plain,SAGEConv,1,8,3,identity,30,0.5078125,0.521875,0.5017176309227904,0.45357142857142857,0.9546256065368652,27.62044358253479,78089
SYN_BA_C8,Plain,SAGEConv,2,8,3,identity,40,0.5625,0.5625,0.5394511016359512,0.5,0.8638880372047424,30.96606945991516,78089
SYN_BA_C8,Plain,SAGEConv,3,8,3,identity,18,0.546875,0.490625,0.4648565110399686,0.4178571428571428,1.0650480747222901,23.573665857315063,78089
SYN_BA_C8,Plain,SAGEConv,4,8,3,identity,14,0.46875,0.5,0.46602992468408044,0.42857142857142855,1.0877059936523437,22.20486354827881,78089
SYN_BA_C8,VerticalRes,GATConv,0,8,3,identity,29,0.609375,0.621875,0.5951485673753077,0.5678571428571428,0.8613020420074463,48.00490593910217,41225
SYN_BA_C8,VerticalRes,GATConv,1,8,3,identity,66,0.625,0.653125,0.6198813495075111,0.6035714285714285,0.7665197253227234,69.34025716781616,41225
SYN_BA_C8,VerticalRes,GATConv,2,8,3,identity,45,0.6640625,0.675,0.6663908394174921,0.6285714285714287,0.7737856507301331,55.73602509498596,41225
SYN_BA_C8,VerticalRes,GATConv,3,8,3,identity,18,0.6171875,0.615625,0.5793667339785777,0.5607142857142857,0.9131434202194214,45.11513614654541,41225
SYN_BA_C8,VerticalRes,GATConv,4,8,3,identity,24,0.6484375,0.571875,0.5656921707313509,0.5107142857142858,0.9013579607009887,47.66919159889221,41225
SYN_BA_C8,VerticalRes,GCNConv,0,8,3,identity,65,0.6875,0.65625,0.6421133154711245,0.6071428571428571,0.7677857398986816,55.3013014793396,39689
SYN_BA_C8,VerticalRes,GCNConv,1,8,3,identity,40,0.640625,0.659375,0.6477026621589979,0.6107142857142858,0.7541192293167114,43.86481475830078,39689
SYN_BA_C8,VerticalRes,GCNConv,2,8,3,identity,62,0.640625,0.64375,0.6206819668514887,0.5928571428571429,0.7752086162567139,51.930607318878174,39689
SYN_BA_C8,VerticalRes,GCNConv,3,8,3,identity,58,0.65625,0.584375,0.5695093642436675,0.525,0.8967328548431397,50.99197721481323,39689
SYN_BA_C8,VerticalRes,GCNConv,4,8,3,identity,27,0.640625,0.64375,0.638723067004396,0.5928571428571429,0.777377438545227,42.60339832305908,39689
SYN_BA_C8,VerticalRes,GINConv,0,8,3,identity,196,1.0,0.996875,0.9968745116424441,0.9964285714285713,0.011528893001377582,84.43382787704468,89609
SYN_BA_C8,VerticalRes,GINConv,1,8,3,identity,186,1.0,0.990625,0.990620602949511,0.9892857142857142,0.017326000332832336,86.12770295143127,89609
SYN_BA_C8,VerticalRes,GINConv,2,8,3,identity,196,1.0,1.0,1.0,1.0,0.005092474073171616,83.5965187549591,89609
SYN_BA_C8,VerticalRes,GINConv,3,8,3,identity,123,0.9921875,0.99375,0.99375,0.9928571428571429,0.01647304557263851,77.78537678718567,89609
SYN_BA_C8,VerticalRes,GINConv,4,8,3,identity,154,1.0,0.990625,0.9906221055881445,0.9892857142857142,0.015246954560279847,79.23980069160461,89609
SYN_BA_C8,VerticalRes,SAGEConv,0,8,3,identity,121,0.7265625,0.7125,0.699660239458598,0.6714285714285715,0.666000497341156,68.42164087295532,78089
SYN_BA_C8,VerticalRes,SAGEConv,1,8,3,identity,36,0.671875,0.73125,0.7264987842174385,0.6928571428571428,0.7237918376922607,36.50093340873718,78089
SYN_BA_C8,VerticalRes,SAGEConv,2,8,3,identity,71,0.6796875,0.703125,0.6820606997299639,0.6607142857142857,0.6586122274398803,52.457321643829346,78089
SYN_BA_C8,VerticalRes,SAGEConv,3,8,3,identity,88,0.75,0.675,0.6655867769917088,0.6285714285714287,0.7178985834121704,56.22211146354675,78089
SYN_BA_C8,VerticalRes,SAGEConv,4,8,3,identity,54,0.6875,0.690625,0.6767513627460904,0.6464285714285715,0.6573346853256226,44.1237256526947,78089
SYN_ER_C2,HorizontalRes,GATConv,0,2,3,identity,43,1.0,0.9875,0.9874980465697765,0.9750000000000001,0.0117568988353014,22.796367645263672,40835
SYN_ER_C2,HorizontalRes,GATConv,1,2,3,identity,127,1.0,1.0,1.0,1.0,0.00381728308275342,43.815834522247314,40835
SYN_ER_C2,HorizontalRes,GATConv,2,2,3,identity,200,1.0,1.0,1.0,1.0,2.4265375031973235e-05,45.103156328201294,40835
SYN_ER_C2,HorizontalRes,GATConv,3,2,3,identity,62,1.0,1.0,1.0,1.0,0.0005544755840674043,30.258620023727417,40835
SYN_ER_C2,HorizontalRes,GATConv,4,2,3,identity,31,1.0,1.0,1.0,1.0,0.0008096651290543377,22.487350463867188,40835
SYN_ER_C2,HorizontalRes,GCNConv,0,2,3,identity,21,1.0,1.0,1.0,1.0,3.824551185971359e-06,14.367475509643555,39299
SYN_ER_C2,HorizontalRes,GCNConv,1,2,3,identity,15,1.0,1.0,1.0,1.0,1.5944191034122923e-07,13.07235598564148,39299
SYN_ER_C2,HorizontalRes,GCNConv,2,2,3,identity,58,1.0,1.0,1.0,1.0,4.233480285620317e-05,20.06652808189392,39299
SYN_ER_C2,HorizontalRes,GCNConv,3,2,3,identity,18,1.0,1.0,1.0,1.0,4.742149940284435e-06,14.506454706192017,39299
SYN_ER_C2,HorizontalRes,GCNConv,4,2,3,identity,16,1.0,1.0,1.0,1.0,1.4901158529312397e-08,13.642143487930298,39299
SYN_ER_C2,HorizontalRes,GINConv,0,2,3,identity,18,1.0,1.0,1.0,1.0,0.0,15.271134614944458,89219
SYN_ER_C2,HorizontalRes,GINConv,1,2,3,identity,12,1.0,1.0,1.0,1.0,3.874296794492693e-08,14.508750677108765,89219
SYN_ER_C2,HorizontalRes,GINConv,2,2,3,identity,14,1.0,1.0,1.0,1.0,0.0,14.620303630828857,89219
SYN_ER_C2,HorizontalRes,GINConv,3,2,3,identity,15,1.0,1.0,1.0,1.0,0.0,14.502480030059814,89219
SYN_ER_C2,HorizontalRes,GINConv,4,2,3,identity,13,1.0,1.0,1.0,1.0,0.0,14.062902688980103,89219
SYN_ER_C2,HorizontalRes,SAGEConv,0,2,3,identity,48,1.0,1.0,1.0,1.0,3.838112024823204e-05,18.7614529132843,77699
SYN_ER_C2,HorizontalRes,SAGEConv,1,2,3,identity,66,1.0,1.0,1.0,1.0,0.00011492862540762872,20.68651247024536,77699
SYN_ER_C2,HorizontalRes,SAGEConv,2,2,3,identity,34,1.0,1.0,1.0,1.0,0.00207953667268157,16.56443190574646,77699
SYN_ER_C2,HorizontalRes,SAGEConv,3,2,3,identity,24,1.0,1.0,1.0,1.0,0.0,14.67258095741272,77699
SYN_ER_C2,HorizontalRes,SAGEConv,4,2,3,identity,177,1.0,1.0,1.0,1.0,9.328115879725374e-07,27.641382217407227,77699
SYN_ER_C2,MatrixResGated,GATConv,0,2,3,sparse,41,1.0,1.0,1.0,1.0,0.0001216749515151605,38.04558706283569,40835
SYN_ER_C2,MatrixResGated,GATConv,1,2,3,sparse,89,1.0,1.0,1.0,1.0,0.0011935618240386248,54.27444052696228,40835
SYN_ER_C2,MatrixResGated,GATConv,2,2,3,sparse,202,1.0,1.0,1.0,1.0,7.725049727014266e-06,74.26133155822754,40835
SYN_ER_C2,MatrixResGated,GATConv,3,2,3,sparse,240,1.0,1.0,1.0,1.0,1.551792593090795e-05,74.60602116584778,40835
SYN_ER_C2,MatrixResGated,GATConv,4,2,3,sparse,34,1.0,1.0,1.0,1.0,5.708349635824561e-05,37.529717683792114,40835
SYN_ER_C2,MatrixResGated,GCNConv,0,2,3,sparse,74,1.0,1.0,1.0,1.0,6.097576260799542e-05,41.34053921699524,39299
SYN_ER_C2,MatrixResGated,GCNConv,1,2,3,sparse,93,1.0,1.0,1.0,1.0,9.563347703078762e-05,46.31526517868042,39299
SYN_ER_C2,MatrixResGated,GCNConv,2,2,3,sparse,135,1.0,1.0,1.0,1.0,5.3208477766020223e-05,59.36347198486328,39299
SYN_ER_C2,MatrixResGated,GCNConv,3,2,3,sparse,119,1.0,1.0,1.0,1.0,0.0002132199879270047,55.348647356033325,39299
SYN_ER_C2,MatrixResGated,GCNConv,4,2,3,sparse,231,1.0,1.0,1.0,1.0,6.556375410582405e-06,66.73455619812012,39299
SYN_ER_C2,MatrixResGated,GINConv,0,2,3,sparse,44,1.0,1.0,1.0,1.0,1.639127589214695e-08,33.65049362182617,89219
SYN_ER_C2,MatrixResGated,GINConv,1,2,3,sparse,77,1.0,1.0,1.0,1.0,1.296399432249018e-07,41.01749777793884,89219
SYN_ER_C2,MatrixResGated,GINConv,2,2,3,sparse,47,1.0,1.0,1.0,1.0,3.874300347206372e-08,34.39127850532532,89219
SYN_ER_C2,MatrixResGated,GINConv,3,2,3,sparse,77,1.0,0.9875,0.9874980465697765,0.9750000000000001,0.1456972360610962,41.267102003097534,89219
SYN_ER_C2,MatrixResGated,GINConv,4,2,3,sparse,54,1.0,1.0,1.0,1.0,4.321335467238896e-08,35.35329079627991,89219
SYN_ER_C2,MatrixResGated,SAGEConv,0,2,3,sparse,74,1.0,1.0,1.0,1.0,1.604824547030148e-06,42.47668814659119,77699
SYN_ER_C2,MatrixResGated,SAGEConv,1,2,3,sparse,101,1.0,1.0,1.0,1.0,8.392446034122258e-05,45.85144519805908,77699
SYN_ER_C2,MatrixResGated,SAGEConv,2,2,3,sparse,234,1.0,1.0,1.0,1.0,5.677335366272018e-07,63.70943260192871,77699
SYN_ER_C2,MatrixResGated,SAGEConv,3,2,3,sparse,105,1.0,1.0,1.0,1.0,1.0132739589607809e-06,47.28799891471863,77699
SYN_ER_C2,MatrixResGated,SAGEConv,4,2,3,sparse,219,1.0,1.0,1.0,1.0,2.250074402354585e-07,61.48590111732483,77699
SYN_ER_C2,MatrixRes,GATConv,0,2,3,identity,52,1.0,1.0,1.0,1.0,0.00017230513913091272,41.12946557998657,40835
SYN_ER_C2,MatrixRes,GATConv,1,2,3,identity,38,1.0,1.0,1.0,1.0,0.00030770080047659576,37.96326017379761,40835
SYN_ER_C2,MatrixRes,GATConv,2,2,3,identity,178,1.0,1.0,1.0,1.0,3.719161668414017e-06,71.24034094810486,40835
SYN_ER_C2,MatrixRes,GATConv,3,2,3,identity,240,1.0,1.0,1.0,1.0,1.7793343431549147e-05,71.93553304672241,40835
SYN_ER_C2,MatrixRes,GATConv,4,2,3,identity,34,1.0,1.0,1.0,1.0,4.7903042286634445e-05,35.710715770721436,40835
SYN_ER_C2,MatrixRes,GCNConv,0,2,3,identity,210,1.0,1.0,1.0,1.0,1.8412969438941218e-05,62.384774923324585,39299
SYN_ER_C2,MatrixRes,GCNConv,1,2,3,identity,93,1.0,1.0,1.0,1.0,7.704658492002636e-05,44.54605555534363,39299
SYN_ER_C2,MatrixRes,GCNConv,2,2,3,identity,114,1.0,1.0,1.0,1.0,0.0005556165706366301,51.69289231300354,39299
SYN_ER_C2,MatrixRes,GCNConv,3,2,3,identity,96,1.0,1.0,1.0,1.0,0.0003978995664510876,48.69027400016785,39299
SYN_ER_C2,MatrixRes,GCNConv,4,2,3,identity,207,1.0,1.0,1.0,1.0,3.0308578971016686e-06,65.18406367301941,39299
SYN_ER_C2,MatrixRes,GINConv,0,2,3,identity,41,1.0,1.0,1.0,1.0,5.662440116793732e-08,31.73078441619873,89219
SYN_ER_C2,MatrixRes,GINConv,1,2,3,identity,47,1.0,1.0,1.0,1.0,7.59958993512555e-08,31.56548023223877,89219
SYN_ER_C2,MatrixRes,GINConv,2,2,3,identity,27,1.0,1.0,1.0,1.0,5.081283234176226e-07,26.588956832885742,89219
SYN_ER_C2,MatrixRes,GINConv,3,2,3,identity,19,1.0,1.0,1.0,1.0,2.995098213887104e-07,25.545791625976562,89219
SYN_ER_C2,MatrixRes,GINConv,4,2,3,identity,50,1.0,1.0,1.0,1.0,1.4901160305669237e-09,33.304797887802124,89219
SYN_ER_C2,MatrixRes,SAGEConv,0,2,3,identity,99,1.0,1.0,1.0,1.0,9.50671903865441e-07,49.55448126792908,77699
SYN_ER_C2,MatrixRes,SAGEConv,1,2,3,identity,101,1.0,1.0,1.0,1.0,2.5839981390163302e-05,46.1812002658844,77699
SYN_ER_C2,MatrixRes,SAGEConv,2,2,3,identity,124,1.0,1.0,1.0,1.0,7.450579175838357e-08,53.20165133476257,77699
SYN_ER_C2,MatrixRes,SAGEConv,3,2,3,identity,104,1.0,1.0,1.0,1.0,3.874297362926882e-07,46.28308820724487,77699
SYN_ER_C2,MatrixRes,SAGEConv,4,2,3,identity,82,1.0,1.0,1.0,1.0,1.8626445807967684e-07,41.005091428756714,77699
SYN_ER_C2,Plain,GATConv,0,2,3,identity,145,1.0,1.0,1.0,1.0,0.013845793902873993,32.80966019630432,40835
SYN_ER_C2,Plain,GATConv,1,2,3,identity,14,1.0,0.975,0.975,0.95,0.10585184395313263,13.501448631286621,40835
SYN_ER_C2,Plain,GATConv,2,2,3,identity,20,1.0,1.0,1.0,1.0,0.01047707349061966,14.212526321411133,40835
SYN_ER_C2,Plain,GATConv,3,2,3,identity,38,1.0,1.0,1.0,1.0,0.0011550976196303964,16.205837965011597,40835
SYN_ER_C2,Plain,GATConv,4,2,3,identity,25,1.0,1.0,1.0,1.0,0.0012886365875601768,14.772994756698608,40835
SYN_ER_C2,Plain,GCNConv,0,2,3,identity,37,1.0,1.0,1.0,1.0,8.806511004877393e-07,13.431516408920288,39299
SYN_ER_C2,Plain,GCNConv,1,2,3,identity,27,1.0,1.0,1.0,1.0,1.8523691323935054e-05,12.250713348388672,39299
SYN_ER_C2,Plain,GCNConv,2,2,3,identity,31,1.0,1.0,1.0,1.0,8.878052540239878e-06,13.50327444076538,39299
SYN_ER_C2,Plain,GCNConv,3,2,3,identity,33,1.0,1.0,1.0,1.0,0.0001066136610461399,13.539560079574585,39299
SYN_ER_C2,Plain,GCNConv,4,2,3,identity,24,1.0,1.0,1.0,1.0,7.569778404104e-07,11.063021421432495,39299
SYN_ER_C2,Plain,GINConv,0,2,3,identity,15,1.0,1.0,1.0,1.0,0.0,5.624741792678833,89219
SYN_ER_C2,Plain,GINConv,1,2,3,identity,16,1.0,1.0,1.0,1.0,0.0,9.07237434387207,89219
SYN_ER_C2,Plain,GINConv,2,2,3,identity,14,1.0,1.0,1.0,1.0,0.0,8.157305240631104,89219
SYN_ER_C2,Plain,GINConv,3,2,3,identity,26,1.0,1.0,1.0,1.0,0.0,10.11106824874878,89219
SYN_ER_C2,Plain,GINConv,4,2,3,identity,15,1.0,1.0,1.0,1.0,2.8666547677858034e-06,8.537656545639038,89219
SYN_ER_C2,Plain,SAGEConv,0,2,3,identity,28,1.0,1.0,1.0,1.0,3.454239049460739e-05,12.809706449508667,77699
SYN_ER_C2,Plain,SAGEConv,1,2,3,identity,20,1.0,1.0,1.0,1.0,0.00016555101319681853,8.175992727279663,77699
SYN_ER_C2,Plain,SAGEConv,2,2,3,identity,65,1.0,1.0,1.0,1.0,2.217264864157187e-06,13.719531297683716,77699
SYN_ER_C2,Plain,SAGEConv,3,2,3,identity,32,1.0,1.0,1.0,1.0,1.3970233339932747e-05,10.453581094741821,77699
SYN_ER_C2,Plain,SAGEConv,4,2,3,identity,24,1.0,1.0,1.0,1.0,3.717054278240539e-05,9.481682538986206,77699
SYN_ER_C2,VerticalRes,GATConv,0,2,3,identity,50,1.0,0.9875,0.9874980465697765,0.9750000000000001,0.02222699299454689,22.14426589012146,40835
SYN_ER_C2,VerticalRes,GATConv,1,2,3,identity,111,1.0,0.9875,0.9874980465697765,0.9750000000000001,0.015547655522823334,35.20105719566345,40835
SYN_ER_C2,VerticalRes,GATConv,2,2,3,identity,28,1.0,1.0,1.0,1.0,0.00017246740753762424,19.080557107925415,40835
SYN_ER_C2,VerticalRes,GATConv,3,2,3,identity,105,1.0,1.0,1.0,1.0,0.0014317443128675222,31.166420459747314,40835
SYN_ER_C2,VerticalRes,GATConv,4,2,3,identity,30,1.0,1.0,1.0,1.0,0.006690823473036289,18.580943822860718,40835
SYN_ER_C2,VerticalRes,GCNConv,0,2,3,identity,31,1.0,1.0,1.0,1.0,1.9397975847823545e-05,13.911532878875732,39299
SYN_ER_C2,VerticalRes,GCNConv,1,2,3,identity,37,1.0,1.0,1.0,1.0,5.2128900279058143e-05,14.535717725753784,39299
SYN_ER_C2,VerticalRes,GCNConv,2,2,3,identity,22,1.0,1.0,1.0,1.0,0.00017516870866529644,13.771309852600098,39299
SYN_ER_C2,VerticalRes,GCNConv,3,2,3,identity,23,1.0,1.0,1.0,1.0,0.0005222165491431952,13.279840230941772,39299
SYN_ER_C2,VerticalRes,GCNConv,4,2,3,identity,27,1.0,1.0,1.0,1.0,4.133526090299711e-06,12.977584838867188,39299
SYN_ER_C2,VerticalRes,GINConv,0,2,3,identity,34,1.0,1.0,1.0,1.0,1.4901073086548422e-07,14.901461839675903,89219
SYN_ER_C2,VerticalRes,GINConv,1,2,3,identity,18,1.0,1.0,1.0,1.0,7.4505797087454084e-09,12.767430543899536,89219
SYN_ER_C2,VerticalRes,GINConv,2,2,3,identity,50,1.0,1.0,1.0,1.0,0.0,16.18234658241272,89219
SYN_ER_C2,VerticalRes,GINConv,3,2,3,identity,15,1.0,1.0,1.0,1.0,3.4272638060883764e-08,10.664085626602173,89219
SYN_ER_C2,VerticalRes,GINConv,4,2,3,identity,14,1.0,1.0,1.0,1.0,0.0,10.91937780380249,89219
SYN_ER_C2,VerticalRes,SAGEConv,0,2,3,identity,33,1.0,1.0,1.0,1.0,1.1816375717899064e-06,16.19365644454956,77699
SYN_ER_C2,VerticalRes,SAGEConv,1,2,3,identity,54,1.0,1.0,1.0,1.0,5.70502470509382e-06,16.313291311264038,77699
SYN_ER_C2,VerticalRes,SAGEConv,2,2,3,identity,28,1.0,1.0,1.0,1.0,1.9371507065102378e-08,12.422136783599854,77699
SYN_ER_C2,VerticalRes,SAGEConv,3,2,3,identity,27,1.0,1.0,1.0,1.0,4.470348091700771e-09,12.140738725662231,77699
SYN_ER_C2,VerticalRes,SAGEConv,4,2,3,identity,72,1.0,1.0,1.0,1.0,4.261729031895811e-07,18.015822887420654,77699
SYN_ER_C3,HorizontalRes,GATConv,0,3,3,identity,90,1.0,1.0,1.0,1.0,0.007669513579457998,39.030155181884766,40900
SYN_ER_C3,HorizontalRes,GATConv,1,3,3,identity,159,1.0,0.9916666666666667,0.991665364379851,0.9875,0.023868700489401817,51.234253883361816,40900
SYN_ER_C3,HorizontalRes,GATConv,2,3,3,identity,54,1.0,1.0,1.0,1.0,0.013072741217911243,31.029802322387695,40900
SYN_ER_C3,HorizontalRes,GATConv,3,3,3,identity,144,1.0,1.0,1.0,1.0,0.0026296444702893496,52.3853120803833,40900
SYN_ER_C3,HorizontalRes,GATConv,4,3,3,identity,73,1.0,0.9833333333333333,0.9833229101521784,0.9749999999999998,0.07767987251281738,32.45820593833923,40900
SYN_ER_C3,HorizontalRes,GCNConv,0,3,3,identity,149,1.0,0.9916666666666667,0.991665364379851,0.9875,0.029327472671866417,40.59645199775696,39364
SYN_ER_C3,HorizontalRes,GCNConv,1,3,3,identity,160,1.0,1.0,1.0,1.0,6.796690286137164e-05,42.64288401603699,39364
SYN_ER_C3,HorizontalRes,GCNConv,2,3,3,identity,178,1.0,0.9916666666666667,0.991665364379851,0.9875,0.006029770243912935,43.20007538795471,39364
SYN_ER_C3,HorizontalRes,GCNConv,3,3,3,identity,177,1.0,1.0,1.0,1.0,1.884258381323889e-05,42.465110778808594,39364
SYN_ER_C3,HorizontalRes,GCNConv,4,3,3,identity,75,1.0,0.9833333333333333,0.9833229101521784,0.9749999999999998,0.09507348388433456,28.54154324531555,39364
SYN_ER_C3,HorizontalRes,GINConv,0,3,3,identity,88,1.0,0.9916666666666667,0.991665364379851,0.9875,0.013216152787208557,29.13990569114685,89284
SYN_ER_C3,HorizontalRes,GINConv,1,3,3,identity,22,0.9791666666666666,0.9916666666666667,0.991665364379851,0.9875,0.023598967120051384,15.282449722290039,89284
SYN_ER_C3,HorizontalRes,GINConv,2,3,3,identity,70,1.0,1.0,1.0,1.0,0.0033927778713405132,26.124553442001343,89284
SYN_ER_C3,HorizontalRes,GINConv,3,3,3,identity,147,1.0,0.9916666666666667,0.991665364379851,0.9875,0.040051642805337906,40.75442695617676,89284
SYN_ER_C3,HorizontalRes,GINConv,4,3,3,identity,46,1.0,0.9833333333333333,0.9833229101521784,0.9749999999999998,0.28554871678352356,20.77127480506897,89284
SYN_ER_C3,HorizontalRes,SAGEConv,0,3,3,identity,125,1.0,1.0,1.0,1.0,0.0001322737371083349,37.113128662109375,77764
SYN_ER_C3,HorizontalRes,SAGEConv,1,3,3,identity,132,1.0,0.9916666666666667,0.991665364379851,0.9875,0.016354041174054146,37.453789710998535,77764
SYN_ER_C3,HorizontalRes,SAGEConv,2,3,3,identity,176,1.0,1.0,1.0,1.0,0.0010326453484594822,39.0049102306366,77764
SYN_ER_C3,HorizontalRes,SAGEConv,3,3,3,identity,164,1.0,1.0,1.0,1.0,0.0009017662378028035,38.502021074295044,77764
SYN_ER_C3,HorizontalRes,SAGEConv,4,3,3,identity,109,1.0,0.9916666666666667,0.991665364379851,0.9875,0.07963691651821136,31.627505779266357,77764
SYN_ER_C3,MatrixResGated,GATConv,0,3,3,sparse,152,1.0,0.9916666666666667,0.991665364379851,0.9875,0.04299776628613472,78.19640374183655,40900
SYN_ER_C3,MatrixResGated,GATConv,1,3,3,sparse,113,1.0,0.9916666666666667,0.991665364379851,0.9875,0.03017527051270008,66.22849106788635,40900
SYN_ER_C3,MatrixResGated,GATConv,2,3,3,sparse,72,1.0,1.0,1.0,1.0,0.00350101082585752,53.48369646072388,40900
SYN_ER_C3,MatrixResGated,GATConv,3,3,3,sparse,144,1.0,1.0,1.0,1.0,0.001768498565070331,76.79891085624695,40900
SYN_ER_C3,MatrixResGated,GATConv,4,3,3,sparse,71,1.0,0.9833333333333333,0.9833229101521784,0.9749999999999998,0.1088092252612114,50.0140175819397,40900
SYN_ER_C3,MatrixResGated,GCNConv,0,3,3,sparse,175,1.0,1.0,1.0,1.0,0.0038259634748101234,68.52207064628601,39364
SYN_ER_C3,MatrixResGated,GCNConv,1,3,3,sparse,222,1.0,1.0,1.0,1.0,0.0018908201018348336,71.49276161193848,39364
SYN_ER_C3,MatrixResGated,GCNConv,2,3,3,sparse,83,1.0,0.9916666666666667,0.991665364379851,0.9875,0.015142369084060192,50.96025896072388,39364
SYN_ER_C3,MatrixResGated,GCNConv,3,3,3,sparse,196,1.0,1.0,1.0,1.0,0.00037347772740758955,71.4982168674469,39364
SYN_ER_C3,MatrixResGated,GCNConv,4,3,3,sparse,76,1.0,0.9833333333333333,0.9833229101521784,0.9749999999999998,0.09305282682180405,46.17715811729431,39364
SYN_ER_C3,MatrixResGated,GINConv,0,3,3,sparse,240,1.0,1.0,1.0,1.0,0.0008884038543328643,67.27803301811218,89284
SYN_ER_C3,MatrixResGated,GINConv,1,3,3,sparse,43,1.0,0.9916666666666667,0.991665364379851,0.9875,0.010805181227624416,34.20037651062012,89284
SYN_ER_C3,MatrixResGated,GINConv,2,3,3,sparse,76,1.0,1.0,1.0,1.0,0.0017504642019048333,44.70054864883423,89284
SYN_ER_C3,MatrixResGated,GINConv,3,3,3,sparse,64,1.0,0.9916666666666667,0.991665364379851,0.9875,0.007331242319196463,41.564242362976074,89284
SYN_ER_C3,MatrixResGated,GINConv,4,3,3,sparse,58,1.0,0.9833333333333333,0.9833229101521784,0.9749999999999998,0.22426721453666687,37.17600727081299,89284
SYN_ER_C3,MatrixResGated,SAGEConv,0,3,3,sparse,98,1.0,1.0,1.0,1.0,0.0004141399695072323,50.070422649383545,77764
SYN_ER_C3,MatrixResGated,SAGEConv,1,3,3,sparse,94,1.0,0.9916666666666667,0.991665364379851,0.9875,0.041608087718486786,48.33473467826843,77764
SYN_ER_C3,MatrixResGated,SAGEConv,2,3,3,sparse,236,1.0,1.0,1.0,1.0,0.0002817769709508866,64.5311393737793,77764
SYN_ER_C3,MatrixResGated,SAGEConv,3,3,3,sparse,116,1.0,1.0,1.0,1.0,0.0027012652717530727,54.668978691101074,77764
SYN_ER_C3,MatrixResGated,SAGEConv,4,3,3,sparse,91,1.0,0.9916666666666667,0.991665364379851,0.9875,0.09497115015983582,48.42474055290222,77764
SYN_ER_C3,MatrixRes,GATConv,0,3,3,identity,154,1.0,0.9916666666666667,0.991665364379851,0.9875,0.03928491100668907,77.18312668800354,40900
SYN_ER_C3,MatrixRes,GATConv,1,3,3,identity,147,1.0,1.0,1.0,1.0,0.002798062050715089,75.54322934150696,40900
SYN_ER_C3,MatrixRes,GATConv,2,3,3,identity,81,0.9791666666666666,1.0,1.0,1.0,0.0022728682961314917,54.58592343330383,40900
SYN_ER_C3,MatrixRes,GATConv,3,3,3,identity,143,1.0,0.9833333333333333,0.9833229101521784,0.9749999999999998,0.02675602398812771,72.77736592292786,40900
SYN_ER_C3,MatrixRes,GATConv,4,3,3,identity,177,1.0,0.9833333333333333,0.9833229101521784,0.9749999999999998,0.10477247089147568,75.94167518615723,40900
SYN_ER_C3,MatrixRes,GCNConv,0,3,3,identity,230,1.0,1.0,1.0,1.0,0.0008920857217162848,67.53081154823303,39364
SYN_ER_C3,MatrixRes,GCNConv,1,3,3,identity,153,1.0,1.0,1.0,1.0,0.0010086209513247013,66.5908215045929,39364
SYN_ER_C3,MatrixRes,GCNConv,2,3,3,identity,83,1.0,0.9916666666666667,0.991665364379851,0.9875,0.01432341430336237,46.21628451347351,39364
SYN_ER_C3,MatrixRes,GCNConv,3,3,3,identity,194,1.0,1.0,1.0,1.0,0.00042933170334436,72.13328385353088,39364
SYN_ER_C3,MatrixRes,GCNConv,4,3,3,identity,152,1.0,0.9833333333333333,0.9833229101521784,0.9749999999999998,0.09193610399961472,70.0323178768158,39364
SYN_ER_C3,MatrixRes,GINConv,0,3,3,identity,40,1.0,0.9916666666666667,0.991665364379851,0.9875,0.040129296481609344,34.57570958137512,89284
SYN_ER_C3,MatrixRes,GINConv,1,3,3,identity,73,1.0,1.0,1.0,1.0,0.0044246879406273365,40.43206977844238,89284
SYN_ER_C3,MatrixRes,GINConv,2,3,3,identity,49,1.0,1.0,1.0,1.0,0.001742121297866106,36.164891958236694,89284
SYN_ER_C3,MatrixRes,GINConv,3,3,3,identity,49,1.0,0.9916666666666667,0.991665364379851,0.9875,0.01573159731924534,37.01197934150696,89284
SYN_ER_C3,MatrixRes,GINConv,4,3,3,identity,38,0.9791666666666666,0.9833333333333333,0.9833229101521784,0.9749999999999998,0.23668916523456573,33.514766693115234,89284
SYN_ER_C3,MatrixRes,SAGEConv,0,3,3,identity,116,1.0,1.0,1.0,1.0,0.00020025894627906382,56.90714931488037,77764
SYN_ER_C3,MatrixRes,SAGEConv,1,3,3,identity,143,1.0,0.9916666666666667,0.991665364379851,0.9875,0.022671127691864967,62.71603584289551,77764
SYN_ER_C3,MatrixRes,SAGEConv,2,3,3,identity,179,1.0,1.0,1.0,1.0,0.00024861193378455937,59.23402786254883,77764
SYN_ER_C3,MatrixRes,SAGEConv,3,3,3,identity,102,1.0,1.0,1.0,1.0,0.0012772735208272934,47.80177688598633,77764
SYN_ER_C3,MatrixRes,SAGEConv,4,3,3,identity,55,1.0,0.9916666666666667,0.991665364379851,0.9875,0.09941259771585464,37.11836099624634,77764
SYN_ER_C3,Plain,GATConv,0,3,3,identity,93,1.0,1.0,1.0,1.0,0.00472603552043438,30.216849327087402,40900
SYN_ER_C3,Plain,GATConv,1,3,3,identity,115,1.0,0.9916666666666667,0.991665364379851,0.9875,0.011541535146534443,34.423696994781494,40900
SYN_ER_C3,Plain,GATConv,2,3,3,identity,149,1.0,1.0,1.0,1.0,0.008594539016485214,39.77651500701904,40900
SYN_ER_C3,Plain,GATConv,3,3,3,identity,135,1.0,1.0,1.0,1.0,0.004104407504200935,36.342488050460815,40900
SYN_ER_C3,Plain,GATConv,4,3,3,identity,83,1.0,0.9833333333333333,0.9833229101521784,0.9749999999999998,0.1292564570903778,29.16076159477234,40900
SYN_ER_C3,Plain,GCNConv,0,3,3,identity,132,1.0,1.0,1.0,1.0,0.006501960568130016,28.5979962348938,39364
SYN_ER_C3,Plain,GCNConv,1,3,3,identity,198,1.0,1.0,1.0,1.0,0.00034654480987228453,29.797916173934937,39364
SYN_ER_C3,Plain,GCNConv,2,3,3,identity,100,1.0,1.0,1.0,1.0,0.0011039816308766603,23.91915273666382,39364
SYN_ER_C3,Plain,GCNConv,3,3,3,identity,166,1.0,1.0,1.0,1.0,0.00022092650760896504,30.817268133163452,39364
SYN_ER_C3,Plain,GCNConv,4,3,3,identity,196,1.0,0.9916666666666667,0.991665364379851,0.9875,0.07270731031894684,31.662439107894897,39364
SYN_ER_C3,Plain,GINConv,0,3,3,identity,61,1.0,1.0,1.0,1.0,0.003699038177728653,16.867998123168945,89284
SYN_ER_C3,Plain,GINConv,1,3,3,identity,67,1.0,1.0,1.0,1.0,0.0025678512174636126,17.307456731796265,89284
SYN_ER_C3,Plain,GINConv,2,3,3,identity,75,1.0,1.0,1.0,1.0,0.005595700349658728,18.939256191253662,89284
SYN_ER_C3,Plain,GINConv,3,3,3,identity,135,1.0,0.9833333333333333,0.9832225387780943,0.9749999999999998,0.07282301038503647,26.563565731048584,89284
SYN_ER_C3,Plain,GINConv,4,3,3,identity,72,1.0,0.9833333333333333,0.9833229101521784,0.9749999999999998,0.38313084840774536,20.040014505386353,89284
SYN_ER_C3,Plain,SAGEConv,0,3,3,identity,60,1.0,1.0,1.0,1.0,0.002541974885389209,18.55807328224182,77764
SYN_ER_C3,Plain,SAGEConv,1,3,3,identity,102,0.9791666666666666,0.95,0.9497171590194845,0.9249999999999999,0.09534958004951477,20.885441303253174,77764
SYN_ER_C3,Plain,SAGEConv,2,3,3,identity,42,0.9791666666666666,0.9833333333333333,0.9833229101521784,0.9749999999999998,0.028170423582196236,13.70914101600647,77764
SYN_ER_C3,Plain,SAGEConv,3,3,3,identity,156,1.0,0.9916666666666667,0.991665364379851,0.9875,0.020829927176237106,24.798112630844116,77764
SYN_ER_C3,Plain,SAGEConv,4,3,3,identity,125,1.0,0.9916666666666667,0.991665364379851,0.9875,0.05734516680240631,23.995678663253784,77764
SYN_ER_C3,VerticalRes,GATConv,0,3,3,identity,134,1.0,1.0,1.0,1.0,0.00453884806483984,45.661247968673706,40900
SYN_ER_C3,VerticalRes,GATConv,1,3,3,identity,95,1.0,1.0,1.0,1.0,0.0022670330945402384,37.61679244041443,40900
SYN_ER_C3,VerticalRes,GATConv,2,3,3,identity,76,0.9791666666666666,1.0,1.0,1.0,0.006571431644260883,34.17642879486084,40900
SYN_ER_C3,VerticalRes,GATConv,3,3,3,identity,65,1.0,0.9916666666666667,0.991665364379851,0.9875,0.01778685860335827,28.521552085876465,40900
SYN_ER_C3,VerticalRes,GATConv,4,3,3,identity,50,1.0,0.975,0.9749920861031972,0.9624999999999998,0.08826637268066406,23.36667561531067,40900
SYN_ER_C3,VerticalRes,GCNConv,0,3,3,identity,179,1.0,1.0,1.0,1.0,0.0006528814556077123,36.689454317092896,39364
SYN_ER_C3,VerticalRes,GCNConv,1,3,3,identity,148,1.0,1.0,1.0,1.0,0.000880046165548265,37.5050323009491,39364
SYN_ER_C3,VerticalRes,GCNConv,2,3,3,identity,129,1.0,1.0,1.0,1.0,0.0012627672404050827,37.04766631126404,39364
SYN_ER_C3,VerticalRes,GCNConv,3,3,3,identity,140,1.0,1.0,1.0,1.0,0.0006132519338279963,37.89929461479187,39364
SYN_ER_C3,VerticalRes,GCNConv,4,3,3,identity,112,1.0,0.9916666666666667,0.991665364379851,0.9875,0.0749412253499031,30.533100366592407,39364
SYN_ER_C3,VerticalRes,GINConv,0,3,3,identity,61,1.0,0.9916666666666667,0.991665364379851,0.9875,0.04770822450518608,21.559571743011475,89284
SYN_ER_C3,VerticalRes,GINConv,1,3,3,identity,30,0.9583333333333334,0.9916666666666667,0.991665364379851,0.9875,0.03405323997139931,17.97380304336548,89284
SYN_ER_C3,VerticalRes,GINConv,2,3,3,identity,51,1.0,1.0,1.0,1.0,0.0026473032776266336,19.79959511756897,89284
SYN_ER_C3,VerticalRes,GINConv,3,3,3,identity,160,1.0,0.9833333333333333,0.9833333333333334,0.9749999999999998,0.16807161271572113,35.837944984436035,89284
SYN_ER_C3,VerticalRes,GINConv,4,3,3,identity,24,1.0,0.975,0.9749920861031972,0.9624999999999998,0.24411757290363312,15.962886810302734,89284
SYN_ER_C3,VerticalRes,SAGEConv,0,3,3,identity,136,1.0,1.0,1.0,1.0,0.00048610250814817846,34.40308666229248,77764
SYN_ER_C3,VerticalRes,SAGEConv,1,3,3,identity,131,1.0,0.9916666666666667,0.991665364379851,0.9875,0.07364987581968307,33.87072730064392,77764
SYN_ER_C3,VerticalRes,SAGEConv,2,3,3,identity,107,1.0,1.0,1.0,1.0,0.0020627276971936226,30.995502471923828,77764
SYN_ER_C3,VerticalRes,SAGEConv,3,3,3,identity,190,1.0,1.0,1.0,1.0,0.0007408556411974132,30.829951524734497,77764
SYN_ER_C3,VerticalRes,SAGEConv,4,3,3,identity,187,1.0,0.9916666666666667,0.991665364379851,0.9875,0.11297642439603806,31.450693130493164,77764
SYN_ER_C4,HorizontalRes,GATConv,0,4,3,identity,77,0.984375,0.99375,0.9937490232848882,0.9916666666666667,0.014445927925407887,47.009188652038574,40965
SYN_ER_C4,HorizontalRes,GATConv,1,4,3,identity,62,1.0,0.98125,0.9811669040835708,0.975,0.07132934033870697,43.584301233291626,40965
SYN_ER_C4,HorizontalRes,GATConv,2,4,3,identity,81,1.0,0.975,0.9751446216385241,0.9666666666666667,0.06434851139783859,50.064961433410645,40965
SYN_ER_C4,HorizontalRes,GATConv,3,4,3,identity,196,1.0,0.95,0.9503980890005155,0.9333333333333332,0.19242815673351288,65.4021065235138,40965
SYN_ER_C4,HorizontalRes,GATConv,4,4,3,identity,66,0.984375,0.9875,0.9874169040835707,0.9833333333333334,0.05806802585721016,43.90707325935364,40965
SYN_ER_C4,HorizontalRes,GCNConv,0,4,3,identity,100,0.984375,0.9875,0.9874921826141339,0.9833333333333334,0.029778962954878807,44.483429193496704,39429
SYN_ER_C4,HorizontalRes,GCNConv,1,4,3,identity,200,1.0,0.99375,0.9937490232848882,0.9916666666666667,0.029021117836236954,57.05121207237244,39429
SYN_ER_C4,HorizontalRes,GCNConv,2,4,3,identity,106,0.984375,0.98125,0.9811699093608377,0.975,0.058093659579753876,47.393720388412476,39429
SYN_ER_C4,HorizontalRes,GCNConv,3,4,3,identity,97,1.0,0.98125,0.9813233251003396,0.975,0.0618443489074707,43.80230450630188,39429
SYN_ER_C4,HorizontalRes,GCNConv,4,4,3,identity,171,1.0,0.99375,0.9937490232848882,0.9916666666666667,0.012206104584038258,56.96875739097595,39429
SYN_ER_C4,HorizontalRes,GINConv,0,4,3,identity,71,0.96875,0.9375,0.9380494505494505,0.9166666666666666,0.1642180234193802,36.018051862716675,89349
SYN_ER_C4,HorizontalRes,GINConv,1,4,3,identity,41,0.96875,0.95625,0.9563261837787154,0.9416666666666668,0.1667853444814682,26.2779541015625,89349
SYN_ER_C4,HorizontalRes,GINConv,2,4,3,identity,47,0.921875,0.9125,0.9123319262038775,0.8833333333333333,0.3741740584373474,28.95515465736389,89349
SYN_ER_C4,HorizontalRes,GINConv,3,4,3,identity,56,0.96875,0.91875,0.9192957006245484,0.8916666666666666,0.3155696392059326,32.35732293128967,89349
SYN_ER_C4,HorizontalRes,GINConv,4,4,3,identity,55,0.96875,0.95,0.9490078313607726,0.9333333333333332,0.18690374493598938,31.090901613235474,89349
SYN_ER_C4,HorizontalRes,SAGEConv,0,4,3,identity,98,0.96875,0.9875,0.9874921826141339,0.9833333333333334,0.06147805601358414,46.24905776977539,77829
SYN_ER_C4,HorizontalRes,SAGEConv,1,4,3,identity,134,1.0,0.9875,0.9874169040835707,0.9833333333333334,0.05400439351797104,50.99245047569275,77829
SYN_ER_C4,HorizontalRes,SAGEConv,2,4,3,identity,124,0.984375,0.975,0.9749921826141339,0.9666666666666667,0.09160884469747543,48.27219772338867,77829
SYN_ER_C4,HorizontalRes,SAGEConv,3,4,3,identity,57,0.984375,0.9875,0.9874921826141339,0.9833333333333334,0.08922982960939407,31.696540117263794,77829
SYN_ER_C4,HorizontalRes,SAGEConv,4,4,3,identity,191,1.0,0.98125,0.9810757595310441,0.975,0.028849830850958824,50.158968925476074,77829
SYN_ER_C4,MatrixResGated,GATConv,0,4,3,sparse,57,0.984375,0.9875,0.9874921826141339,0.9833333333333334,0.04664570838212967,64.16072654724121,40965
SYN_ER_C4,MatrixResGated,GATConv,1,4,3,sparse,93,1.0,0.9875,0.9874169040835707,0.9833333333333334,0.05290769785642624,80.31941342353821,40965
SYN_ER_C4,MatrixResGated,GATConv,2,4,3,sparse,57,0.984375,0.9625,0.9624970698546647,0.9500000000000001,0.09421781450510025,64.31360912322998,40965
SYN_ER_C4,MatrixResGated,GATConv,3,4,3,sparse,135,1.0,0.95,0.9502239157762414,0.9333333333333332,0.123228058218956,95.7629508972168,40965
SYN_ER_C4,MatrixResGated,GATConv,4,4,3,sparse,77,0.984375,0.98125,0.981223595681427,0.975,0.053870201110839844,70.36115741729736,40965
SYN_ER_C4,MatrixResGated,GCNConv,0,4,3,sparse,86,0.984375,0.96875,0.9686969148994464,0.9583333333333334,0.08901002258062363,66.00153470039368,39429
SYN_ER_C4,MatrixResGated,GCNConv,1,4,3,sparse,160,1.0,0.9875,0.9874980465697765,0.9833333333333334,0.05101432651281357,92.93716812133789,39429
SYN_ER_C4,MatrixResGated,GCNConv,2,4,3,sparse,106,1.0,0.9875,0.9874169040835707,0.9833333333333334,0.061749763786792755,75.89250159263611,39429
SYN_ER_C4,MatrixResGated,GCNConv,3,4,3,sparse,118,1.0,0.96875,0.9688261837787154,0.9583333333333334,0.06737473607063293,78.74089217185974,39429
SYN_ER_C4,MatrixResGated,GCNConv,4,4,3,sparse,91,1.0,0.99375,0.9937490232848882,0.9916666666666667,0.01598414219915867,66.71327757835388,39429
SYN_ER_C4,MatrixResGated,GINConv,0,4,3,sparse,48,0.96875,0.96875,0.9688983855650521,0.9583333333333334,0.054935526102781296,49.95258688926697,89349
SYN_ER_C4,MatrixResGated,GINConv,1,4,3,sparse,97,1.0,0.975,0.9749940645773979,0.9666666666666667,0.2001480758190155,67.12668347358704,89349
SYN_ER_C4,MatrixResGated,GINConv,2,4,3,sparse,32,0.921875,0.9125,0.9112667926852779,0.8833333333333333,0.26655301451683044,43.50431704521179,89349
SYN_ER_C4,MatrixResGated,GINConv,3,4,3,sparse,55,0.984375,0.9375,0.9373350227008763,0.9166666666666666,0.2859688401222229,53.01226782798767,89349
SYN_ER_C4,MatrixResGated,GINConv,4,4,3,sparse,51,0.90625,0.96875,0.9685859833281877,0.9583333333333334,0.13149790465831757,50.63760447502136,89349
SYN_ER_C4,MatrixResGated,SAGEConv,0,4,3,sparse,56,0.953125,0.9875,0.9874921826141339,0.9833333333333334,0.05311586707830429,55.94421982765198,77829
SYN_ER_C4,MatrixResGated,SAGEConv,1,4,3,sparse,154,1.0,0.98125,0.9810757595310441,0.975,0.07388298213481903,91.21113657951355,77829
SYN_ER_C4,MatrixResGated,SAGEConv,2,4,3,sparse,104,0.984375,0.96875,0.9685757595310441,0.9583333333333334,0.12035448849201202,68.75853490829468,77829
SYN_ER_C4,MatrixResGated,SAGEConv,3,4,3,sparse,99,1.0,0.975,0.9749940645773979,0.9666666666666667,0.08884857594966888,66.97662925720215,77829
SYN_ER_C4,MatrixResGated,SAGEConv,4,4,3,sparse,197,1.0,0.98125,0.981223595681427,0.975,0.04982844740152359,88.0314154624939,77829
SYN_ER_C4,MatrixRes,GATConv,0,4,3,identity,48,0.96875,0.9875,0.9875,0.9833333333333334,0.041178055107593536,57.00846314430237,40965
SYN_ER_C4,MatrixRes,GATConv,1,4,3,identity,108,1.0,0.9875,0.9874921826141339,0.9833333333333334,0.051251817494630814,83.29163026809692,40965
SYN_ER_C4,MatrixRes,GATConv,2,4,3,identity,56,0.984375,0.975,0.9751446216385241,0.9666666666666667,0.10126860439777374,63.510518312454224,40965
SYN_ER_C4,MatrixRes,GATConv,3,4,3,identity,120,1.0,0.9625,0.9624518613607189,0.9500000000000001,0.13544562458992004,88.61076331138611,40965
SYN_ER_C4,MatrixRes,GATConv,4,4,3,identity,63,0.984375,0.99375,0.9937490232848882,0.9916666666666667,0.03299868851900101,64.96483278274536,40965
SYN_ER_C4,MatrixRes,GCNConv,0,4,3,identity,95,0.984375,0.9625,0.9623927185797703,0.9500000000000001,0.0967322364449501,66.64379334449768,39429
SYN_ER_C4,MatrixRes,GCNConv,1,4,3,identity,194,1.0,0.99375,0.9937490232848882,0.9916666666666667,0.0386335514485836,89.97510886192322,39429
SYN_ER_C4,MatrixRes,GCNConv,2,4,3,identity,105,0.984375,0.96875,0.9685066476733144,0.9583333333333334,0.08132423460483551,72.92246747016907,39429
SYN_ER_C4,MatrixRes,GCNConv,3,4,3,identity,169,1.0,0.98125,0.9813233251003396,0.975,0.06836690753698349,94.93671679496765,39429
SYN_ER_C4,MatrixRes,GCNConv,4,4,3,identity,120,1.0,1.0,1.0,1.0,0.007926704362034798,80.00012159347534,39429
SYN_ER_C4,MatrixRes,GINConv,0,4,3,identity,31,0.96875,0.9625,0.9626854626854627,0.9500000000000001,0.10487909615039825,41.315741777420044,89349
SYN_ER_C4,MatrixRes,GINConv,1,4,3,identity,60,1.0,0.98125,0.9811669040835708,0.975,0.10816693305969238,52.992255210876465,89349
SYN_ER_C4,MatrixRes,GINConv,2,4,3,identity,40,0.921875,0.94375,0.9434979287042682,0.9249999999999999,0.24016325175762177,44.53056764602661,89349
SYN_ER_C4,MatrixRes,GINConv,3,4,3,identity,27,0.953125,0.94375,0.9436699093608376,0.9249999999999999,0.15218505263328552,39.602240800857544,89349
SYN_ER_C4,MatrixRes,GINConv,4,4,3,identity,24,0.9375,0.94375,0.943037549809374,0.9249999999999999,0.15146523714065552,38.169297218322754,89349
SYN_ER_C4,MatrixRes,SAGEConv,0,4,3,identity,69,0.96875,0.975,0.9749373433583961,0.9666666666666667,0.06964830309152603,55.668514251708984,77829
SYN_ER_C4,MatrixRes,SAGEConv,1,4,3,identity,210,1.0,0.9875,0.9874169040835707,0.9833333333333334,0.047666363418102264,89.13021159172058,77829
SYN_ER_C4,MatrixRes,SAGEConv,2,4,3,identity,115,0.984375,0.98125,0.9810757595310441,0.975,0.13256442546844482,72.89393472671509,77829
SYN_ER_C4,MatrixRes,SAGEConv,3,4,3,identity,104,1.0,0.975,0.9749781985554343,0.9666666666666667,0.07874232530593872,65.92890477180481,77829
SYN_ER_C4,MatrixRes,SAGEConv,4,4,3,identity,212,1.0,0.9875,0.9874921826141339,0.9833333333333334,0.037471018731594086,86.4675223827362,77829
SYN_ER_C4,Plain,GATConv,0,4,3,identity,90,0.984375,1.0,1.0,1.0,0.02007702924311161,40.59022760391235,40965
SYN_ER_C4,Plain,GATConv,1,4,3,identity,82,0.984375,0.98125,0.981223595681427,0.975,0.08505432307720184,39.72194981575012,40965
SYN_ER_C4,Plain,GATConv,2,4,3,identity,68,0.96875,0.96875,0.9688145309993618,0.9583333333333334,0.13055244088172913,36.15553045272827,40965
SYN_ER_C4,Plain,GATConv,3,4,3,identity,162,1.0,0.95625,0.956498508654501,0.9416666666666668,0.13296496868133545,51.20182704925537,40965
SYN_ER_C4,Plain,GATConv,4,4,3,identity,57,0.9375,0.95,0.9499605939542902,0.9333333333333332,0.13382181525230408,28.97156310081482,40965
SYN_ER_C4,Plain,GCNConv,0,4,3,identity,69,0.984375,0.9875,0.9874921826141339,0.9833333333333334,0.04727130010724068,24.18712830543518,39429
SYN_ER_C4,Plain,GCNConv,1,4,3,identity,198,1.0,0.9875,0.9874980465697765,0.9833333333333334,0.02616083063185215,40.32501721382141,39429
SYN_ER_C4,Plain,GCNConv,2,4,3,identity,125,0.984375,0.98125,0.9811699093608377,0.975,0.05886999890208244,37.92681431770325,39429
SYN_ER_C4,Plain,GCNConv,3,4,3,identity,194,1.0,0.98125,0.9813233251003396,0.975,0.06329916417598724,40.23981213569641,39429
SYN_ER_C4,Plain,GCNConv,4,4,3,identity,75,0.984375,0.99375,0.9937490232848882,0.9916666666666667,0.02974940463900566,27.532811403274536,39429
SYN_ER_C4,Plain,GINConv,0,4,3,identity,73,0.96875,0.95625,0.9566826214302194,0.9416666666666668,0.11789637804031372,25.40105104446411,89349
SYN_ER_C4,Plain,GINConv,1,4,3,identity,68,1.0,0.91875,0.9178075874167368,0.8916666666666666,0.3849448561668396,25.06138324737549,89349
SYN_ER_C4,Plain,GINConv,2,4,3,identity,62,0.90625,0.9,0.8986544051465923,0.8666666666666667,0.6655272245407104,23.295238971710205,89349
SYN_ER_C4,Plain,GINConv,3,4,3,identity,63,0.96875,0.93125,0.9312040049641618,0.9083333333333333,0.2931812107563019,22.97746515274048,89349
SYN_ER_C4,Plain,GINConv,4,4,3,identity,37,0.953125,0.93125,0.9299006838163465,0.9083333333333333,0.17889562249183655,17.6026394367218,89349
SYN_ER_C4,Plain,SAGEConv,0,4,3,identity,57,0.953125,0.93125,0.9303252708939996,0.9083333333333333,0.12594178318977356,23.525622129440308,77829
SYN_ER_C4,Plain,SAGEConv,1,4,3,identity,88,0.984375,0.98125,0.9811669040835708,0.975,0.05299630016088486,28.387192964553833,77829
SYN_ER_C4,Plain,SAGEConv,2,4,3,identity,97,0.96875,0.95,0.949227406849358,0.9333333333333332,0.11159221082925797,27.574504852294922,77829
SYN_ER_C4,Plain,SAGEConv,3,4,3,identity,74,0.984375,0.9875,0.9875,0.9833333333333334,0.028776252642273903,23.551380157470703,77829
SYN_ER_C4,Plain,SAGEConv,4,4,3,identity,147,1.0,0.99375,0.9937490232848882,0.9916666666666667,0.016534989699721336,35.163748025894165,77829
SYN_ER_C4,VerticalRes,GATConv,0,4,3,identity,59,0.953125,0.99375,0.9937490232848882,0.9916666666666667,0.05657867714762688,37.841882944107056,40965
SYN_ER_C4,VerticalRes,GATConv,1,4,3,identity,101,0.96875,0.96875,0.9687490232848883,0.9583333333333334,0.07085344195365906,48.944739818573,40965
SYN_ER_C4,VerticalRes,GATConv,2,4,3,identity,44,0.921875,0.925,0.924265562868504,0.9,0.18282625079154968,33.2318172454834,40965
SYN_ER_C4,VerticalRes,GATConv,3,4,3,identity,126,1.0,0.95625,0.956498508654501,0.9416666666666668,0.16577258706092834,55.22991681098938,40965
SYN_ER_C4,VerticalRes,GATConv,4,4,3,identity,34,0.953125,0.9375,0.9362441678853174,0.9166666666666666,0.2000594139099121,29.138477325439453,40965
SYN_ER_C4,VerticalRes,GCNConv,0,4,3,identity,68,0.984375,0.96875,0.9686969148994464,0.9583333333333334,0.06583788245916367,31.317283630371094,39429
SYN_ER_C4,VerticalRes,GCNConv,1,4,3,identity,144,1.0,0.9875,0.9874980465697765,0.9833333333333334,0.023563077673316002,47.745513916015625,39429
SYN_ER_C4,VerticalRes,GCNConv,2,4,3,identity,83,1.0,0.96875,0.9686466664378311,0.9583333333333334,0.08351097255945206,36.16583490371704,39429
SYN_ER_C4,VerticalRes,GCNConv,3,4,3,identity,126,1.0,0.9875,0.9875733251003396,0.9833333333333334,0.04965204373002052,47.95280838012695,39429
SYN_ER_C4,VerticalRes,GCNConv,4,4,3,identity,131,1.0,1.0,1.0,1.0,0.006138623226433992,48.856401681900024,39429
SYN_ER_C4,VerticalRes,GINConv,0,4,3,identity,42,0.96875,0.9375,0.9377892432770483,0.9166666666666666,0.14818915724754333,23.907009840011597,89349
SYN_ER_C4,VerticalRes,GINConv,1,4,3,identity,127,0.984375,0.95,0.9499921862791061,0.9333333333333332,0.34944722056388855,45.79506826400757,89349
SYN_ER_C4,VerticalRes,GINConv,2,4,3,identity,54,0.90625,0.89375,0.8922286526424705,0.8583333333333334,0.4444486200809479,28.6624653339386,89349
SYN_ER_C4,VerticalRes,GINConv,3,4,3,identity,98,0.953125,0.94375,0.9439333428422003,0.9249999999999999,0.45794349908828735,37.333415508270264,89349
SYN_ER_C4,VerticalRes,GINConv,4,4,3,identity,78,0.984375,0.95,0.949937343358396,0.9333333333333332,0.19364775717258453,34.39444708824158,89349
SYN_ER_C4,VerticalRes,SAGEConv,0,4,3,identity,66,0.953125,0.96875,0.9686274509803923,0.9583333333333334,0.07823802530765533,29.945940494537354,77829
SYN_ER_C4,VerticalRes,SAGEConv,1,4,3,identity,140,1.0,0.98125,0.9812440645773979,0.975,0.053794972598552704,47.103721380233765,77829
SYN_ER_C4,VerticalRes,SAGEConv,2,4,3,identity,103,1.0,0.9625,0.9624828427634589,0.9500000000000001,0.1434633582830429,36.95064973831177,77829
SYN_ER_C4,VerticalRes,SAGEConv,3,4,3,identity,57,0.984375,0.95625,0.956119633594526,0.9416666666666668,0.11971889436244965,26.586438417434692,77829
SYN_ER_C4,VerticalRes,SAGEConv,4,4,3,identity,195,1.0,0.98125,0.9810757595310441,0.975,0.048438530415296555,42.07481503486633,77829
SYN_ER_C5,HorizontalRes,GATConv,0,5,3,identity,96,0.975,0.96,0.9598731392617129,0.95,0.11473972350358963,59.372326135635376,41030
SYN_ER_C5,HorizontalRes,GATConv,1,5,3,identity,110,0.9375,0.89,0.8894456556106862,0.8624999999999999,0.37030094861984253,63.27925252914429,41030
SYN_ER_C5,HorizontalRes,GATConv,2,5,3,identity,56,0.975,0.935,0.934784846045077,0.9187500000000001,0.1676502227783203,45.68914818763733,41030
SYN_ER_C5,HorizontalRes,GATConv,3,5,3,identity,85,0.925,0.935,0.9346890206327958,0.9187500000000001,0.18891416490077972,52.780133962631226,41030
SYN_ER_C5,HorizontalRes,GATConv,4,5,3,identity,71,0.9375,0.945,0.9453951460245238,0.9312499999999998,0.15982162952423096,44.80144810676575,41030
SYN_ER_C5,HorizontalRes,GCNConv,0,5,3,identity,93,0.9875,0.97,0.96999290754565,0.9625,0.06843025237321854,46.834131717681885,39494
SYN_ER_C5,HorizontalRes,GCNConv,1,5,3,identity,82,0.975,0.93,0.9299056028148159,0.9125,0.18374063074588776,41.15065908432007,39494
SYN_ER_C5,HorizontalRes,GCNConv,2,5,3,identity,53,0.95,0.935,0.9347156678995759,0.9187500000000001,0.17514997720718384,35.49256777763367,39494
SYN_ER_C5,HorizontalRes,GCNConv,3,5,3,identity,89,0.975,0.96,0.9601048123431575,0.95,0.07456769049167633,43.464139461517334,39494
SYN_ER_C5,HorizontalRes,GCNConv,4,5,3,identity,69,0.975,0.975,0.9749952516619184,0.9687499999999999,0.07473841309547424,41.44495177268982,39494
SYN_ER_C5,HorizontalRes,GINConv,0,5,3,identity,69,0.925,0.9,0.8987401913717303,0.8749999999999999,0.24429629743099213,38.190268993377686,89414
SYN_ER_C5,HorizontalRes,GINConv,1,5,3,identity,71,0.9125,0.86,0.8570402720187513,0.8249999999999998,0.5020185708999634,37.0896999835968,89414
SYN_ER_C5,HorizontalRes,GINConv,2,5,3,identity,60,0.875,0.835,0.8344025933930226,0.79375,0.37276390194892883,35.784109115600586,89414
SYN_ER_C5,HorizontalRes,GINConv,3,5,3,identity,44,0.875,0.865,0.8657452046769738,0.83125,0.4160405397415161,31.95891785621643,89414
SYN_ER_C5,HorizontalRes,GINConv,4,5,3,identity,41,0.925,0.885,0.8842467616771413,0.8562500000000001,0.3460957705974579,32.436668395996094,89414
SYN_ER_C5,HorizontalRes,SAGEConv,0,5,3,identity,53,0.925,0.955,0.9548564911893462,0.9437499999999999,0.15889979898929596,33.94893193244934,77894
SYN_ER_C5,HorizontalRes,SAGEConv,1,5,3,identity,61,0.9625,0.915,0.9147975243147657,0.89375,0.19556333124637604,36.4533474445343,77894
SYN_ER_C5,HorizontalRes,SAGEConv,2,5,3,identity,109,0.95,0.93,0.9294459553401568,0.9125,0.2157236486673355,48.59934973716736,77894
SYN_ER_C5,HorizontalRes,SAGEConv,3,5,3,identity,102,0.9875,0.945,0.9446918342325287,0.9312499999999998,0.17344841361045837,45.27387619018555,77894
SYN_ER_C5,HorizontalRes,SAGEConv,4,5,3,identity,81,0.95,0.95,0.9499483678223957,0.9375,0.13144445419311523,40.563170433044434,77894
SYN_ER_C5,MatrixResGated,GATConv,0,5,3,sparse,47,0.95,0.94,0.9396523899070981,0.9249999999999999,0.19188587367534637,61.2403450012207,41030
SYN_ER_C5,MatrixResGated,GATConv,1,5,3,sparse,54,0.95,0.93,0.9290330384982731,0.9125,0.19872024655342102,66.44341516494751,41030
SYN_ER_C5,MatrixResGated,GATConv,2,5,3,sparse,46,0.925,0.89,0.8892116339424561,0.8624999999999999,0.23932026326656342,61.14627957344055,41030
SYN_ER_C5,MatrixResGated,GATConv,3,5,3,sparse,54,0.95,0.945,0.9446685149854852,0.9312499999999998,0.14753730595111847,62.000240325927734,41030
SYN_ER_C5,MatrixResGated,GATConv,4,5,3,sparse,57,0.9375,0.94,0.9395586300892249,0.9249999999999999,0.16569483280181885,65.94762444496155,41030
SYN_ER_C5,MatrixResGated,GCNConv,0,5,3,sparse,117,0.9625,0.975,0.9749976558837318,0.9687499999999999,0.0521329790353775,82.13916945457458,39494
SYN_ER_C5,MatrixResGated,GCNConv,1,5,3,sparse,72,0.975,0.925,0.9246072554896084,0.9062500000000001,0.17329365015029907,62.23560094833374,39494
SYN_ER_C5,MatrixResGated,GCNConv,2,5,3,sparse,81,0.975,0.945,0.9448783888253184,0.9312499999999998,0.1791134476661682,67.60921311378479,39494
SYN_ER_C5,MatrixResGated,GCNConv,3,5,3,sparse,125,0.975,0.965,0.964693197742236,0.9562499999999998,0.07016371935606003,88.53341507911682,39494
SYN_ER_C5,MatrixResGated,GCNConv,4,5,3,sparse,120,0.9625,0.955,0.9549905033238367,0.9437499999999999,0.07415366917848587,88.46128153800964,39494
SYN_ER_C5,MatrixResGated,GINConv,0,5,3,sparse,60,0.9625,0.91,0.9097365994718487,0.8875,0.2550105154514313,58.58398199081421,89414
SYN_ER_C5,MatrixResGated,GINConv,1,5,3,sparse,36,0.9125,0.86,0.8588742569888472,0.8249999999999998,0.36817172169685364,46.804293394088745,89414
SYN_ER_C5,MatrixResGated,GINConv,2,5,3,sparse,48,0.95,0.875,0.875531784463673,0.84375,0.31835639476776123,53.397366523742676,89414
SYN_ER_C5,MatrixResGated,GINConv,3,5,3,sparse,53,0.95,0.9,0.901098980423875,0.8749999999999999,0.2844266891479492,55.199517250061035,89414
SYN_ER_C5,MatrixResGated,GINConv,4,5,3,sparse,27,0.8875,0.93,0.9298032567267711,0.9125,0.220953106880188,46.01505637168884,89414
SYN_ER_C5,MatrixResGated,SAGEConv,0,5,3,sparse,104,0.95,0.94,0.939868432808099,0.9249999999999999,0.12470874935388565,75.38505601882935,77894
SYN_ER_C5,MatrixResGated,SAGEConv,1,5,3,sparse,58,0.9375,0.89,0.8896873045653534,0.8624999999999999,0.23744139075279236,56.32297444343567,77894
SYN_ER_C5,MatrixResGated,SAGEConv,2,5,3,sparse,91,0.9125,0.91,0.9087164726401206,0.8875,0.2772180438041687,65.7210385799408,77894
SYN_ER_C5,MatrixResGated,SAGEConv,3,5,3,sparse,156,0.9875,0.94,0.9390332489352098,0.9249999999999999,0.22564460337162018,90.47365403175354,77894
SYN_ER_C5,MatrixResGated,SAGEConv,4,5,3,sparse,87,0.9375,0.915,0.914218710660571,0.89375,0.20225942134857178,66.98340725898743,77894
SYN_ER_C5,MatrixRes,GATConv,0,5,3,identity,53,0.9375,0.94,0.939557177559152,0.9249999999999999,0.17524860799312592,62.47390031814575,41030
SYN_ER_C5,MatrixRes,GATConv,1,5,3,identity,64,0.95,0.895,0.8938803037564279,0.86875,0.28015872836112976,69.64728045463562,41030
SYN_ER_C5,MatrixRes,GATConv,2,5,3,identity,51,0.925,0.93,0.9299174032527949,0.9125,0.17932945489883423,65.37851428985596,41030
SYN_ER_C5,MatrixRes,GATConv,3,5,3,identity,57,0.95,0.955,0.9547889606343862,0.9437499999999999,0.12243028730154037,60.175458908081055,41030
SYN_ER_C5,MatrixRes,GATConv,4,5,3,identity,81,0.9625,0.935,0.9351087221355823,0.9187500000000001,0.17579227685928345,76.18434929847717,41030
SYN_ER_C5,MatrixRes,GCNConv,0,5,3,identity,115,0.9625,0.975,0.9749968745116424,0.9687499999999999,0.05578460171818733,77.91567277908325,39494
SYN_ER_C5,MatrixRes,GCNConv,1,5,3,identity,74,0.975,0.915,0.9153638065398443,0.89375,0.19928358495235443,63.36460590362549,39494
SYN_ER_C5,MatrixRes,GCNConv,2,5,3,identity,66,0.9625,0.95,0.9498016024094247,0.9375,0.14642558991909027,63.10571599006653,39494
SYN_ER_C5,MatrixRes,GCNConv,3,5,3,identity,108,0.9875,0.97,0.9699335833724019,0.9625,0.06856191903352737,77.24317359924316,39494
SYN_ER_C5,MatrixRes,GCNConv,4,5,3,identity,107,0.95,0.955,0.9549343647444912,0.9437499999999999,0.07496143132448196,81.53694462776184,39494
SYN_ER_C5,MatrixRes,GINConv,0,5,3,identity,89,0.95,0.915,0.914328882764506,0.89375,0.42334654927253723,69.22910976409912,89414
SYN_ER_C5,MatrixRes,GINConv,1,5,3,identity,48,0.9125,0.885,0.8829824975046959,0.8562500000000001,0.3087444603443146,50.10848331451416,89414
SYN_ER_C5,MatrixRes,GINConv,2,5,3,identity,21,0.9,0.81,0.8077954943524995,0.7625000000000001,0.38106727600097656,39.227242946624756,89414
SYN_ER_C5,MatrixRes,GINConv,3,5,3,identity,33,0.9125,0.91,0.9100361728004003,0.8875,0.24818745255470276,42.95039987564087,89414
SYN_ER_C5,MatrixRes,GINConv,4,5,3,identity,27,0.8875,0.945,0.9449274467428218,0.9312499999999998,0.19881294667720795,44.664700984954834,89414
SYN_ER_C5,MatrixRes,SAGEConv,0,5,3,identity,118,0.9375,0.955,0.9549788765451416,0.9437499999999999,0.13399581611156464,78.13937330245972,77894
SYN_ER_C5,MatrixRes,SAGEConv,1,5,3,identity,102,0.95,0.925,0.9249861068230937,0.9062500000000001,0.17746803164482117,73.97119688987732,77894
SYN_ER_C5,MatrixRes,SAGEConv,2,5,3,identity,118,0.9375,0.925,0.9245388677575196,0.9062500000000001,0.25004130601882935,75.12032294273376,77894
SYN_ER_C5,MatrixRes,SAGEConv,3,5,3,identity,198,0.9875,0.945,0.9446918342325287,0.9312499999999998,0.20306453108787537,93.42982959747314,77894
SYN_ER_C5,MatrixRes,SAGEConv,4,5,3,identity,138,0.9375,0.935,0.9345534966376225,0.9187500000000001,0.14456495642662048,82.57559275627136,77894
SYN_ER_C5,Plain,GATConv,0,5,3,identity,110,0.95,0.95,0.9497586070588273,0.9375,0.1546442061662674,49.84156370162964,41030
SYN_ER_C5,Plain,GATConv,1,5,3,identity,112,0.9625,0.935,0.934973247168369,0.9187500000000001,0.16219750046730042,50.87932538986206,41030
SYN_ER_C5,Plain,GATConv,2,5,3,identity,60,0.975,0.93,0.9299874921826141,0.9125,0.19840183854103088,36.98742175102234,41030
SYN_ER_C5,Plain,GATConv,3,5,3,identity,101,0.925,0.92,0.919661188049601,0.8999999999999999,0.2045244723558426,47.04693150520325,41030
SYN_ER_C5,Plain,GATConv,4,5,3,identity,75,0.975,0.95,0.9501804969526487,0.9375,0.1687394380569458,36.51179099082947,41030
SYN_ER_C5,Plain,GCNConv,0,5,3,identity,72,0.975,0.975,0.9749914019750389,0.9687499999999999,0.0641416609287262,28.827914714813232,39494
SYN_ER_C5,Plain,GCNConv,1,5,3,identity,84,0.975,0.935,0.934943944943945,0.9187500000000001,0.19575820863246918,28.47469210624695,39494
SYN_ER_C5,Plain,GCNConv,2,5,3,identity,68,0.95,0.955,0.9545869444577495,0.9437499999999999,0.14513356983661652,29.908623933792114,39494
SYN_ER_C5,Plain,GCNConv,3,5,3,identity,136,0.9875,0.97,0.9698592870544089,0.9625,0.07144862413406372,43.33783459663391,39494
SYN_ER_C5,Plain,GCNConv,4,5,3,identity,86,0.975,0.955,0.9549218569271055,0.9437499999999999,0.09595966339111328,33.324952125549316,39494
SYN_ER_C5,Plain,GINConv,0,5,3,identity,105,0.925,0.88,0.8780275471511427,0.8499999999999999,0.48555728793144226,33.73425817489624,89414
SYN_ER_C5,Plain,GINConv,1,5,3,identity,67,0.8625,0.875,0.8751633412792404,0.84375,0.38561439514160156,26.916746616363525,89414
SYN_ER_C5,Plain,GINConv,2,5,3,identity,62,0.95,0.845,0.843913004254159,0.80625,0.33912917971611023,25.653424978256226,89414
SYN_ER_C5,Plain,GINConv,3,5,3,identity,51,0.925,0.85,0.8505686731722581,0.8124999999999999,0.2942441701889038,23.83648943901062,89414
SYN_ER_C5,Plain,GINConv,4,5,3,identity,66,0.9,0.905,0.9026975164603719,0.8812500000000001,0.26033690571784973,27.168264389038086,89414
SYN_ER_C5,Plain,SAGEConv,0,5,3,identity,81,0.95,0.95,0.94953375198237,0.9375,0.11472214013338089,30.514652252197266,77894
SYN_ER_C5,Plain,SAGEConv,1,5,3,identity,77,0.95,0.905,0.9044641909814324,0.8812500000000001,0.208062082529068,26.219831705093384,77894
SYN_ER_C5,Plain,SAGEConv,2,5,3,identity,62,0.925,0.89,0.8876375430554997,0.8624999999999999,0.26088520884513855,22.258025646209717,77894
SYN_ER_C5,Plain,SAGEConv,3,5,3,identity,107,0.925,0.92,0.918678833574359,0.8999999999999999,0.21764737367630005,31.624133110046387,77894
SYN_ER_C5,Plain,SAGEConv,4,5,3,identity,82,0.925,0.95,0.9500230384572943,0.9375,0.15218721330165863,29.54195237159729,77894
SYN_ER_C5,VerticalRes,GATConv,0,5,3,identity,77,0.9,0.895,0.8943821303463209,0.86875,0.27985963225364685,45.243611097335815,41030
SYN_ER_C5,VerticalRes,GATConv,1,5,3,identity,29,0.7875,0.795,0.794046905324648,0.7437499999999999,0.5038644671440125,30.262468338012695,41030
SYN_ER_C5,VerticalRes,GATConv,2,5,3,identity,29,0.9375,0.81,0.8077501492261954,0.7625000000000001,0.4561312198638916,30.256151914596558,41030
SYN_ER_C5,VerticalRes,GATConv,3,5,3,identity,100,0.8375,0.825,0.8232299799612528,0.78125,0.5206336379051208,52.23193955421448,41030
SYN_ER_C5,VerticalRes,GATConv,4,5,3,identity,87,0.85,0.89,0.8894256143252127,0.8624999999999999,0.3053942620754242,48.18959665298462,41030
SYN_ER_C5,VerticalRes,GCNConv,0,5,3,identity,105,0.975,0.975,0.9749976558837318,0.9687499999999999,0.04717625305056572,42.581411838531494,39494
SYN_ER_C5,VerticalRes,GCNConv,1,5,3,identity,59,0.9625,0.955,0.9549790615453266,0.9437499999999999,0.14038249850273132,32.44379448890686,39494
SYN_ER_C5,VerticalRes,GCNConv,2,5,3,identity,76,0.9625,0.94,0.939487288697376,0.9249999999999999,0.15609359741210938,37.36546039581299,39494
SYN_ER_C5,VerticalRes,GCNConv,3,5,3,identity,86,0.9875,0.97,0.969865540963102,0.9625,0.07716525346040726,37.59217715263367,39494
SYN_ER_C5,VerticalRes,GCNConv,4,5,3,identity,68,0.975,0.965,0.9650540290213028,0.9562499999999998,0.09636637568473816,36.71274161338806,39494
SYN_ER_C5,VerticalRes,GINConv,0,5,3,identity,74,0.9375,0.92,0.9182418548272206,0.8999999999999999,0.31208112835884094,36.006441831588745,89414
SYN_ER_C5,VerticalRes,GINConv,1,5,3,identity,55,0.8875,0.85,0.8484385684385684,0.8124999999999999,0.40704768896102905,26.615238666534424,89414
SYN_ER_C5,VerticalRes,GINConv,2,5,3,identity,100,0.9375,0.86,0.8588114304780972,0.8249999999999998,0.35491088032722473,40.58085584640503,89414
SYN_ER_C5,VerticalRes,GINConv,3,5,3,identity,75,0.9125,0.89,0.8901063205603575,0.8624999999999999,0.315787136554718,35.768322706222534,89414
SYN_ER_C5,VerticalRes,GINConv,4,5,3,identity,45,0.8875,0.915,0.9133855592449462,0.89375,0.20863181352615356,28.995778799057007,89414
SYN_ER_C5,VerticalRes,SAGEConv,0,5,3,identity,92,0.9375,0.975,0.9749976558837318,0.9687499999999999,0.09652945399284363,40.204039573669434,77894
SYN_ER_C5,VerticalRes,SAGEConv,1,5,3,identity,78,0.95,0.93,0.929604357823767,0.9125,0.17513222992420197,37.471346378326416,77894
SYN_ER_C5,VerticalRes,SAGEConv,2,5,3,identity,99,0.95,0.925,0.9234637250299901,0.9062500000000001,0.18936803936958313,35.976009368896484,77894
SYN_ER_C5,VerticalRes,SAGEConv,3,5,3,identity,96,0.975,0.955,0.9545929484547372,0.9437499999999999,0.16446109116077423,38.1062273979187,77894
SYN_ER_C5,VerticalRes,SAGEConv,4,5,3,identity,86,0.9375,0.94,0.9393806253244005,0.9249999999999999,0.14013589918613434,36.2446653842926,77894
SYN_ER_C6,HorizontalRes,GATConv,0,6,3,identity,89,0.9479166666666666,0.8791666666666667,0.8796332062736835,0.855,0.36727601289749146,70.87971711158752,41095
SYN_ER_C6,HorizontalRes,GATConv,1,6,3,identity,200,0.8958333333333334,0.9,0.8998182258312978,0.88,0.40350818634033203,94.5003833770752,41095
SYN_ER_C6,HorizontalRes,GATConv,2,6,3,identity,93,0.8958333333333334,0.925,0.9255294104615602,0.91,0.21133524179458618,72.3661277294159,41095
SYN_ER_C6,HorizontalRes,GATConv,3,6,3,identity,106,0.90625,0.8708333333333333,0.8714482239898582,0.845,0.30624809861183167,77.87826156616211,41095
SYN_ER_C6,HorizontalRes,GATConv,4,6,3,identity,61,0.9270833333333334,0.9,0.9008453001874054,0.88,0.29638442397117615,55.23811745643616,41095
SYN_ER_C6,HorizontalRes,GCNConv,0,6,3,identity,134,0.96875,0.9291666666666667,0.9293741238185683,0.915,0.2847248613834381,72.84785175323486,39559
SYN_ER_C6,HorizontalRes,GCNConv,1,6,3,identity,77,0.9270833333333334,0.9083333333333333,0.9072058290654503,0.89,0.25982412695884705,49.649240255355835,39559
SYN_ER_C6,HorizontalRes,GCNConv,2,6,3,identity,96,0.9270833333333334,0.9333333333333333,0.9335775335775335,0.92,0.15044040977954865,59.48346400260925,39559
SYN_ER_C6,HorizontalRes,GCNConv,3,6,3,identity,96,0.9479166666666666,0.875,0.875123204151368,0.85,0.29139095544815063,60.09040594100952,39559
SYN_ER_C6,HorizontalRes,GCNConv,4,6,3,identity,103,0.9375,0.925,0.9262216270517333,0.91,0.18871277570724487,64.14801549911499,39559
SYN_ER_C6,HorizontalRes,GINConv,0,6,3,identity,57,0.8333333333333334,0.775,0.7693279604056319,0.7300000000000001,0.5722295641899109,43.66070222854614,89479
SYN_ER_C6,HorizontalRes,GINConv,1,6,3,identity,80,0.8333333333333334,0.7791666666666667,0.7711079556063871,0.735,0.5909310579299927,51.250311851501465,89479
SYN_ER_C6,HorizontalRes,GINConv,2,6,3,identity,50,0.7395833333333334,0.8041666666666667,0.8018935976680437,0.765,0.44805869460105896,40.57671642303467,89479
SYN_ER_C6,HorizontalRes,GINConv,3,6,3,identity,64,0.84375,0.775,0.7763602728496503,0.7300000000000001,0.4834754765033722,46.14623832702637,89479
SYN_ER_C6,HorizontalRes,GINConv,4,6,3,identity,64,0.8020833333333334,0.7791666666666667,0.780378563741427,0.735,0.4818854331970215,44.86521530151367,89479
SYN_ER_C6,HorizontalRes,SAGEConv,0,6,3,identity,138,0.96875,0.8958333333333334,0.8960726499716571,0.875,0.3252381682395935,73.40869522094727,77959
SYN_ER_C6,HorizontalRes,SAGEConv,1,6,3,identity,139,0.9375,0.925,0.9237327650473907,0.91,0.36279919743537903,68.11775159835815,77959
SYN_ER_C6,HorizontalRes,SAGEConv,2,6,3,identity,52,0.8958333333333334,0.8958333333333334,0.8933586576858303,0.875,0.27439194917678833,38.46757745742798,77959
SYN_ER_C6,HorizontalRes,SAGEConv,3,6,3,identity,109,0.9270833333333334,0.8833333333333333,0.882979021372918,0.86,0.2897069752216339,58.252209186553955,77959
SYN_ER_C6,HorizontalRes,SAGEConv,4,6,3,identity,115,0.9375,0.8916666666666667,0.8900545738180915,0.8700000000000001,0.32112276554107666,58.299776792526245,77959
SYN_ER_C6,MatrixResGated,GATConv,0,6,3,sparse,71,0.9375,0.9,0.9000547936974,0.88,0.3459237515926361,93.67745614051819,41095
SYN_ER_C6,MatrixResGated,GATConv,1,6,3,sparse,90,0.9270833333333334,0.9083333333333333,0.9075671671501553,0.89,0.40786272287368774,104.30158138275146,41095
SYN_ER_C6,MatrixResGated,GATConv,2,6,3,sparse,142,0.9166666666666666,0.9291666666666667,0.9290140448056924,0.915,0.16693587601184845,137.09441661834717,41095
SYN_ER_C6,MatrixResGated,GATConv,3,6,3,sparse,61,0.9479166666666666,0.8875,0.8866011689414491,0.865,0.3238222002983093,84.26008105278015,41095
SYN_ER_C6,MatrixResGated,GATConv,4,6,3,sparse,102,0.9479166666666666,0.9208333333333333,0.9210691344791933,0.9049999999999999,0.26100778579711914,106.81573581695557,41095
SYN_ER_C6,MatrixResGated,GCNConv,0,6,3,sparse,142,0.96875,0.9208333333333333,0.9208966725875055,0.9049999999999999,0.2794618606567383,114.83580470085144,39559
SYN_ER_C6,MatrixResGated,GCNConv,1,6,3,sparse,108,0.9479166666666666,0.9416666666666667,0.9412650836401469,0.9299999999999999,0.3223060071468353,97.45251607894897,39559
SYN_ER_C6,MatrixResGated,GCNConv,2,6,3,sparse,82,0.9479166666666666,0.9291666666666667,0.9284945854816528,0.915,0.17043015360832214,87.22862505912781,39559
SYN_ER_C6,MatrixResGated,GCNConv,3,6,3,sparse,121,0.9583333333333334,0.8958333333333334,0.8953109465098762,0.875,0.28679847717285156,106.26093196868896,39559
SYN_ER_C6,MatrixResGated,GCNConv,4,6,3,sparse,128,0.9375,0.9541666666666667,0.9543153943738739,0.9450000000000001,0.18237517774105072,114.74799346923828,39559
SYN_ER_C6,MatrixResGated,GINConv,0,6,3,sparse,50,0.8333333333333334,0.8208333333333333,0.8155026362922423,0.7849999999999999,0.5079062581062317,68.7016966342926,89479
SYN_ER_C6,MatrixResGated,GINConv,1,6,3,sparse,73,0.875,0.8333333333333334,0.830713269074007,0.8,0.4995899796485901,75.48236727714539,89479
SYN_ER_C6,MatrixResGated,GINConv,2,6,3,sparse,65,0.8645833333333334,0.8583333333333333,0.8595930310982568,0.83,0.35588088631629944,74.73505306243896,89479
SYN_ER_C6,MatrixResGated,GINConv,3,6,3,sparse,59,0.8541666666666666,0.8,0.7956132042619434,0.76,0.5384693741798401,70.33836078643799,89479
SYN_ER_C6,MatrixResGated,GINConv,4,6,3,sparse,38,0.84375,0.8083333333333333,0.8087790851732444,0.77,0.4271475374698639,60.42910099029541,89479
SYN_ER_C6,MatrixResGated,SAGEConv,0,6,3,sparse,148,0.9375,0.8916666666666667,0.8901844198229739,0.8700000000000001,0.3521203398704529,120.8627724647522,77959
SYN_ER_C6,MatrixResGated,SAGEConv,1,6,3,sparse,147,0.9270833333333334,0.8916666666666667,0.8901716584069526,0.8700000000000001,0.42699703574180603,112.52660393714905,77959
SYN_ER_C6,MatrixResGated,SAGEConv,2,6,3,sparse,115,0.9166666666666666,0.8916666666666667,0.8907125595472478,0.8700000000000001,0.24367469549179077,98.45894885063171,77959
SYN_ER_C6,MatrixResGated,SAGEConv,3,6,3,sparse,96,0.9479166666666666,0.8875,0.8861677437287194,0.865,0.30444908142089844,85.88418412208557,77959
SYN_ER_C6,MatrixResGated,SAGEConv,4,6,3,sparse,138,0.9270833333333334,0.9041666666666667,0.903688992649282,0.885,0.32343992590904236,106.86115074157715,77959
SYN_ER_C6,MatrixRes,GATConv,0,6,3,identity,99,0.9375,0.9166666666666666,0.9165892676087816,0.8999999999999999,0.3294622004032135,107.0278377532959,41095
SYN_ER_C6,MatrixRes,GATConv,1,6,3,identity,69,0.9166666666666666,0.9125,0.9119827345134216,0.895,0.37424975633621216,91.10581040382385,41095
SYN_ER_C6,MatrixRes,GATConv,2,6,3,identity,49,0.8541666666666666,0.8833333333333333,0.8833997835390583,0.86,0.28052112460136414,79.19490456581116,41095
SYN_ER_C6,MatrixRes,GATConv,3,6,3,identity,58,0.9479166666666666,0.875,0.8750620620773851,0.85,0.34637337923049927,78.25943040847778,41095
SYN_ER_C6,MatrixRes,GATConv,4,6,3,identity,75,0.8958333333333334,0.9,0.9004463971458095,0.88,0.299034982919693,89.85443234443665,41095
SYN_ER_C6,MatrixRes,GCNConv,0,6,3,identity,141,0.96875,0.9291666666666667,0.9293741238185683,0.915,0.280819296836853,112.93824195861816,39559
SYN_ER_C6,MatrixRes,GCNConv,1,6,3,identity,112,0.9375,0.9375,0.936959212747475,0.925,0.2491198480129242,96.11816120147705,39559
SYN_ER_C6,MatrixRes,GCNConv,2,6,3,identity,80,0.9479166666666666,0.95,0.949756754171697,0.94,0.16211353242397308,81.80616545677185,39559
SYN_ER_C6,MatrixRes,GCNConv,3,6,3,identity,109,0.96875,0.9,0.8999765539506887,0.88,0.24681591987609863,97.90732264518738,39559
SYN_ER_C6,MatrixRes,GCNConv,4,6,3,identity,143,0.9375,0.9291666666666667,0.929386431173611,0.915,0.19355732202529907,117.15062928199768,39559
SYN_ER_C6,MatrixRes,GINConv,0,6,3,identity,42,0.8958333333333334,0.8416666666666667,0.8411991575360291,0.81,0.4366322159767151,63.40444827079773,89479
SYN_ER_C6,MatrixRes,GINConv,1,6,3,identity,70,0.8541666666666666,0.8416666666666667,0.840502146904586,0.81,0.498715877532959,72.33221197128296,89479
SYN_ER_C6,MatrixRes,GINConv,2,6,3,identity,32,0.8125,0.7875,0.7844614778515684,0.745,0.41768109798431396,57.84545660018921,89479
SYN_ER_C6,MatrixRes,GINConv,3,6,3,identity,58,0.875,0.825,0.8207346433082994,0.7899999999999999,0.5551157593727112,69.16799020767212,89479
SYN_ER_C6,MatrixRes,GINConv,4,6,3,identity,46,0.84375,0.825,0.8245975826015496,0.7899999999999999,0.4858505129814148,61.568931102752686,89479
SYN_ER_C6,MatrixRes,SAGEConv,0,6,3,identity,113,0.9166666666666666,0.9083333333333333,0.9080036385591942,0.89,0.28498950600624084,96.13262295722961,77959
SYN_ER_C6,MatrixRes,SAGEConv,1,6,3,identity,181,0.9375,0.9291666666666667,0.9287047665169911,0.915,0.38080674409866333,119.8889000415802,77959
SYN_ER_C6,MatrixRes,SAGEConv,2,6,3,identity,133,0.9166666666666666,0.9041666666666667,0.9031798325968677,0.885,0.21216945350170135,104.66057229042053,77959
SYN_ER_C6,MatrixRes,SAGEConv,3,6,3,identity,133,0.9479166666666666,0.8708333333333333,0.8710994329572141,0.845,0.31680938601493835,99.2332353591919,77959
SYN_ER_C6,MatrixRes,SAGEConv,4,6,3,identity,152,0.9479166666666666,0.9041666666666667,0.902896703829012,0.885,0.3432607352733612,109.90471744537354,77959
SYN_ER_C6,Plain,GATConv,0,6,3,identity,113,0.9479166666666666,0.9125,0.912155938510952,0.895,0.30681928992271423,64.90929865837097,41095
SYN_ER_C6,Plain,GATConv,1,6,3,identity,106,0.9166666666666666,0.925,0.924024394695698,0.91,0.337878555059433,62.18138933181763,41095
SYN_ER_C6,Plain,GATConv,2,6,3,identity,137,0.8958333333333334,0.95,0.9498380521415751,0.94,0.1622999608516693,73.37366914749146,41095
SYN_ER_C6,Plain,GATConv,3,6,3,identity,149,0.9583333333333334,0.8916666666666667,0.8914301037862363,0.8700000000000001,0.31635749340057373,74.7429928779602,41095
SYN_ER_C6,Plain,GATConv,4,6,3,identity,79,0.90625,0.9083333333333333,0.9087214937100782,0.89,0.31422799825668335,46.709434032440186,41095
SYN_ER_C6,Plain,GCNConv,0,6,3,identity,153,0.9583333333333334,0.9291666666666667,0.9291906013789483,0.915,0.2722398638725281,49.53847026824951,39559
SYN_ER_C6,Plain,GCNConv,1,6,3,identity,162,0.9479166666666666,0.9333333333333333,0.932643956173368,0.92,0.2676445245742798,53.95398235321045,39559
SYN_ER_C6,Plain,GCNConv,2,6,3,identity,93,0.9479166666666666,0.95,0.9495019113874384,0.94,0.1393313854932785,43.58684039115906,39559
SYN_ER_C6,Plain,GCNConv,3,6,3,identity,140,0.9375,0.8916666666666667,0.8912406972925471,0.8700000000000001,0.25586336851119995,54.85962653160095,39559
SYN_ER_C6,Plain,GCNConv,4,6,3,identity,135,0.9583333333333334,0.95,0.9504199065552235,0.94,0.1841186136007309,54.83329224586487,39559
SYN_ER_C6,Plain,GINConv,0,6,3,identity,63,0.78125,0.8041666666666667,0.8021568715699012,0.765,0.4686312973499298,33.71824359893799,89479
SYN_ER_C6,Plain,GINConv,1,6,3,identity,84,0.8541666666666666,0.8208333333333333,0.8196092013996544,0.7849999999999999,0.5032088756561279,34.585644006729126,89479
SYN_ER_C6,Plain,GINConv,2,6,3,identity,67,0.8020833333333334,0.8,0.8008893688048905,0.76,0.4596457779407501,35.38123393058777,89479
SYN_ER_C6,Plain,GINConv,3,6,3,identity,76,0.8645833333333334,0.7833333333333333,0.7803757037636562,0.74,0.5329552888870239,37.66127967834473,89479
SYN_ER_C6,Plain,GINConv,4,6,3,identity,80,0.8229166666666666,0.775,0.7720352313886311,0.7300000000000001,0.5444865822792053,37.60026454925537,89479
SYN_ER_C6,Plain,SAGEConv,0,6,3,identity,141,0.9375,0.9,0.8996239514695666,0.88,0.31524041295051575,51.15453767776489,77959
SYN_ER_C6,Plain,SAGEConv,1,6,3,identity,74,0.9375,0.9083333333333333,0.9073271242978275,0.89,0.35025787353515625,34.049222469329834,77959
SYN_ER_C6,Plain,SAGEConv,2,6,3,identity,123,0.9583333333333334,0.9166666666666666,0.915939694868702,0.8999999999999999,0.2139754295349121,43.963743925094604,77959
SYN_ER_C6,Plain,SAGEConv,3,6,3,identity,110,0.9479166666666666,0.8791666666666667,0.8775249970067124,0.855,0.29438310861587524,41.844419956207275,77959
SYN_ER_C6,Plain,SAGEConv,4,6,3,identity,88,0.9375,0.9083333333333333,0.907137844046673,0.89,0.31337955594062805,35.42308449745178,77959
SYN_ER_C6,VerticalRes,GATConv,0,6,3,identity,58,0.9166666666666666,0.8708333333333333,0.8699516478756245,0.845,0.42328256368637085,51.32040238380432,41095
SYN_ER_C6,VerticalRes,GATConv,1,6,3,identity,79,0.90625,0.9125,0.9116226409249665,0.895,0.41363951563835144,59.29246163368225,41095
SYN_ER_C6,VerticalRes,GATConv,2,6,3,identity,90,0.8958333333333334,0.9291666666666667,0.928529072818304,0.915,0.22542044520378113,63.63723301887512,41095
SYN_ER_C6,VerticalRes,GATConv,3,6,3,identity,118,0.9375,0.8875,0.8876322377667615,0.865,0.3266037702560425,74.39021849632263,41095
SYN_ER_C6,VerticalRes,GATConv,4,6,3,identity,138,0.8854166666666666,0.9083333333333333,0.9079572855285462,0.89,0.2967086136341095,79.2404568195343,41095
SYN_ER_C6,VerticalRes,GCNConv,0,6,3,identity,177,0.96875,0.9291666666666667,0.9290690239199724,0.915,0.2707214951515198,64.07773852348328,39559
SYN_ER_C6,VerticalRes,GCNConv,1,6,3,identity,116,0.9583333333333334,0.9208333333333333,0.9199081364758973,0.9049999999999999,0.26888543367385864,57.51688098907471,39559
SYN_ER_C6,VerticalRes,GCNConv,2,6,3,identity,115,0.9270833333333334,0.9541666666666667,0.9539376555906863,0.9450000000000001,0.1538044959306717,58.00033783912659,39559
SYN_ER_C6,VerticalRes,GCNConv,3,6,3,identity,91,0.96875,0.9083333333333333,0.9080775356487963,0.89,0.22077833116054535,54.128406047821045,39559
SYN_ER_C6,VerticalRes,GCNConv,4,6,3,identity,89,0.96875,0.95,0.9504121687093591,0.94,0.19765488803386688,51.38480854034424,39559
SYN_ER_C6,VerticalRes,GINConv,0,6,3,identity,128,0.8541666666666666,0.8708333333333333,0.8706309014262965,0.845,0.46190398931503296,61.68074440956116,89479
SYN_ER_C6,VerticalRes,GINConv,1,6,3,identity,120,0.8645833333333334,0.825,0.8200694162703224,0.7899999999999999,0.5315842628479004,55.47509741783142,89479
SYN_ER_C6,VerticalRes,GINConv,2,6,3,identity,61,0.8020833333333334,0.8041666666666667,0.7997047981454007,0.765,0.4522085189819336,38.80791163444519,89479
SYN_ER_C6,VerticalRes,GINConv,3,6,3,identity,86,0.875,0.8041666666666667,0.8029672952355659,0.765,0.501434862613678,49.02186322212219,89479
SYN_ER_C6,VerticalRes,GINConv,4,6,3,identity,82,0.8958333333333334,0.8291666666666667,0.8293274970923661,0.795,0.43817970156669617,47.43792772293091,89479
SYN_ER_C6,VerticalRes,SAGEConv,0,6,3,identity,139,0.9479166666666666,0.9208333333333333,0.9205089689492212,0.9049999999999999,0.2879382371902466,65.23351430892944,77959
SYN_ER_C6,VerticalRes,SAGEConv,1,6,3,identity,169,0.9375,0.9166666666666666,0.9162493420358212,0.8999999999999999,0.3770767152309418,65.09468126296997,77959
SYN_ER_C6,VerticalRes,SAGEConv,2,6,3,identity,115,0.9375,0.9375,0.9372023294955327,0.925,0.19362087547779083,53.80785870552063,77959
SYN_ER_C6,VerticalRes,SAGEConv,3,6,3,identity,151,0.9479166666666666,0.9041666666666667,0.90384569213313,0.885,0.27719154953956604,59.474220514297485,77959
SYN_ER_C6,VerticalRes,SAGEConv,4,6,3,identity,135,0.9375,0.9333333333333333,0.934035601397604,0.92,0.28887948393821716,60.0179328918457,77959
SYN_ER_C7,HorizontalRes,GATConv,0,7,3,identity,59,0.8392857142857143,0.8321428571428572,0.8325089870477108,0.8041666666666666,0.4606104612350464,59.34243583679199,41160
SYN_ER_C7,HorizontalRes,GATConv,1,7,3,identity,133,0.8928571428571429,0.8642857142857143,0.864107473820142,0.8416666666666667,0.4421571603843144,97.34066224098206,41160
SYN_ER_C7,HorizontalRes,GATConv,2,7,3,identity,74,0.8303571428571429,0.8571428571428571,0.8576926479093662,0.8333333333333331,0.4056526843990598,68.63872289657593,41160
SYN_ER_C7,HorizontalRes,GATConv,3,7,3,identity,96,0.8392857142857143,0.8678571428571429,0.8680214133863501,0.8458333333333333,0.3979555649416787,73.9975962638855,41160
SYN_ER_C7,HorizontalRes,GATConv,4,7,3,identity,53,0.6517857142857143,0.7428571428571429,0.7408308313024393,0.7000000000000001,0.6587536028453282,56.933719635009766,41160
SYN_ER_C7,HorizontalRes,GCNConv,0,7,3,identity,104,0.8928571428571429,0.8357142857142857,0.8351268636771552,0.8083333333333332,0.37737983890942167,66.21545195579529,39624
SYN_ER_C7,HorizontalRes,GCNConv,1,7,3,identity,139,0.9107142857142857,0.85,0.8502102835436168,0.8249999999999998,0.3928865156003407,76.57512927055359,39624
SYN_ER_C7,HorizontalRes,GCNConv,2,7,3,identity,78,0.8482142857142857,0.8892857142857142,0.8890230981860372,0.8708333333333332,0.3520321220159531,57.00184369087219,39624
SYN_ER_C7,HorizontalRes,GCNConv,3,7,3,identity,100,0.875,0.8892857142857142,0.8880125953064396,0.8708333333333332,0.325406790631158,66.21716237068176,39624
SYN_ER_C7,HorizontalRes,GCNConv,4,7,3,identity,99,0.8392857142857143,0.8821428571428571,0.881732976317817,0.8624999999999999,0.38299556715147837,66.26621651649475,39624
SYN_ER_C7,HorizontalRes,GINConv,0,7,3,identity,62,0.7321428571428571,0.7714285714285715,0.7699942976312643,0.7333333333333333,0.5628294723374503,47.41605806350708,89544
SYN_ER_C7,HorizontalRes,GINConv,1,7,3,identity,67,0.7767857142857143,0.6964285714285714,0.6928532514123911,0.6458333333333334,0.7372704173837389,47.849276065826416,89544
SYN_ER_C7,HorizontalRes,GINConv,2,7,3,identity,40,0.7142857142857143,0.7392857142857143,0.7369463628992674,0.6958333333333334,0.5997509181499481,37.997610569000244,89544
SYN_ER_C7,HorizontalRes,GINConv,3,7,3,identity,73,0.7767857142857143,0.7214285714285714,0.7125281204814644,0.6749999999999999,0.6839784204959869,52.71848464012146,89544
SYN_ER_C7,HorizontalRes,GINConv,4,7,3,identity,57,0.7142857142857143,0.6964285714285714,0.6973939490279787,0.6458333333333334,0.6908119303839547,45.521214723587036,89544
SYN_ER_C7,HorizontalRes,SAGEConv,0,7,3,identity,62,0.8035714285714286,0.8071428571428572,0.805664232780879,0.775,0.4633523941040039,50.52383017539978,78024
SYN_ER_C7,HorizontalRes,SAGEConv,1,7,3,identity,127,0.9017857142857143,0.8571428571428571,0.8566839174964104,0.8333333333333331,0.44568101252828324,67.43805646896362,78024
SYN_ER_C7,HorizontalRes,SAGEConv,2,7,3,identity,94,0.7678571428571429,0.8464285714285714,0.8433805426239752,0.8208333333333332,0.39552645002092635,54.64878964424133,78024
SYN_ER_C7,HorizontalRes,SAGEConv,3,7,3,identity,137,0.8482142857142857,0.8857142857142857,0.8846911195423705,0.8666666666666666,0.41299377935273307,71.89990329742432,78024
SYN_ER_C7,HorizontalRes,SAGEConv,4,7,3,identity,90,0.7946428571428571,0.825,0.8219848022803689,0.7958333333333333,0.5212357997894287,56.21728706359863,78024
SYN_ER_C7,MatrixResGated,GATConv,0,7,3,sparse,98,0.7589285714285714,0.7642857142857142,0.764521513626698,0.725,0.5545412404196602,117.39709424972534,41160
SYN_ER_C7,MatrixResGated,GATConv,1,7,3,sparse,70,0.8214285714285714,0.7964285714285714,0.7948234504898659,0.7624999999999998,0.52406964131764,97.77918720245361,41160
SYN_ER_C7,MatrixResGated,GATConv,2,7,3,sparse,120,0.8035714285714286,0.8714285714285714,0.8715553414737348,0.85,0.38892092406749723,130.5414650440216,41160
SYN_ER_C7,MatrixResGated,GATConv,3,7,3,sparse,83,0.8303571428571429,0.8642857142857143,0.8630484467392934,0.8416666666666667,0.4142198077269963,108.7271056175232,41160
SYN_ER_C7,MatrixResGated,GATConv,4,7,3,sparse,97,0.8035714285714286,0.8392857142857143,0.8389859865794024,0.8124999999999999,0.4980811136109488,110.80446124076843,41160
SYN_ER_C7,MatrixResGated,GCNConv,0,7,3,sparse,91,0.8035714285714286,0.8464285714285714,0.8450558006685772,0.8208333333333332,0.3591085284948349,91.99394869804382,39624
SYN_ER_C7,MatrixResGated,GCNConv,1,7,3,sparse,106,0.8839285714285714,0.8714285714285714,0.8710463406394691,0.85,0.3892770162650517,104.2399787902832,39624
SYN_ER_C7,MatrixResGated,GCNConv,2,7,3,sparse,89,0.8392857142857143,0.8607142857142858,0.8597936616930516,0.8375,0.36051014619214194,95.44880604743958,39624
SYN_ER_C7,MatrixResGated,GCNConv,3,7,3,sparse,149,0.875,0.8785714285714286,0.8780311577745525,0.8583333333333333,0.3437909279550825,129.25375366210938,39624
SYN_ER_C7,MatrixResGated,GCNConv,4,7,3,sparse,126,0.8660714285714286,0.8678571428571429,0.8662040716646259,0.8458333333333333,0.4020956448146275,111.83949184417725,39624
SYN_ER_C7,MatrixResGated,GINConv,0,7,3,sparse,51,0.7857142857142857,0.7928571428571428,0.7940373757708493,0.7583333333333332,0.5526614802224296,69.58133339881897,89544
SYN_ER_C7,MatrixResGated,GINConv,1,7,3,sparse,29,0.7232142857142857,0.7464285714285714,0.7445902534417075,0.7041666666666667,0.6059559600693839,59.11139392852783,89544
SYN_ER_C7,MatrixResGated,GINConv,2,7,3,sparse,38,0.75,0.8178571428571428,0.8187626274532013,0.7875,0.47173025522913253,63.1994743347168,89544
SYN_ER_C7,MatrixResGated,GINConv,3,7,3,sparse,46,0.7857142857142857,0.7464285714285714,0.745029421578889,0.7041666666666667,0.5844132959842682,68.2351143360138,89544
SYN_ER_C7,MatrixResGated,GINConv,4,7,3,sparse,34,0.75,0.7607142857142857,0.7601009094438398,0.7208333333333333,0.5682626809392657,63.5341591835022,89544
SYN_ER_C7,MatrixResGated,SAGEConv,0,7,3,sparse,68,0.8303571428571429,0.8142857142857143,0.8112925844971876,0.7833333333333333,0.4645870557853154,83.36874604225159,78024
SYN_ER_C7,MatrixResGated,SAGEConv,1,7,3,sparse,120,0.875,0.8142857142857143,0.8112199432277191,0.7833333333333333,0.5188538832323891,105.44820713996887,78024
SYN_ER_C7,MatrixResGated,SAGEConv,2,7,3,sparse,85,0.8035714285714286,0.8285714285714286,0.8237991260972326,0.7999999999999999,0.4343417414597103,83.90039420127869,78024
SYN_ER_C7,MatrixResGated,SAGEConv,3,7,3,sparse,132,0.8392857142857143,0.8071428571428572,0.8008657929425037,0.775,0.4328724316188267,108.48973774909973,78024
SYN_ER_C7,MatrixResGated,SAGEConv,4,7,3,sparse,104,0.8392857142857143,0.8392857142857143,0.8371763903962125,0.8124999999999999,0.49231926032475065,97.70893239974976,78024
SYN_ER_C7,MatrixRes,GATConv,0,7,3,identity,35,0.7321428571428571,0.7571428571428571,0.7546191802622978,0.7166666666666667,0.5602862988199506,68.74871373176575,41160
SYN_ER_C7,MatrixRes,GATConv,1,7,3,identity,101,0.8482142857142857,0.8107142857142857,0.8106406574437918,0.7791666666666667,0.46787317139761786,117.03063178062439,41160
SYN_ER_C7,MatrixRes,GATConv,2,7,3,identity,64,0.8392857142857143,0.8714285714285714,0.872668159570252,0.85,0.4071936628648213,92.95156383514404,41160
SYN_ER_C7,MatrixRes,GATConv,3,7,3,identity,90,0.8303571428571429,0.85,0.8487130593732761,0.8249999999999998,0.4321203951324735,106.80863332748413,41160
SYN_ER_C7,MatrixRes,GATConv,4,7,3,identity,98,0.8035714285714286,0.8428571428571429,0.8428259071927678,0.8166666666666665,0.4593764662742615,113.01783490180969,41160
SYN_ER_C7,MatrixRes,GCNConv,0,7,3,identity,97,0.8660714285714286,0.8464285714285714,0.845879147527358,0.8208333333333332,0.3629287549427577,94.22480058670044,39624
SYN_ER_C7,MatrixRes,GCNConv,1,7,3,identity,139,0.9017857142857143,0.8678571428571429,0.8673814218094635,0.8458333333333333,0.374175711614745,113.43214774131775,39624
SYN_ER_C7,MatrixRes,GCNConv,2,7,3,identity,102,0.8303571428571429,0.8892857142857142,0.8890334749143814,0.8708333333333332,0.34102387385708943,98.99284768104553,39624
SYN_ER_C7,MatrixRes,GCNConv,3,7,3,identity,182,0.8928571428571429,0.8714285714285714,0.8709406747523614,0.85,0.3493311711720058,135.65785098075867,39624
SYN_ER_C7,MatrixRes,GCNConv,4,7,3,identity,83,0.8660714285714286,0.8571428571428571,0.8571147401827065,0.8333333333333331,0.37008227024759566,90.20945119857788,39624
SYN_ER_C7,MatrixRes,GINConv,0,7,3,identity,47,0.7857142857142857,0.775,0.7763691640494731,0.7374999999999999,0.5124625052724566,66.99419283866882,89544
SYN_ER_C7,MatrixRes,GINConv,1,7,3,identity,35,0.7232142857142857,0.7642857142857142,0.7622226562961334,0.725,0.590039199590683,61.392767906188965,89544
SYN_ER_C7,MatrixRes,GINConv,2,7,3,identity,64,0.7678571428571429,0.8035714285714286,0.8032395824456625,0.7708333333333334,0.5706980492387499,73.65671896934509,89544
SYN_ER_C7,MatrixRes,GINConv,3,7,3,identity,50,0.7767857142857143,0.7464285714285714,0.7434863497172309,0.7041666666666667,0.6199971164975847,67.61332488059998,89544
SYN_ER_C7,MatrixRes,GINConv,4,7,3,identity,32,0.7678571428571429,0.8035714285714286,0.8037470684502345,0.7708333333333334,0.5614053606987,61.30037546157837,89544
SYN_ER_C7,MatrixRes,SAGEConv,0,7,3,identity,106,0.8482142857142857,0.8321428571428572,0.831342866632088,0.8041666666666666,0.4426768745694842,99.2716338634491,78024
SYN_ER_C7,MatrixRes,SAGEConv,1,7,3,identity,144,0.875,0.8214285714285714,0.820295396244519,0.7916666666666666,0.47018792033195494,110.00504732131958,78024
SYN_ER_C7,MatrixRes,SAGEConv,2,7,3,identity,85,0.7857142857142857,0.8285714285714286,0.8246752960921612,0.7999999999999999,0.41419082283973696,80.98242592811584,78024
SYN_ER_C7,MatrixRes,SAGEConv,3,7,3,identity,151,0.8303571428571429,0.85,0.8471913142085082,0.8249999999999998,0.41288165535245624,121.0323052406311,78024
SYN_ER_C7,MatrixRes,SAGEConv,4,7,3,identity,120,0.8392857142857143,0.8535714285714285,0.8522537147167588,0.8291666666666665,0.47530445882252287,97.37609052658081,78024
SYN_ER_C7,Plain,GATConv,0,7,3,identity,109,0.8482142857142857,0.8357142857142857,0.8346059136216041,0.8083333333333332,0.4242542241300855,66.38113188743591,41160
SYN_ER_C7,Plain,GATConv,1,7,3,identity,124,0.875,0.8357142857142857,0.8343098697513385,0.8083333333333332,0.4963427415915898,73.50373029708862,41160
SYN_ER_C7,Plain,GATConv,2,7,3,identity,86,0.8392857142857143,0.8607142857142858,0.8598708570703432,0.8375,0.4018466395991189,59.88525056838989,41160
SYN_ER_C7,Plain,GATConv,3,7,3,identity,151,0.8660714285714286,0.875,0.8740155132431555,0.8541666666666666,0.38392702255930217,79.02207708358765,41160
SYN_ER_C7,Plain,GATConv,4,7,3,identity,82,0.7946428571428571,0.8142857142857143,0.8129466748174095,0.7833333333333333,0.5100681151662554,54.13813090324402,41160
SYN_ER_C7,Plain,GCNConv,0,7,3,identity,88,0.8392857142857143,0.8571428571428571,0.8569148510817891,0.8333333333333331,0.3659342467784882,41.878552198410034,39624
SYN_ER_C7,Plain,GCNConv,1,7,3,identity,181,0.9464285714285714,0.8785714285714286,0.8788048897919934,0.8583333333333333,0.35891450728688923,57.12184810638428,39624
SYN_ER_C7,Plain,GCNConv,2,7,3,identity,147,0.8392857142857143,0.8857142857142857,0.8849965280286911,0.8666666666666666,0.347695061138698,60.5074245929718,39624
SYN_ER_C7,Plain,GCNConv,3,7,3,identity,162,0.875,0.8714285714285714,0.87027137109035,0.85,0.32508462497166224,58.70625281333923,39624
SYN_ER_C7,Plain,GCNConv,4,7,3,identity,146,0.8839285714285714,0.8821428571428571,0.8816053478451094,0.8624999999999999,0.3605929298060281,59.3006694316864,39624
SYN_ER_C7,Plain,GINConv,0,7,3,identity,100,0.75,0.7642857142857142,0.7615291662918361,0.725,0.5893814299787794,43.65563201904297,89544
SYN_ER_C7,Plain,GINConv,1,7,3,identity,107,0.7321428571428571,0.7178571428571429,0.7133688088178946,0.6708333333333333,0.6704939978463309,43.9163875579834,89544
SYN_ER_C7,Plain,GINConv,2,7,3,identity,47,0.7589285714285714,0.7857142857142857,0.7845020001771,0.7499999999999999,0.55504310131073,31.72279930114746,89544
SYN_ER_C7,Plain,GINConv,3,7,3,identity,48,0.7053571428571429,0.7178571428571429,0.7140710007553935,0.6708333333333333,0.6695553881781442,30.464836835861206,89544
SYN_ER_C7,Plain,GINConv,4,7,3,identity,69,0.7053571428571429,0.7285714285714285,0.7241151459074153,0.6833333333333332,0.6162593449865069,36.45940065383911,89544
SYN_ER_C7,Plain,SAGEConv,0,7,3,identity,130,0.8214285714285714,0.8285714285714286,0.8272120145736128,0.7999999999999999,0.4696513797555651,49.95490264892578,78024
SYN_ER_C7,Plain,SAGEConv,1,7,3,identity,164,0.9017857142857143,0.8535714285714285,0.8529375987250678,0.8291666666666665,0.4325356934751783,53.360572814941406,78024
SYN_ER_C7,Plain,SAGEConv,2,7,3,identity,145,0.8303571428571429,0.875,0.8747240012282954,0.8541666666666666,0.36519405799252647,51.35065793991089,78024
SYN_ER_C7,Plain,SAGEConv,3,7,3,identity,70,0.8125,0.8428571428571429,0.8334731423871365,0.8166666666666665,0.4353468290397099,35.44136643409729,78024
SYN_ER_C7,Plain,SAGEConv,4,7,3,identity,108,0.8303571428571429,0.85,0.8480802166745942,0.8249999999999998,0.4686388884271894,42.27261710166931,78024
SYN_ER_C7,VerticalRes,GATConv,0,7,3,identity,104,0.8125,0.7964285714285714,0.7960327562574755,0.7624999999999998,0.4812795732702528,73.4686827659607,41160
SYN_ER_C7,VerticalRes,GATConv,1,7,3,identity,93,0.8839285714285714,0.8285714285714286,0.827551436584064,0.7999999999999999,0.4798443521772112,70.38963723182678,41160
SYN_ER_C7,VerticalRes,GATConv,2,7,3,identity,114,0.8392857142857143,0.8785714285714286,0.8781226823758067,0.8583333333333333,0.4202102942126138,80.12971806526184,41160
SYN_ER_C7,VerticalRes,GATConv,3,7,3,identity,135,0.8303571428571429,0.8607142857142858,0.8595102991105744,0.8375,0.395623699256352,86.61765050888062,41160
SYN_ER_C7,VerticalRes,GATConv,4,7,3,identity,79,0.7589285714285714,0.8607142857142858,0.8586677433828722,0.8375,0.4518154740333557,62.34059429168701,41160
SYN_ER_C7,VerticalRes,GCNConv,0,7,3,identity,80,0.8482142857142857,0.85,0.8488391769581206,0.8249999999999998,0.3723736047744751,51.16256356239319,39624
SYN_ER_C7,VerticalRes,GCNConv,1,7,3,identity,181,0.9017857142857143,0.8571428571428571,0.857032575174069,0.8333333333333331,0.37025748789310453,71.21075797080994,39624
SYN_ER_C7,VerticalRes,GCNConv,2,7,3,identity,177,0.8660714285714286,0.8821428571428571,0.8811035706148489,0.8624999999999999,0.33093934570040023,68.55355715751648,39624
SYN_ER_C7,VerticalRes,GCNConv,3,7,3,identity,134,0.8839285714285714,0.8821428571428571,0.882043879089766,0.8624999999999999,0.32245129857744487,69.80127143859863,39624
SYN_ER_C7,VerticalRes,GCNConv,4,7,3,identity,153,0.875,0.8821428571428571,0.8815278460905834,0.8624999999999999,0.35436787520136154,75.15483236312866,39624
SYN_ER_C7,VerticalRes,GINConv,0,7,3,identity,77,0.7857142857142857,0.7607142857142857,0.7626237530187279,0.7208333333333333,0.5911689979689462,45.5845787525177,89544
SYN_ER_C7,VerticalRes,GINConv,1,7,3,identity,84,0.7767857142857143,0.7178571428571429,0.7126570403020496,0.6708333333333333,0.6554312433515276,48.236379623413086,89544
SYN_ER_C7,VerticalRes,GINConv,2,7,3,identity,60,0.7321428571428571,0.7821428571428571,0.7808844368000958,0.7458333333333332,0.5418128745896476,41.006797313690186,89544
SYN_ER_C7,VerticalRes,GINConv,3,7,3,identity,55,0.7321428571428571,0.7285714285714285,0.7244059696440649,0.6833333333333332,0.6129145145416259,40.00416350364685,89544
SYN_ER_C7,VerticalRes,GINConv,4,7,3,identity,39,0.7410714285714286,0.6928571428571428,0.6894718411594758,0.6416666666666667,0.6372845700808933,34.978190422058105,89544
SYN_ER_C7,VerticalRes,SAGEConv,0,7,3,identity,126,0.8660714285714286,0.8464285714285714,0.8456249224156458,0.8208333333333332,0.4230072668620518,63.41558265686035,78024
SYN_ER_C7,VerticalRes,SAGEConv,1,7,3,identity,108,0.875,0.8464285714285714,0.8456428801961021,0.8208333333333332,0.41873214968613215,56.89103960990906,78024
SYN_ER_C7,VerticalRes,SAGEConv,2,7,3,identity,75,0.8035714285714286,0.8464285714285714,0.8455764641563525,0.8208333333333332,0.4366881225790296,44.50654911994934,78024
SYN_ER_C7,VerticalRes,SAGEConv,3,7,3,identity,121,0.8303571428571429,0.8678571428571429,0.8667661523792706,0.8458333333333333,0.40349560294832504,56.10226798057556,78024
SYN_ER_C7,VerticalRes,SAGEConv,4,7,3,identity,125,0.8303571428571429,0.8321428571428572,0.8311105131859872,0.8041666666666666,0.4997496894427708,60.09942650794983,78024
SYN_ER_C8,HorizontalRes,GATConv,0,8,3,identity,87,0.8046875,0.778125,0.7757429176813906,0.7464285714285713,0.586657190322876,85.78694343566895,41225
SYN_ER_C8,HorizontalRes,GATConv,1,8,3,identity,95,0.84375,0.771875,0.7743340176535923,0.7392857142857142,0.543223524093628,93.96342301368713,41225
SYN_ER_C8,HorizontalRes,GATConv,2,8,3,identity,132,0.8359375,0.8,0.7995020392235974,0.7714285714285715,0.5437546133995056,114.94584202766418,41225
SYN_ER_C8,HorizontalRes,GATConv,3,8,3,identity,130,0.84375,0.8125,0.8125187552621376,0.7857142857142857,0.49696260690689087,110.52622985839844,41225
SYN_ER_C8,HorizontalRes,GATConv,4,8,3,identity,90,0.8125,0.81875,0.8200526341892658,0.7928571428571428,0.5155455350875855,88.94308471679688,41225
SYN_ER_C8,HorizontalRes,GCNConv,0,8,3,identity,135,0.8125,0.828125,0.8266717521147533,0.8035714285714286,0.45086532831192017,94.7614758014679,39689
SYN_ER_C8,HorizontalRes,GCNConv,1,8,3,identity,132,0.875,0.834375,0.8332715845448988,0.8107142857142857,0.4376632571220398,90.52646923065186,39689
SYN_ER_C8,HorizontalRes,GCNConv,2,8,3,identity,105,0.875,0.83125,0.8317280689933398,0.8071428571428572,0.4810671925544739,80.52973556518555,39689
SYN_ER_C8,HorizontalRes,GCNConv,3,8,3,identity,124,0.84375,0.8375,0.8366445984530184,0.8142857142857143,0.37992111444473264,87.86988282203674,39689
SYN_ER_C8,HorizontalRes,GCNConv,4,8,3,identity,111,0.8671875,0.8625,0.8629389850143117,0.8428571428571429,0.45817593336105344,87.74333715438843,39689
SYN_ER_C8,HorizontalRes,GINConv,0,8,3,identity,43,0.6796875,0.625,0.6106265487578431,0.5714285714285714,0.8429769277572632,46.88153600692749,89609
SYN_ER_C8,HorizontalRes,GINConv,1,8,3,identity,69,0.734375,0.725,0.7247184056553648,0.6857142857142857,0.6460264921188354,59.11577820777893,89609
SYN_ER_C8,HorizontalRes,GINConv,2,8,3,identity,63,0.6171875,0.625,0.6230832893972736,0.5714285714285714,0.8752275109291077,54.41189360618591,89609
SYN_ER_C8,HorizontalRes,GINConv,3,8,3,identity,43,0.6796875,0.66875,0.665275305563865,0.6214285714285713,0.8069194674491882,48.43397092819214,89609
SYN_ER_C8,HorizontalRes,GINConv,4,8,3,identity,48,0.640625,0.703125,0.6931245301846753,0.6607142857142857,0.7175614833831787,51.213501930236816,89609
SYN_ER_C8,HorizontalRes,SAGEConv,0,8,3,identity,113,0.765625,0.809375,0.807830553234965,0.7821428571428571,0.48534255027770995,83.14308261871338,78089
SYN_ER_C8,HorizontalRes,SAGEConv,1,8,3,identity,135,0.8984375,0.79375,0.7893382761599816,0.7642857142857142,0.5374486923217774,85.73226690292358,78089
SYN_ER_C8,HorizontalRes,SAGEConv,2,8,3,identity,139,0.828125,0.81875,0.8179486965751408,0.7928571428571428,0.5577078938484192,87.41246724128723,78089
SYN_ER_C8,HorizontalRes,SAGEConv,3,8,3,identity,89,0.8203125,0.821875,0.820076435321739,0.7964285714285715,0.5204786777496337,66.49036717414856,78089
SYN_ER_C8,HorizontalRes,SAGEConv,4,8,3,identity,89,0.8203125,0.809375,0.8052151441472322,0.7821428571428571,0.5620569229125977,65.46622323989868,78089
SYN_ER_C8,MatrixResGated,GATConv,0,8,3,sparse,60,0.7578125,0.834375,0.8338077171640998,0.8107142857142857,0.5180652260780334,106.0049524307251,41225
SYN_ER_C8,MatrixResGated,GATConv,1,8,3,sparse,78,0.8828125,0.771875,0.7719104495760178,0.7392857142857142,0.5184886932373047,124.07718825340271,41225
SYN_ER_C8,MatrixResGated,GATConv,2,8,3,sparse,75,0.8125,0.784375,0.784128800599929,0.7535714285714287,0.5570253431797028,124.39039254188538,41225
SYN_ER_C8,MatrixResGated,GATConv,3,8,3,sparse,116,0.8203125,0.825,0.8252190155315977,0.7999999999999999,0.5075188755989075,149.8639531135559,41225
SYN_ER_C8,MatrixResGated,GATConv,4,8,3,sparse,94,0.8046875,0.8125,0.8103104815884843,0.7857142857142857,0.5459397315979004,138.22927522659302,41225
SYN_ER_C8,MatrixResGated,GCNConv,0,8,3,sparse,108,0.8203125,0.821875,0.8200185868199696,0.7964285714285715,0.4312447547912598,122.81068587303162,39689
SYN_ER_C8,MatrixResGated,GCNConv,1,8,3,sparse,131,0.875,0.815625,0.812329889455318,0.7892857142857144,0.4611292064189911,138.25261163711548,39689
SYN_ER_C8,MatrixResGated,GCNConv,2,8,3,sparse,195,0.859375,0.83125,0.8315290108011149,0.8071428571428572,0.513695478439331,158.34214663505554,39689
SYN_ER_C8,MatrixResGated,GCNConv,3,8,3,sparse,113,0.8671875,0.8625,0.8614896097875828,0.8428571428571429,0.3965659260749817,132.34310603141785,39689
SYN_ER_C8,MatrixResGated,GCNConv,4,8,3,sparse,122,0.84375,0.85625,0.8576267266307918,0.8357142857142856,0.4662255227565765,136.6525194644928,39689
SYN_ER_C8,MatrixResGated,GINConv,0,8,3,sparse,66,0.7265625,0.725,0.7176056160343178,0.6857142857142857,0.6766397595405579,96.78589749336243,89609
SYN_ER_C8,MatrixResGated,GINConv,1,8,3,sparse,64,0.7890625,0.734375,0.7342707727981762,0.6964285714285714,0.6846459865570068,95.0589509010315,89609
SYN_ER_C8,MatrixResGated,GINConv,2,8,3,sparse,39,0.6640625,0.653125,0.6496179592582569,0.6035714285714285,0.807427453994751,73.07912063598633,89609
SYN_ER_C8,MatrixResGated,GINConv,3,8,3,sparse,59,0.7265625,0.728125,0.7257015809308183,0.6892857142857143,0.7109769940376282,81.54547047615051,89609
SYN_ER_C8,MatrixResGated,GINConv,4,8,3,sparse,57,0.7265625,0.740625,0.736873798495945,0.7035714285714285,0.6456926822662353,77.13180756568909,89609
SYN_ER_C8,MatrixResGated,SAGEConv,0,8,3,sparse,102,0.7421875,0.828125,0.8235085109504554,0.8035714285714286,0.49103007316589353,113.23385119438171,78089
SYN_ER_C8,MatrixResGated,SAGEConv,1,8,3,sparse,140,0.8671875,0.796875,0.7939403934722514,0.7678571428571429,0.4980628967285156,139.89941263198853,78089
SYN_ER_C8,MatrixResGated,SAGEConv,2,8,3,sparse,185,0.8203125,0.8,0.797735196146081,0.7714285714285715,0.5597594499588012,148.43590426445007,78089
SYN_ER_C8,MatrixResGated,SAGEConv,3,8,3,sparse,100,0.796875,0.821875,0.8201208030952472,0.7964285714285715,0.5152873516082763,112.76202249526978,78089
SYN_ER_C8,MatrixResGated,SAGEConv,4,8,3,sparse,91,0.8203125,0.796875,0.7924304496784376,0.7678571428571429,0.5860626578330994,102.42911911010742,78089
SYN_ER_C8,MatrixRes,GATConv,0,8,3,identity,36,0.734375,0.8,0.798698524074917,0.7714285714285715,0.6075281858444214,84.25572443008423,41225
SYN_ER_C8,MatrixRes,GATConv,1,8,3,identity,120,0.8671875,0.79375,0.7944606584935656,0.7642857142857142,0.5294546484947205,154.56538939476013,41225
SYN_ER_C8,MatrixRes,GATConv,2,8,3,identity,103,0.84375,0.79375,0.794676221832525,0.7642857142857142,0.524050909280777,142.50815510749817,41225
SYN_ER_C8,MatrixRes,GATConv,3,8,3,identity,93,0.7890625,0.740625,0.7394534653326212,0.7035714285714285,0.6254268288612366,131.33201932907104,41225
SYN_ER_C8,MatrixRes,GATConv,4,8,3,identity,47,0.7109375,0.778125,0.7750877455614124,0.7464285714285713,0.6034539937973022,96.85070085525513,41225
SYN_ER_C8,MatrixRes,GCNConv,0,8,3,identity,84,0.8046875,0.834375,0.8338908419356241,0.8107142857142857,0.4319098949432373,106.0624053478241,39689
SYN_ER_C8,MatrixRes,GCNConv,1,8,3,identity,105,0.90625,0.8125,0.8119623808884903,0.7857142857142857,0.4774389624595642,114.31817483901978,39689
SYN_ER_C8,MatrixRes,GCNConv,2,8,3,identity,212,0.859375,0.825,0.8265704779734168,0.7999999999999999,0.5127600908279419,156.84378480911255,39689
SYN_ER_C8,MatrixRes,GCNConv,3,8,3,identity,151,0.84375,0.846875,0.8464137468572932,0.8250000000000001,0.4007985830307007,153.24903774261475,39689
SYN_ER_C8,MatrixRes,GCNConv,4,8,3,identity,132,0.8671875,0.8375,0.8385285922383473,0.8142857142857143,0.45806108713150023,138.25931930541992,39689
SYN_ER_C8,MatrixRes,GINConv,0,8,3,identity,55,0.7421875,0.740625,0.737113116071653,0.7035714285714285,0.6511447429656982,86.77697348594666,89609
SYN_ER_C8,MatrixRes,GINConv,1,8,3,identity,56,0.7421875,0.721875,0.720635556762111,0.6821428571428572,0.6335480809211731,87.5573935508728,89609
SYN_ER_C8,MatrixRes,GINConv,2,8,3,identity,30,0.671875,0.65,0.648938816519362,0.6,0.7956430196762085,67.97082376480103,89609
SYN_ER_C8,MatrixRes,GINConv,3,8,3,identity,54,0.703125,0.73125,0.727578202497644,0.6928571428571428,0.7416507005691528,86.1117582321167,89609
SYN_ER_C8,MatrixRes,GINConv,4,8,3,identity,59,0.7734375,0.71875,0.7149941702715714,0.6785714285714286,0.6594702363014221,91.96703028678894,89609
SYN_ER_C8,MatrixRes,SAGEConv,0,8,3,identity,102,0.75,0.809375,0.8076435613251862,0.7821428571428571,0.4813019633293152,107.78895735740662,78089
SYN_ER_C8,MatrixRes,SAGEConv,1,8,3,identity,157,0.84375,0.80625,0.8038203494279472,0.7785714285714286,0.4923627138137817,140.86642479896545,78089
SYN_ER_C8,MatrixRes,SAGEConv,2,8,3,identity,168,0.8359375,0.80625,0.8047570082719353,0.7785714285714286,0.5483686089515686,144.05583691596985,78089
SYN_ER_C8,MatrixRes,SAGEConv,3,8,3,identity,111,0.8359375,0.83125,0.8295653446218403,0.8071428571428572,0.479085373878479,119.16732954978943,78089
SYN_ER_C8,MatrixRes,SAGEConv,4,8,3,identity,138,0.796875,0.81875,0.8162246832200273,0.7928571428571428,0.5875917196273803,131.47173738479614,78089
SYN_ER_C8,Plain,GATConv,0,8,3,identity,154,0.8125,0.821875,0.8200654442422735,0.7964285714285715,0.5137402772903442,89.51174664497375,41225
SYN_ER_C8,Plain,GATConv,1,8,3,identity,102,0.84375,0.796875,0.7942423393210197,0.7678571428571429,0.5431029915809631,78.87651205062866,41225
SYN_ER_C8,Plain,GATConv,2,8,3,identity,65,0.8359375,0.796875,0.7964232347628994,0.7678571428571429,0.5749765038490295,61.44605565071106,41225
SYN_ER_C8,Plain,GATConv,3,8,3,identity,151,0.8515625,0.81875,0.8152259822509689,0.7928571428571428,0.5161209225654602,93.57095766067505,41225
SYN_ER_C8,Plain,GATConv,4,8,3,identity,103,0.8125,0.828125,0.8286639155050517,0.8035714285714286,0.5162811160087586,72.10624074935913,41225
SYN_ER_C8,Plain,GCNConv,0,8,3,identity,143,0.8125,0.853125,0.8528577708576708,0.8321428571428572,0.4279831349849701,65.37490200996399,39689
SYN_ER_C8,Plain,GCNConv,1,8,3,identity,163,0.875,0.83125,0.827933682534886,0.8071428571428572,0.42509021759033205,71.45141243934631,39689
SYN_ER_C8,Plain,GCNConv,2,8,3,identity,150,0.859375,0.825,0.8251673815906634,0.7999999999999999,0.48514010310173034,67.8289864063263,39689
SYN_ER_C8,Plain,GCNConv,3,8,3,identity,113,0.8671875,0.83125,0.8323938139720565,0.8071428571428572,0.427524334192276,60.70239734649658,39689
SYN_ER_C8,Plain,GCNConv,4,8,3,identity,150,0.8671875,0.8375,0.8376229072170092,0.8142857142857143,0.4637742042541504,73.17600226402283,39689
SYN_ER_C8,Plain,GINConv,0,8,3,identity,45,0.6484375,0.70625,0.6961593567367204,0.6642857142857144,0.7065150499343872,34.84633445739746,89609
SYN_ER_C8,Plain,GINConv,1,8,3,identity,63,0.7265625,0.696875,0.6949375637146127,0.6535714285714286,0.6781645298004151,41.34260940551758,89609
SYN_ER_C8,Plain,GINConv,2,8,3,identity,69,0.7109375,0.65,0.6481109386473918,0.6,0.8980627059936523,42.28784465789795,89609
SYN_ER_C8,Plain,GINConv,3,8,3,identity,65,0.703125,0.6625,0.6553076693482607,0.6142857142857142,0.8054077625274658,41.23235821723938,89609
SYN_ER_C8,Plain,GINConv,4,8,3,identity,94,0.71875,0.696875,0.6935728097136985,0.6535714285714286,0.794263768196106,51.90040040016174,89609
SYN_ER_C8,Plain,SAGEConv,0,8,3,identity,128,0.78125,0.821875,0.8195215157853766,0.7964285714285715,0.46126959323883054,63.21219801902771,78089
SYN_ER_C8,Plain,SAGEConv,1,8,3,identity,137,0.8515625,0.803125,0.7995995989301233,0.775,0.49388750791549685,65.553870677948,78089
SYN_ER_C8,Plain,SAGEConv,2,8,3,identity,185,0.8125,0.815625,0.8150739299831544,0.7892857142857144,0.5365250945091248,61.14690375328064,78089
SYN_ER_C8,Plain,SAGEConv,3,8,3,identity,77,0.8359375,0.83125,0.8295444838694217,0.8071428571428572,0.49265073537826537,41.01099514961243,78089
SYN_ER_C8,Plain,SAGEConv,4,8,3,identity,80,0.828125,0.83125,0.8298149233040015,0.8071428571428572,0.5363661050796509,42.59796905517578,78089
SYN_ER_C8,VerticalRes,GATConv,0,8,3,identity,138,0.75,0.778125,0.7760862850680956,0.7464285714285713,0.6347461581230164,104.06905698776245,41225
SYN_ER_C8,VerticalRes,GATConv,1,8,3,identity,96,0.8515625,0.765625,0.763240340068926,0.7321428571428571,0.5582128643989563,84.36125349998474,41225
SYN_ER_C8,VerticalRes,GATConv,2,8,3,identity,88,0.828125,0.796875,0.7975013872074846,0.7678571428571429,0.5687397599220276,84.34406185150146,41225
SYN_ER_C8,VerticalRes,GATConv,3,8,3,identity,170,0.859375,0.83125,0.8301871783621918,0.8071428571428572,0.49287909269332886,105.29263186454773,41225
SYN_ER_C8,VerticalRes,GATConv,4,8,3,identity,40,0.828125,0.83125,0.8297079189203354,0.8071428571428572,0.5926812648773193,51.1332061290741,41225
SYN_ER_C8,VerticalRes,GCNConv,0,8,3,identity,98,0.7890625,0.821875,0.8213988673828032,0.7964285714285715,0.44485090374946595,68.03099870681763,39689
SYN_ER_C8,VerticalRes,GCNConv,1,8,3,identity,158,0.890625,0.83125,0.8289419618287722,0.8071428571428572,0.42385865449905397,83.99359202384949,39689
SYN_ER_C8,VerticalRes,GCNConv,2,8,3,identity,155,0.84375,0.834375,0.8355513403651598,0.8107142857142857,0.4767477035522461,85.8236243724823,39689
SYN_ER_C8,VerticalRes,GCNConv,3,8,3,identity,142,0.8515625,0.84375,0.8424101007011596,0.8214285714285714,0.4349448084831238,85.07614159584045,39689
SYN_ER_C8,VerticalRes,GCNConv,4,8,3,identity,135,0.859375,0.846875,0.8471731308211994,0.8250000000000001,0.4705959022045135,89.45107817649841,39689
SYN_ER_C8,VerticalRes,GINConv,0,8,3,identity,60,0.703125,0.6875,0.6804077064361875,0.6428571428571429,0.6931643605232238,51.83427023887634,89609
SYN_ER_C8,VerticalRes,GINConv,1,8,3,identity,78,0.7734375,0.71875,0.7119608602162728,0.6785714285714286,0.6927660942077637,55.91664505004883,89609
SYN_ER_C8,VerticalRes,GINConv,2,8,3,identity,63,0.65625,0.65625,0.6541108148415822,0.6071428571428571,0.7818662524223328,50.21855020523071,89609
SYN_ER_C8,VerticalRes,GINConv,3,8,3,identity,67,0.7109375,0.71875,0.7168620413049194,0.6785714285714286,0.7281165480613708,50.97502112388611,89609
SYN_ER_C8,VerticalRes,GINConv,4,8,3,identity,87,0.7109375,0.721875,0.7166618737761103,0.6821428571428572,0.6660457849502563,62.65909385681152,89609
SYN_ER_C8,VerticalRes,SAGEConv,0,8,3,identity,100,0.7890625,0.80625,0.8038642804677711,0.7785714285714286,0.48022463321685793,66.46155786514282,78089
SYN_ER_C8,VerticalRes,SAGEConv,1,8,3,identity,127,0.8515625,0.815625,0.8128608409828699,0.7892857142857144,0.48934640884399416,74.32530069351196,78089
SYN_ER_C8,VerticalRes,SAGEConv,2,8,3,identity,141,0.8046875,0.8125,0.8116224461785038,0.7857142857142857,0.5286048293113709,75.39307761192322,78089
SYN_ER_C8,VerticalRes,SAGEConv,3,8,3,identity,148,0.8359375,0.81875,0.8164822590158032,0.7928571428571428,0.4884811580181122,73.56967806816101,78089
SYN_ER_C8,VerticalRes,SAGEConv,4,8,3,identity,111,0.828125,0.80625,0.8048367541271098,0.7785714285714286,0.5697679042816162,67.31211495399475,78089
SYN_REGULAR_C2,HorizontalRes,GATConv,0,2,3,identity,19,1.0,1.0,1.0,1.0,5.960463234089275e-09,16.446798086166382,40835
SYN_REGULAR_C2,HorizontalRes,GATConv,1,2,3,identity,20,1.0,0.9875,0.9874980465697765,0.9750000000000001,0.043213069438934326,18.583167791366577,40835
SYN_REGULAR_C2,HorizontalRes,GATConv,2,2,3,identity,12,1.0,1.0,1.0,1.0,6.527351069962606e-05,17.528210878372192,40835
SYN_REGULAR_C2,HorizontalRes,GATConv,3,2,3,identity,33,1.0,1.0,1.0,1.0,1.173686541733332e-05,21.336281776428223,40835
SYN_REGULAR_C2,HorizontalRes,GATConv,4,2,3,identity,21,1.0,1.0,1.0,1.0,2.0401226720423438e-05,16.616236448287964,40835
SYN_REGULAR_C2,HorizontalRes,GCNConv,0,2,3,identity,17,1.0,1.0,1.0,1.0,0.0,11.82284665107727,39299
SYN_REGULAR_C2,HorizontalRes,GCNConv,1,2,3,identity,15,1.0,1.0,1.0,1.0,1.4901160305669237e-09,11.926469802856445,39299
SYN_REGULAR_C2,HorizontalRes,GCNConv,2,2,3,identity,12,1.0,1.0,1.0,1.0,0.0,13.53660535812378,39299
SYN_REGULAR_C2,HorizontalRes,GCNConv,3,2,3,identity,12,1.0,1.0,1.0,1.0,0.0,13.00715184211731,39299
SYN_REGULAR_C2,HorizontalRes,GCNConv,4,2,3,identity,12,1.0,1.0,1.0,1.0,7.4505797087454084e-09,11.761361598968506,39299
SYN_REGULAR_C2,HorizontalRes,GINConv,0,2,3,identity,11,1.0,1.0,1.0,1.0,0.0,12.368212223052979,89219
SYN_REGULAR_C2,HorizontalRes,GINConv,1,2,3,identity,22,1.0,1.0,1.0,1.0,0.0,13.757556915283203,89219
SYN_REGULAR_C2,HorizontalRes,GINConv,2,2,3,identity,12,1.0,1.0,1.0,1.0,0.0,10.79693055152893,89219
SYN_REGULAR_C2,HorizontalRes,GINConv,3,2,3,identity,11,1.0,1.0,1.0,1.0,0.0,13.242307424545288,89219
SYN_REGULAR_C2,HorizontalRes,GINConv,4,2,3,identity,16,1.0,1.0,1.0,1.0,0.0,13.780744314193726,89219
SYN_REGULAR_C2,HorizontalRes,SAGEConv,0,2,3,identity,21,1.0,1.0,1.0,1.0,0.0,14.152135610580444,77699
SYN_REGULAR_C2,HorizontalRes,SAGEConv,1,2,3,identity,21,1.0,1.0,1.0,1.0,7.953211934363935e-06,14.004363298416138,77699
SYN_REGULAR_C2,HorizontalRes,SAGEConv,2,2,3,identity,21,1.0,1.0,1.0,1.0,0.0,12.435558557510376,77699
SYN_REGULAR_C2,HorizontalRes,SAGEConv,3,2,3,identity,20,1.0,1.0,1.0,1.0,0.0,12.155169486999512,77699
SYN_REGULAR_C2,HorizontalRes,SAGEConv,4,2,3,identity,20,1.0,1.0,1.0,1.0,0.0,13.250728368759155,77699
SYN_REGULAR_C2,MatrixResGated,GATConv,0,2,3,sparse,39,1.0,1.0,1.0,1.0,1.4155972394291894e-06,37.51090717315674,40835
SYN_REGULAR_C2,MatrixResGated,GATConv,1,2,3,sparse,55,1.0,1.0,1.0,1.0,1.1444247320469003e-05,41.4978711605072,40835
SYN_REGULAR_C2,MatrixResGated,GATConv,2,2,3,sparse,39,1.0,1.0,1.0,1.0,5.781618597211491e-07,36.651429891586304,40835
SYN_REGULAR_C2,MatrixResGated,GATConv,3,2,3,sparse,42,1.0,1.0,1.0,1.0,4.248085133440327e-06,38.8919517993927,40835
SYN_REGULAR_C2,MatrixResGated,GATConv,4,2,3,sparse,64,1.0,1.0,1.0,1.0,1.192087779600115e-06,44.63802433013916,40835
SYN_REGULAR_C2,MatrixResGated,GCNConv,0,2,3,sparse,76,1.0,1.0,1.0,1.0,7.761724191368558e-06,40.85706400871277,39299
SYN_REGULAR_C2,MatrixResGated,GCNConv,1,2,3,sparse,72,1.0,1.0,1.0,1.0,2.262054658785928e-05,40.78920316696167,39299
SYN_REGULAR_C2,MatrixResGated,GCNConv,2,2,3,sparse,71,1.0,1.0,1.0,1.0,9.342693374492228e-06,41.31190872192383,39299
SYN_REGULAR_C2,MatrixResGated,GCNConv,3,2,3,sparse,58,1.0,1.0,1.0,1.0,1.5744435586384498e-05,38.083372592926025,39299
SYN_REGULAR_C2,MatrixResGated,GCNConv,4,2,3,sparse,65,1.0,1.0,1.0,1.0,7.432176062138751e-06,40.89405155181885,39299
SYN_REGULAR_C2,MatrixResGated,GINConv,0,2,3,sparse,18,1.0,1.0,1.0,1.0,0.0,28.740509033203125,89219
SYN_REGULAR_C2,MatrixResGated,GINConv,1,2,3,sparse,12,1.0,1.0,1.0,1.0,2.9802320611338473e-09,24.953498363494873,89219
SYN_REGULAR_C2,MatrixResGated,GINConv,2,2,3,sparse,12,1.0,1.0,1.0,1.0,5.960464122267695e-09,25.845864057540894,89219
SYN_REGULAR_C2,MatrixResGated,GINConv,3,2,3,sparse,15,1.0,1.0,1.0,1.0,0.0,25.344767570495605,89219
SYN_REGULAR_C2,MatrixResGated,GINConv,4,2,3,sparse,13,1.0,1.0,1.0,1.0,0.0,19.1780002117157,89219
SYN_REGULAR_C2,MatrixResGated,SAGEConv,0,2,3,sparse,130,1.0,1.0,1.0,1.0,6.705521116145974e-08,56.997209548950195,77699
SYN_REGULAR_C2,MatrixResGated,SAGEConv,1,2,3,sparse,105,1.0,1.0,1.0,1.0,4.252409053151496e-05,49.839152812957764,77699
SYN_REGULAR_C2,MatrixResGated,SAGEConv,2,2,3,sparse,171,1.0,1.0,1.0,1.0,2.816317135057034e-07,59.75072979927063,77699
SYN_REGULAR_C2,MatrixResGated,SAGEConv,3,2,3,sparse,140,1.0,1.0,1.0,1.0,3.531568779635563e-07,56.1272976398468,77699
SYN_REGULAR_C2,MatrixResGated,SAGEConv,4,2,3,sparse,165,1.0,1.0,1.0,1.0,3.308053919681697e-07,59.35546684265137,77699
SYN_REGULAR_C2,MatrixRes,GATConv,0,2,3,identity,99,1.0,1.0,1.0,1.0,1.1443992207205156e-06,54.37263345718384,40835
SYN_REGULAR_C2,MatrixRes,GATConv,1,2,3,identity,146,1.0,1.0,1.0,1.0,1.0756994015537202e-05,71.32774376869202,40835
SYN_REGULAR_C2,MatrixRes,GATConv,2,2,3,identity,195,1.0,1.0,1.0,1.0,1.5005255136202322e-06,77.00293970108032,40835
SYN_REGULAR_C2,MatrixRes,GATConv,3,2,3,identity,43,1.0,1.0,1.0,1.0,1.2531720585684525e-06,40.77839398384094,40835
SYN_REGULAR_C2,MatrixRes,GATConv,4,2,3,identity,240,1.0,1.0,1.0,1.0,2.443766106807743e-06,74.71436858177185,40835
SYN_REGULAR_C2,MatrixRes,GCNConv,0,2,3,identity,94,1.0,1.0,1.0,1.0,3.4585093544592382e-06,44.332794189453125,39299
SYN_REGULAR_C2,MatrixRes,GCNConv,1,2,3,identity,72,1.0,1.0,1.0,1.0,1.6180178135982715e-05,40.894328594207764,39299
SYN_REGULAR_C2,MatrixRes,GCNConv,2,2,3,identity,240,1.0,1.0,1.0,1.0,2.6359955427324167e-06,66.29913139343262,39299
SYN_REGULAR_C2,MatrixRes,GCNConv,3,2,3,identity,197,1.0,1.0,1.0,1.0,4.097701093996875e-06,66.68464660644531,39299
SYN_REGULAR_C2,MatrixRes,GCNConv,4,2,3,identity,64,1.0,1.0,1.0,1.0,8.203673132811673e-06,39.63216686248779,39299
SYN_REGULAR_C2,MatrixRes,GINConv,0,2,3,identity,10,1.0,1.0,1.0,1.0,0.0,23.931416034698486,89219
SYN_REGULAR_C2,MatrixRes,GINConv,1,2,3,identity,10,1.0,1.0,1.0,1.0,4.470348091700771e-09,23.700822353363037,89219
SYN_REGULAR_C2,MatrixRes,GINConv,2,2,3,identity,9,1.0,1.0,1.0,1.0,2.9802320611338473e-09,21.166614770889282,89219
SYN_REGULAR_C2,MatrixRes,GINConv,3,2,3,identity,8,1.0,1.0,1.0,1.0,0.0,20.695754528045654,89219
SYN_REGULAR_C2,MatrixRes,GINConv,4,2,3,identity,10,1.0,1.0,1.0,1.0,0.0,24.197493076324463,89219
SYN_REGULAR_C2,MatrixRes,SAGEConv,0,2,3,identity,82,1.0,1.0,1.0,1.0,6.258486706656186e-08,43.10714077949524,77699
SYN_REGULAR_C2,MatrixRes,SAGEConv,1,2,3,identity,162,1.0,1.0,1.0,1.0,4.891106527793454e-06,59.583030223846436,77699
SYN_REGULAR_C2,MatrixRes,SAGEConv,2,2,3,identity,75,1.0,1.0,1.0,1.0,3.5613740578810393e-07,41.26621770858765,77699
SYN_REGULAR_C2,MatrixRes,SAGEConv,3,2,3,identity,78,1.0,1.0,1.0,1.0,1.0877838718670318e-07,39.98639154434204,77699
SYN_REGULAR_C2,MatrixRes,SAGEConv,4,2,3,identity,198,1.0,1.0,1.0,1.0,1.817940216142233e-07,59.15959882736206,77699
SYN_REGULAR_C2,Plain,GATConv,0,2,3,identity,19,1.0,1.0,1.0,1.0,2.2500705654238118e-07,13.60491156578064,40835
SYN_REGULAR_C2,Plain,GATConv,1,2,3,identity,49,1.0,1.0,1.0,1.0,1.125000949286914e-06,18.060466766357422,40835
SYN_REGULAR_C2,Plain,GATConv,2,2,3,identity,34,1.0,1.0,1.0,1.0,7.301561311123805e-08,15.87784743309021,40835
SYN_REGULAR_C2,Plain,GATConv,3,2,3,identity,17,1.0,1.0,1.0,1.0,0.00496686901897192,13.945811748504639,40835
SYN_REGULAR_C2,Plain,GATConv,4,2,3,identity,24,1.0,1.0,1.0,1.0,4.470348091700771e-09,14.318476915359497,40835
SYN_REGULAR_C2,Plain,GCNConv,0,2,3,identity,25,1.0,1.0,1.0,1.0,1.7881390590446244e-08,12.523411750793457,39299
SYN_REGULAR_C2,Plain,GCNConv,1,2,3,identity,29,1.0,1.0,1.0,1.0,2.428867560411163e-07,12.433841943740845,39299
SYN_REGULAR_C2,Plain,GCNConv,2,2,3,identity,28,1.0,1.0,1.0,1.0,3.606031953040656e-07,12.200312852859497,39299
SYN_REGULAR_C2,Plain,GCNConv,3,2,3,identity,26,1.0,1.0,1.0,1.0,2.9802320611338473e-09,11.720442056655884,39299
SYN_REGULAR_C2,Plain,GCNConv,4,2,3,identity,25,1.0,1.0,1.0,1.0,4.470347647611561e-09,11.424032926559448,39299
SYN_REGULAR_C2,Plain,GINConv,0,2,3,identity,20,1.0,1.0,1.0,1.0,0.0,7.98051118850708,89219
SYN_REGULAR_C2,Plain,GINConv,1,2,3,identity,16,1.0,0.9875,0.9874980465697765,0.9750000000000001,12.405329704284668,8.350446224212646,89219
SYN_REGULAR_C2,Plain,GINConv,2,2,3,identity,16,1.0,1.0,1.0,1.0,0.0,9.472087621688843,89219
SYN_REGULAR_C2,Plain,GINConv,3,2,3,identity,14,1.0,1.0,1.0,1.0,1.4901160305669237e-09,9.11093544960022,89219
SYN_REGULAR_C2,Plain,GINConv,4,2,3,identity,16,1.0,1.0,1.0,1.0,8.001777018762368e-07,8.37619400024414,89219
SYN_REGULAR_C2,Plain,SAGEConv,0,2,3,identity,17,1.0,1.0,1.0,1.0,0.0,8.774596452713013,77699
SYN_REGULAR_C2,Plain,SAGEConv,1,2,3,identity,23,1.0,1.0,1.0,1.0,1.810402523005905e-06,6.152308940887451,77699
SYN_REGULAR_C2,Plain,SAGEConv,2,2,3,identity,33,1.0,1.0,1.0,1.0,6.887074505357305e-06,10.9706711769104,77699
SYN_REGULAR_C2,Plain,SAGEConv,3,2,3,identity,56,1.0,1.0,1.0,1.0,7.982214810908772e-06,12.329953670501709,77699
SYN_REGULAR_C2,Plain,SAGEConv,4,2,3,identity,24,1.0,1.0,1.0,1.0,0.0,10.200441360473633,77699
SYN_REGULAR_C2,VerticalRes,GATConv,0,2,3,identity,26,1.0,1.0,1.0,1.0,0.0007808172958903015,17.024285316467285,40835
SYN_REGULAR_C2,VerticalRes,GATConv,1,2,3,identity,25,1.0,1.0,1.0,1.0,2.2351738238057806e-08,17.471434593200684,40835
SYN_REGULAR_C2,VerticalRes,GATConv,2,2,3,identity,25,1.0,1.0,1.0,1.0,1.5944223719088768e-07,17.75197982788086,40835
SYN_REGULAR_C2,VerticalRes,GATConv,3,2,3,identity,27,1.0,1.0,1.0,1.0,1.9371455550754035e-07,17.52541995048523,40835
SYN_REGULAR_C2,VerticalRes,GATConv,4,2,3,identity,29,1.0,1.0,1.0,1.0,1.4901160305669237e-09,16.845420598983765,40835
SYN_REGULAR_C2,VerticalRes,GCNConv,0,2,3,identity,29,1.0,1.0,1.0,1.0,5.066392461117175e-08,12.180093050003052,39299
SYN_REGULAR_C2,VerticalRes,GCNConv,1,2,3,identity,23,1.0,1.0,1.0,1.0,1.832841718396594e-07,13.335322380065918,39299
SYN_REGULAR_C2,VerticalRes,GCNConv,2,2,3,identity,62,1.0,1.0,1.0,1.0,1.0503614248591475e-05,19.435646772384644,39299
SYN_REGULAR_C2,VerticalRes,GCNConv,3,2,3,identity,34,1.0,1.0,1.0,1.0,9.23871681379751e-08,16.32554292678833,39299
SYN_REGULAR_C2,VerticalRes,GCNConv,4,2,3,identity,29,1.0,1.0,1.0,1.0,2.264971499243984e-07,13.587458372116089,39299
SYN_REGULAR_C2,VerticalRes,GINConv,0,2,3,identity,14,1.0,1.0,1.0,1.0,0.0,11.271546125411987,89219
SYN_REGULAR_C2,VerticalRes,GINConv,1,2,3,identity,12,1.0,1.0,1.0,1.0,0.0,9.58908462524414,89219
SYN_REGULAR_C2,VerticalRes,GINConv,2,2,3,identity,12,1.0,1.0,1.0,1.0,0.0,10.025490283966064,89219
SYN_REGULAR_C2,VerticalRes,GINConv,3,2,3,identity,12,1.0,1.0,1.0,1.0,2.9802320611338473e-09,10.994043827056885,89219
SYN_REGULAR_C2,VerticalRes,GINConv,4,2,3,identity,10,1.0,1.0,1.0,1.0,0.0,10.658315420150757,89219
SYN_REGULAR_C2,VerticalRes,SAGEConv,0,2,3,identity,21,1.0,1.0,1.0,1.0,0.0,12.787746906280518,77699
SYN_REGULAR_C2,VerticalRes,SAGEConv,1,2,3,identity,18,1.0,1.0,1.0,1.0,7.275612006196752e-06,11.711112976074219,77699
SYN_REGULAR_C2,VerticalRes,SAGEConv,2,2,3,identity,24,1.0,1.0,1.0,1.0,0.0,10.602331399917603,77699
SYN_REGULAR_C2,VerticalRes,SAGEConv,3,2,3,identity,18,1.0,1.0,1.0,1.0,8.940695295223122e-09,10.378113031387329,77699
SYN_REGULAR_C2,VerticalRes,SAGEConv,4,2,3,identity,21,1.0,1.0,1.0,1.0,1.4901160305669237e-09,11.379530191421509,77699
SYN_REGULAR_C3,HorizontalRes,GATConv,0,3,3,identity,26,0.9583333333333334,0.95,0.9498746867167919,0.9249999999999999,0.15453164279460907,18.55417013168335,40900
SYN_REGULAR_C3,HorizontalRes,GATConv,1,3,3,identity,48,0.9583333333333334,0.8916666666666667,0.8915141083815783,0.8374999999999999,0.3161567151546478,29.536292791366577,40900
SYN_REGULAR_C3,HorizontalRes,GATConv,2,3,3,identity,26,0.8958333333333334,0.9583333333333334,0.9582746570698378,0.9374999999999999,0.12491166591644287,24.326041221618652,40900
SYN_REGULAR_C3,HorizontalRes,GATConv,3,3,3,identity,50,0.9166666666666666,0.925,0.9249882794186591,0.8875000000000001,0.2950592041015625,29.54551649093628,40900
SYN_REGULAR_C3,HorizontalRes,GATConv,4,3,3,identity,24,0.9375,0.875,0.8740355849472524,0.8125,0.25900933146476746,20.13809585571289,40900
SYN_REGULAR_C3,HorizontalRes,GCNConv,0,3,3,identity,19,0.9375,0.9,0.8994343180389692,0.8499999999999999,0.25794312357902527,15.655661821365356,39364
SYN_REGULAR_C3,HorizontalRes,GCNConv,1,3,3,identity,58,0.9375,0.9166666666666666,0.9166145507608922,0.8749999999999998,0.16248197853565216,23.85333251953125,39364
SYN_REGULAR_C3,HorizontalRes,GCNConv,2,3,3,identity,12,0.8958333333333334,0.925,0.9249882794186592,0.8875000000000001,0.17511828243732452,14.82283329963684,39364
SYN_REGULAR_C3,HorizontalRes,GCNConv,3,3,3,identity,15,0.875,0.9083333333333333,0.9083190081783612,0.8624999999999998,0.22856108844280243,17.02412509918213,39364
SYN_REGULAR_C3,HorizontalRes,GCNConv,4,3,3,identity,17,0.8333333333333334,0.8916666666666667,0.8912418300653595,0.8374999999999999,0.24134908616542816,17.03680419921875,39364
SYN_REGULAR_C3,HorizontalRes,GINConv,0,3,3,identity,95,1.0,1.0,1.0,1.0,3.0795402494732116e-07,31.021735668182373,89284
SYN_REGULAR_C3,HorizontalRes,GINConv,1,3,3,identity,66,1.0,1.0,1.0,1.0,5.3586772992275655e-06,26.76219892501831,89284
SYN_REGULAR_C3,HorizontalRes,GINConv,2,3,3,identity,63,1.0,1.0,1.0,1.0,2.4144674171111546e-05,25.51308560371399,89284
SYN_REGULAR_C3,HorizontalRes,GINConv,3,3,3,identity,36,1.0,1.0,1.0,1.0,5.101464921608567e-05,18.515805959701538,89284
SYN_REGULAR_C3,HorizontalRes,GINConv,4,3,3,identity,29,1.0,0.9833333333333333,0.9833229101521784,0.9749999999999998,0.16965045034885406,17.873158931732178,89284
SYN_REGULAR_C3,HorizontalRes,SAGEConv,0,3,3,identity,64,0.9375,0.8916666666666667,0.8908308402876187,0.8374999999999999,0.2640334665775299,23.641960382461548,77764
SYN_REGULAR_C3,HorizontalRes,SAGEConv,1,3,3,identity,41,0.8958333333333334,0.925,0.9240386137047002,0.8875000000000001,0.16088852286338806,20.1196186542511,77764
SYN_REGULAR_C3,HorizontalRes,SAGEConv,2,3,3,identity,31,0.8541666666666666,0.9,0.9,0.8499999999999999,0.2068188637495041,18.97490906715393,77764
SYN_REGULAR_C3,HorizontalRes,SAGEConv,3,3,3,identity,19,0.8541666666666666,0.85,0.8476190476190476,0.7749999999999998,0.3198753893375397,15.245256185531616,77764
SYN_REGULAR_C3,HorizontalRes,SAGEConv,4,3,3,identity,24,0.8333333333333334,0.8666666666666667,0.8663324979114453,0.8,0.25889453291893005,16.858595371246338,77764
SYN_REGULAR_C3,MatrixResGated,GATConv,0,3,3,sparse,62,0.9791666666666666,0.9416666666666667,0.9416575506589572,0.9125,0.2843983769416809,47.09182119369507,40900
SYN_REGULAR_C3,MatrixResGated,GATConv,1,3,3,sparse,27,0.9583333333333334,0.9416666666666667,0.9416575506589572,0.9125,0.15506868064403534,38.330317974090576,40900
SYN_REGULAR_C3,MatrixResGated,GATConv,2,3,3,sparse,17,0.8958333333333334,0.95,0.9497171590194845,0.9249999999999999,0.12837685644626617,35.4292573928833,40900
SYN_REGULAR_C3,MatrixResGated,GATConv,3,3,3,sparse,14,0.875,0.9333333333333333,0.9329562120259794,0.9,0.23138052225112915,31.654627084732056,40900
SYN_REGULAR_C3,MatrixResGated,GATConv,4,3,3,sparse,34,0.9375,0.8916666666666667,0.8912418300653595,0.8374999999999999,0.3806419372558594,36.54330492019653,40900
SYN_REGULAR_C3,MatrixResGated,GCNConv,0,3,3,sparse,25,0.9583333333333334,0.9083333333333333,0.9079738562091503,0.8624999999999998,0.24287821352481842,31.482412815093994,39364
SYN_REGULAR_C3,MatrixResGated,GCNConv,1,3,3,sparse,39,0.9375,0.925,0.9244213509683514,0.8875000000000001,0.15984481573104858,32.74201703071594,39364
SYN_REGULAR_C3,MatrixResGated,GCNConv,2,3,3,sparse,17,0.9166666666666666,0.925,0.924894382725708,0.8875000000000001,0.1967828869819641,28.742819786071777,39364
SYN_REGULAR_C3,MatrixResGated,GCNConv,3,3,3,sparse,17,0.875,0.9083333333333333,0.9083190081783612,0.8624999999999998,0.2441968470811844,28.168398141860962,39364
SYN_REGULAR_C3,MatrixResGated,GCNConv,4,3,3,sparse,27,0.875,0.875,0.8740355849472524,0.8125,0.2977592349052429,29.73241090774536,39364
SYN_REGULAR_C3,MatrixResGated,GINConv,0,3,3,sparse,80,1.0,1.0,1.0,1.0,2.5530636094117654e-07,45.316417932510376,89284
SYN_REGULAR_C3,MatrixResGated,GINConv,1,3,3,sparse,81,1.0,1.0,1.0,1.0,7.351238195951737e-08,45.72866082191467,89284
SYN_REGULAR_C3,MatrixResGated,GINConv,2,3,3,sparse,51,1.0,1.0,1.0,1.0,2.851085412203247e-07,36.115087270736694,89284
SYN_REGULAR_C3,MatrixResGated,GINConv,3,3,3,sparse,50,1.0,1.0,1.0,1.0,4.61934718032353e-07,37.78817272186279,89284
SYN_REGULAR_C3,MatrixResGated,GINConv,4,3,3,sparse,64,1.0,1.0,1.0,1.0,1.1126196852728754e-07,39.835368633270264,89284
SYN_REGULAR_C3,MatrixResGated,SAGEConv,0,3,3,sparse,104,0.9583333333333334,0.9083333333333333,0.9079738562091503,0.8624999999999998,0.4038780927658081,49.19726085662842,77764
SYN_REGULAR_C3,MatrixResGated,SAGEConv,1,3,3,sparse,96,0.9583333333333334,0.95,0.9499687304565354,0.9249999999999999,0.057652369141578674,48.80393362045288,77764
SYN_REGULAR_C3,MatrixResGated,SAGEConv,2,3,3,sparse,40,0.875,0.925,0.9240386137047002,0.8875000000000001,0.1906268298625946,34.74077367782593,77764
SYN_REGULAR_C3,MatrixResGated,SAGEConv,3,3,3,sparse,41,0.875,0.9,0.8994343180389692,0.8499999999999999,0.2544569969177246,32.0449857711792,77764
SYN_REGULAR_C3,MatrixResGated,SAGEConv,4,3,3,sparse,69,0.8958333333333334,0.8833333333333333,0.8826733710454641,0.825,0.33233699202537537,40.35459303855896,77764
SYN_REGULAR_C3,MatrixRes,GATConv,0,3,3,identity,58,1.0,0.925,0.9249882794186592,0.8875000000000001,0.2951802611351013,46.05507469177246,40900
SYN_REGULAR_C3,MatrixRes,GATConv,1,3,3,identity,27,0.9583333333333334,0.9583333333333334,0.9582746570698378,0.9374999999999999,0.155559703707695,36.162118434906006,40900
SYN_REGULAR_C3,MatrixRes,GATConv,2,3,3,identity,21,0.9166666666666666,0.975,0.9749647942419027,0.9624999999999998,0.10520678013563156,35.215694189071655,40900
SYN_REGULAR_C3,MatrixRes,GATConv,3,3,3,identity,15,0.8958333333333334,0.9166666666666666,0.9164578111946532,0.8749999999999998,0.22698917984962463,30.63526725769043,40900
SYN_REGULAR_C3,MatrixRes,GATConv,4,3,3,identity,38,0.9791666666666666,0.9,0.9,0.8499999999999999,0.4158377945423126,36.11665463447571,40900
SYN_REGULAR_C3,MatrixRes,GCNConv,0,3,3,identity,25,0.9375,0.9166666666666666,0.9166145507608922,0.8749999999999998,0.21932610869407654,28.98983669281006,39364
SYN_REGULAR_C3,MatrixRes,GCNConv,1,3,3,identity,38,0.9375,0.925,0.9244213509683514,0.8875000000000001,0.16824792325496674,33.148048639297485,39364
SYN_REGULAR_C3,MatrixRes,GCNConv,2,3,3,identity,21,0.9166666666666666,0.9166666666666666,0.9166145507608922,0.8749999999999998,0.18013381958007812,29.220298290252686,39364
SYN_REGULAR_C3,MatrixRes,GCNConv,3,3,3,identity,19,0.875,0.9083333333333333,0.9082042455536432,0.8624999999999998,0.2411537766456604,28.47161364555359,39364
SYN_REGULAR_C3,MatrixRes,GCNConv,4,3,3,identity,28,0.8958333333333334,0.875,0.8745098039215686,0.8125,0.3088286519050598,29.2336528301239,39364
SYN_REGULAR_C3,MatrixRes,GINConv,0,3,3,identity,51,1.0,1.0,1.0,1.0,1.5695880506427784e-07,36.73494529724121,89284
SYN_REGULAR_C3,MatrixRes,GINConv,1,3,3,identity,44,1.0,1.0,1.0,1.0,2.086161714487389e-07,35.3254611492157,89284
SYN_REGULAR_C3,MatrixRes,GINConv,2,3,3,identity,56,1.0,1.0,1.0,1.0,3.973642748178463e-09,33.695250511169434,89284
SYN_REGULAR_C3,MatrixRes,GINConv,3,3,3,identity,50,1.0,1.0,1.0,1.0,2.841147761500906e-07,37.51128888130188,89284
SYN_REGULAR_C3,MatrixRes,GINConv,4,3,3,identity,164,1.0,1.0,1.0,1.0,1.8943823079098365e-06,68.3884768486023,89284
SYN_REGULAR_C3,MatrixRes,SAGEConv,0,3,3,identity,72,0.9375,0.9166666666666666,0.9164578111946532,0.8749999999999998,0.29345569014549255,42.40308332443237,77764
SYN_REGULAR_C3,MatrixRes,SAGEConv,1,3,3,identity,82,0.9583333333333334,0.95,0.9500000000000001,0.9249999999999999,0.09905104339122772,43.571574211120605,77764
SYN_REGULAR_C3,MatrixRes,SAGEConv,2,3,3,identity,40,0.8958333333333334,0.9083333333333333,0.9076260956279851,0.8624999999999998,0.1795910745859146,33.48143935203552,77764
SYN_REGULAR_C3,MatrixRes,SAGEConv,3,3,3,identity,41,0.8958333333333334,0.9,0.8994343180389692,0.8499999999999999,0.2526695430278778,28.17499303817749,77764
SYN_REGULAR_C3,MatrixRes,SAGEConv,4,3,3,identity,66,0.8958333333333334,0.8916666666666667,0.8915141083815783,0.8374999999999999,0.3535160422325134,39.47150421142578,77764
SYN_REGULAR_C3,Plain,GATConv,0,3,3,identity,44,1.0,0.9416666666666667,0.9415845198977729,0.9125,0.15347068011760712,19.384905338287354,40900
SYN_REGULAR_C3,Plain,GATConv,1,3,3,identity,16,0.8958333333333334,0.9083333333333333,0.9076260956279851,0.8624999999999998,0.27337855100631714,14.863239765167236,40900
SYN_REGULAR_C3,Plain,GATConv,2,3,3,identity,29,0.9375,0.9166666666666666,0.9166145507608922,0.8749999999999998,0.19236694276332855,18.377245664596558,40900
SYN_REGULAR_C3,Plain,GATConv,3,3,3,identity,32,0.875,0.9333333333333333,0.9332916406087137,0.9,0.25219783186912537,18.393783569335938,40900
SYN_REGULAR_C3,Plain,GATConv,4,3,3,identity,27,0.8541666666666666,0.9,0.8999374609130707,0.8499999999999999,0.2874101400375366,16.29710555076599,40900
SYN_REGULAR_C3,Plain,GCNConv,0,3,3,identity,17,0.9375,0.8916666666666667,0.8912418300653595,0.8374999999999999,0.22407324612140656,12.454509496688843,39364
SYN_REGULAR_C3,Plain,GCNConv,1,3,3,identity,44,0.9375,0.9333333333333333,0.9331662489557226,0.9,0.17508596181869507,15.97254729270935,39364
SYN_REGULAR_C3,Plain,GCNConv,2,3,3,identity,21,0.9166666666666666,0.9333333333333333,0.9332916406087137,0.9,0.16319705545902252,12.373030424118042,39364
SYN_REGULAR_C3,Plain,GCNConv,3,3,3,identity,27,0.875,0.9166666666666666,0.9166666666666666,0.8749999999999998,0.2450467050075531,12.92352819442749,39364
SYN_REGULAR_C3,Plain,GCNConv,4,3,3,identity,25,0.8541666666666666,0.8916666666666667,0.8912418300653595,0.8374999999999999,0.25181540846824646,12.91597843170166,39364
SYN_REGULAR_C3,Plain,GINConv,0,3,3,identity,55,1.0,1.0,1.0,1.0,0.0015706431586295366,15.392477035522461,89284
SYN_REGULAR_C3,Plain,GINConv,1,3,3,identity,49,1.0,1.0,1.0,1.0,1.7801642115955474e-06,14.352627992630005,89284
SYN_REGULAR_C3,Plain,GINConv,2,3,3,identity,125,1.0,1.0,1.0,1.0,1.5963742043823004e-06,25.91355586051941,89284
SYN_REGULAR_C3,Plain,GINConv,3,3,3,identity,86,1.0,1.0,1.0,1.0,1.9231335954827955e-06,21.71663737297058,89284
SYN_REGULAR_C3,Plain,GINConv,4,3,3,identity,92,1.0,0.9916666666666667,0.991665364379851,0.9875,0.019878482446074486,22.13153862953186,89284
SYN_REGULAR_C3,Plain,SAGEConv,0,3,3,identity,22,0.9375,0.8833333333333333,0.8806479113384484,0.825,0.2575492262840271,12.152017593383789,77764
SYN_REGULAR_C3,Plain,SAGEConv,1,3,3,identity,10,0.875,0.9166666666666666,0.9164578111946532,0.8749999999999998,0.22766748070716858,7.766294717788696,77764
SYN_REGULAR_C3,Plain,SAGEConv,2,3,3,identity,15,0.8333333333333334,0.8916666666666667,0.8887284010057241,0.8374999999999999,0.2341293841600418,9.029380083084106,77764
SYN_REGULAR_C3,Plain,SAGEConv,3,3,3,identity,13,0.875,0.8416666666666667,0.8373722783929813,0.7624999999999998,0.3161558210849762,9.159320592880249,77764
SYN_REGULAR_C3,Plain,SAGEConv,4,3,3,identity,11,0.875,0.8583333333333333,0.8531713900134953,0.7874999999999998,0.3225392699241638,8.21144986152649,77764
SYN_REGULAR_C3,VerticalRes,GATConv,0,3,3,identity,44,0.9791666666666666,0.9333333333333333,0.9332916406087137,0.9,0.18636156618595123,24.851179599761963,40900
SYN_REGULAR_C3,VerticalRes,GATConv,1,3,3,identity,26,0.9791666666666666,0.925,0.9249882794186591,0.8875000000000001,0.1867927610874176,22.34282922744751,40900
SYN_REGULAR_C3,VerticalRes,GATConv,2,3,3,identity,23,0.9375,0.95,0.9498746867167919,0.9249999999999999,0.17488162219524384,21.37083911895752,40900
SYN_REGULAR_C3,VerticalRes,GATConv,3,3,3,identity,54,0.9583333333333334,0.9083333333333333,0.9082042455536432,0.8624999999999998,0.23131218552589417,25.835557460784912,40900
SYN_REGULAR_C3,VerticalRes,GATConv,4,3,3,identity,59,0.9583333333333334,0.8833333333333333,0.8832603710652491,0.825,0.428398460149765,26.051244735717773,40900
SYN_REGULAR_C3,VerticalRes,GCNConv,0,3,3,identity,19,0.9375,0.9,0.899749373433584,0.8499999999999999,0.21738801896572113,13.857034683227539,39364
SYN_REGULAR_C3,VerticalRes,GCNConv,1,3,3,identity,44,0.9375,0.9416666666666667,0.9415845198977729,0.9125,0.15656541287899017,18.164146184921265,39364
SYN_REGULAR_C3,VerticalRes,GCNConv,2,3,3,identity,16,0.8958333333333334,0.9333333333333333,0.9332916406087137,0.9,0.17832551896572113,14.792895555496216,39364
SYN_REGULAR_C3,VerticalRes,GCNConv,3,3,3,identity,24,0.875,0.9166666666666666,0.9166145507608922,0.8749999999999998,0.23064753413200378,14.589003324508667,39364
SYN_REGULAR_C3,VerticalRes,GCNConv,4,3,3,identity,17,0.875,0.8833333333333333,0.8826733710454641,0.825,0.26484546065330505,12.692116737365723,39364
SYN_REGULAR_C3,VerticalRes,GINConv,0,3,3,identity,47,1.0,1.0,1.0,1.0,1.6391261681292235e-07,18.968713760375977,89284
SYN_REGULAR_C3,VerticalRes,GINConv,1,3,3,identity,53,1.0,1.0,1.0,1.0,9.934106870446158e-09,19.65823769569397,89284
SYN_REGULAR_C3,VerticalRes,GINConv,2,3,3,identity,68,1.0,1.0,1.0,1.0,0.0,20.885821104049683,89284
SYN_REGULAR_C3,VerticalRes,GINConv,3,3,3,identity,39,1.0,1.0,1.0,1.0,1.8576771765310696e-07,17.861698389053345,89284
SYN_REGULAR_C3,VerticalRes,GINConv,4,3,3,identity,40,1.0,1.0,1.0,1.0,4.0630251874063106e-07,17.423694133758545,89284
SYN_REGULAR_C3,VerticalRes,SAGEConv,0,3,3,identity,127,0.9791666666666666,0.9166666666666666,0.9164578111946532,0.8749999999999998,0.3507217466831207,31.833535194396973,77764
SYN_REGULAR_C3,VerticalRes,SAGEConv,1,3,3,identity,114,0.9791666666666666,0.975,0.974996093139553,0.9624999999999998,0.07194595783948898,29.839848279953003,77764
SYN_REGULAR_C3,VerticalRes,SAGEConv,2,3,3,identity,40,0.8958333333333334,0.9416666666666667,0.9416575506589572,0.9125,0.11569604277610779,18.938971042633057,77764
SYN_REGULAR_C3,VerticalRes,SAGEConv,3,3,3,identity,38,0.8958333333333334,0.9,0.899749373433584,0.8499999999999999,0.23439663648605347,15.313072204589844,77764
SYN_REGULAR_C3,VerticalRes,SAGEConv,4,3,3,identity,36,0.875,0.9,0.899749373433584,0.8499999999999999,0.26370474696159363,15.456485271453857,77764
SYN_REGULAR_C4,HorizontalRes,GATConv,0,4,3,identity,24,0.875,0.91875,0.9186355812861837,0.8916666666666666,0.2384949028491974,28.256470203399658,40965
SYN_REGULAR_C4,HorizontalRes,GATConv,1,4,3,identity,18,0.921875,0.85,0.8479343441368757,0.7999999999999999,0.2925812304019928,26.274790287017822,40965
SYN_REGULAR_C4,HorizontalRes,GATConv,2,4,3,identity,18,0.875,0.86875,0.8681807477185752,0.8250000000000001,0.3081699013710022,28.32155990600586,40965
SYN_REGULAR_C4,HorizontalRes,GATConv,3,4,3,identity,59,0.875,0.88125,0.8817425637810088,0.8416666666666667,0.39031893014907837,40.38180661201477,40965
SYN_REGULAR_C4,HorizontalRes,GATConv,4,4,3,identity,26,0.890625,0.8375,0.84061004784689,0.7833333333333333,0.31593480706214905,30.808591604232788,40965
SYN_REGULAR_C4,HorizontalRes,GCNConv,0,4,3,identity,54,0.859375,0.8625,0.8612140725385553,0.8166666666666668,0.32799768447875977,31.726030826568604,39429
SYN_REGULAR_C4,HorizontalRes,GCNConv,1,4,3,identity,51,0.875,0.83125,0.8230647996605444,0.775,0.3302040100097656,31.191006898880005,39429
SYN_REGULAR_C4,HorizontalRes,GCNConv,2,4,3,identity,15,0.859375,0.86875,0.8641249092229484,0.8250000000000001,0.31133443117141724,20.08452343940735,39429
SYN_REGULAR_C4,HorizontalRes,GCNConv,3,4,3,identity,28,0.8125,0.81875,0.8175205241865391,0.7583333333333333,0.3520182967185974,24.999016046524048,39429
SYN_REGULAR_C4,HorizontalRes,GCNConv,4,4,3,identity,12,0.84375,0.825,0.8260370835952231,0.7666666666666666,0.35735857486724854,21.490798234939575,39429
SYN_REGULAR_C4,HorizontalRes,GINConv,0,4,3,identity,83,1.0,0.9875,0.9875,0.9833333333333334,0.027062755078077316,36.329784631729126,89349
SYN_REGULAR_C4,HorizontalRes,GINConv,1,4,3,identity,25,1.0,0.99375,0.9937490232848882,0.9916666666666667,0.02879471704363823,24.44995641708374,89349
SYN_REGULAR_C4,HorizontalRes,GINConv,2,4,3,identity,182,1.0,0.99375,0.9937490232848882,0.9916666666666667,0.012757246382534504,53.98423457145691,89349
SYN_REGULAR_C4,HorizontalRes,GINConv,3,4,3,identity,27,1.0,0.98125,0.981223595681427,0.975,0.21240529417991638,24.423333168029785,89349
SYN_REGULAR_C4,HorizontalRes,GINConv,4,4,3,identity,27,1.0,0.99375,0.9937490232848882,0.9916666666666667,0.026541465893387794,24.765745162963867,89349
SYN_REGULAR_C4,HorizontalRes,SAGEConv,0,4,3,identity,21,0.875,0.85625,0.8560475668909404,0.8083333333333332,0.28646573424339294,23.917351484298706,77829
SYN_REGULAR_C4,HorizontalRes,SAGEConv,1,4,3,identity,28,0.828125,0.80625,0.7811645834991906,0.7416666666666667,0.3378494381904602,18.843745708465576,77829
SYN_REGULAR_C4,HorizontalRes,SAGEConv,2,4,3,identity,63,0.890625,0.89375,0.8936003755280864,0.8583333333333334,0.23248887062072754,33.02671957015991,77829
SYN_REGULAR_C4,HorizontalRes,SAGEConv,3,4,3,identity,67,0.84375,0.85,0.8419804414087795,0.7999999999999999,0.29385384917259216,32.61725211143494,77829
SYN_REGULAR_C4,HorizontalRes,SAGEConv,4,4,3,identity,49,0.84375,0.84375,0.8430380225563611,0.7916666666666666,0.3932124674320221,29.38252329826355,77829
SYN_REGULAR_C4,MatrixResGated,GATConv,0,4,3,sparse,23,0.84375,0.8625,0.8628819546658817,0.8166666666666668,0.31111183762550354,48.37729263305664,40965
SYN_REGULAR_C4,MatrixResGated,GATConv,1,4,3,sparse,76,0.953125,0.85625,0.8503892358096945,0.8083333333333332,0.38250303268432617,72.6555802822113,40965
SYN_REGULAR_C4,MatrixResGated,GATConv,2,4,3,sparse,15,0.875,0.85,0.8506915142991093,0.7999999999999999,0.29141366481781006,45.664376974105835,40965
SYN_REGULAR_C4,MatrixResGated,GATConv,3,4,3,sparse,40,0.84375,0.86875,0.8684022345485864,0.8250000000000001,0.28832775354385376,55.567771673202515,40965
SYN_REGULAR_C4,MatrixResGated,GATConv,4,4,3,sparse,22,0.875,0.86875,0.8703864090606261,0.8250000000000001,0.31245923042297363,46.70136380195618,40965
SYN_REGULAR_C4,MatrixResGated,GCNConv,0,4,3,sparse,33,0.859375,0.86875,0.8677561523089979,0.8250000000000001,0.28251999616622925,45.83058762550354,39429
SYN_REGULAR_C4,MatrixResGated,GCNConv,1,4,3,sparse,114,0.875,0.8375,0.8304279352666448,0.7833333333333333,0.3388206362724304,76.7758641242981,39429
SYN_REGULAR_C4,MatrixResGated,GCNConv,2,4,3,sparse,31,0.859375,0.8625,0.8611511944845278,0.8166666666666668,0.2776767313480377,44.13773822784424,39429
SYN_REGULAR_C4,MatrixResGated,GCNConv,3,4,3,sparse,33,0.8125,0.8625,0.8621662911274435,0.8166666666666668,0.3091915249824524,44.24597668647766,39429
SYN_REGULAR_C4,MatrixResGated,GCNConv,4,4,3,sparse,26,0.8125,0.8625,0.8629580793874043,0.8166666666666668,0.3392046093940735,42.181328535079956,39429
SYN_REGULAR_C4,MatrixResGated,GINConv,0,4,3,sparse,37,1.0,1.0,1.0,1.0,7.52508171331101e-08,45.04044985771179,89349
SYN_REGULAR_C4,MatrixResGated,GINConv,1,4,3,sparse,93,1.0,1.0,1.0,1.0,2.0638026398955844e-07,68.95559334754944,89349
SYN_REGULAR_C4,MatrixResGated,GINConv,2,4,3,sparse,83,1.0,1.0,1.0,1.0,2.5331945607831585e-07,62.685306549072266,89349
SYN_REGULAR_C4,MatrixResGated,GINConv,3,4,3,sparse,60,1.0,1.0,1.0,1.0,0.0,55.38788199424744,89349
SYN_REGULAR_C4,MatrixResGated,GINConv,4,4,3,sparse,70,1.0,1.0,1.0,1.0,2.384170727509627e-07,56.14096403121948,89349
SYN_REGULAR_C4,MatrixResGated,SAGEConv,0,4,3,sparse,65,0.890625,0.90625,0.9062353492733239,0.875,0.21731555461883545,54.83539795875549,77829
SYN_REGULAR_C4,MatrixResGated,SAGEConv,1,4,3,sparse,96,0.921875,0.875,0.8710778672803989,0.8333333333333334,0.2874436378479004,64.54288744926453,77829
SYN_REGULAR_C4,MatrixResGated,SAGEConv,2,4,3,sparse,41,0.890625,0.85625,0.8510822379097696,0.8083333333333332,0.2715650200843811,45.947859048843384,77829
SYN_REGULAR_C4,MatrixResGated,SAGEConv,3,4,3,sparse,83,0.875,0.86875,0.8686959081542537,0.8250000000000001,0.28250589966773987,61.0729603767395,77829
SYN_REGULAR_C4,MatrixResGated,SAGEConv,4,4,3,sparse,49,0.8125,0.8625,0.8637623637623638,0.8166666666666668,0.3727359175682068,47.925230264663696,77829
SYN_REGULAR_C4,MatrixRes,GATConv,0,4,3,identity,16,0.84375,0.875,0.8757332510033962,0.8333333333333334,0.28977733850479126,43.09466481208801,40965
SYN_REGULAR_C4,MatrixRes,GATConv,1,4,3,identity,44,0.9375,0.86875,0.8680994530006148,0.8250000000000001,0.30353814363479614,56.622215270996094,40965
SYN_REGULAR_C4,MatrixRes,GATConv,2,4,3,identity,15,0.875,0.84375,0.8445958352867636,0.7916666666666666,0.29564642906188965,44.868088245391846,40965
SYN_REGULAR_C4,MatrixRes,GATConv,3,4,3,identity,32,0.828125,0.8875,0.8881163072355055,0.85,0.2597751021385193,50.87825965881348,40965
SYN_REGULAR_C4,MatrixRes,GATConv,4,4,3,identity,22,0.84375,0.86875,0.8707567282115475,0.8250000000000001,0.3096221089363098,45.13166046142578,40965
SYN_REGULAR_C4,MatrixRes,GCNConv,0,4,3,identity,52,0.859375,0.86875,0.867389770723104,0.8250000000000001,0.2676207423210144,52.265979290008545,39429
SYN_REGULAR_C4,MatrixRes,GCNConv,1,4,3,identity,70,0.890625,0.83125,0.8247770807796765,0.775,0.3134699761867523,57.98846626281738,39429
SYN_REGULAR_C4,MatrixRes,GCNConv,2,4,3,identity,55,0.875,0.88125,0.8802482346540157,0.8416666666666667,0.26274698972702026,51.93719720840454,39429
SYN_REGULAR_C4,MatrixRes,GCNConv,3,4,3,identity,33,0.8125,0.86875,0.8692539632727599,0.8250000000000001,0.31040412187576294,43.77218532562256,39429
SYN_REGULAR_C4,MatrixRes,GCNConv,4,4,3,identity,26,0.796875,0.83125,0.8330087259208392,0.775,0.3465428352355957,41.474966287612915,39429
SYN_REGULAR_C4,MatrixRes,GINConv,0,4,3,identity,58,1.0,1.0,1.0,1.0,1.93715035123887e-08,51.98929309844971,89349
SYN_REGULAR_C4,MatrixRes,GINConv,1,4,3,identity,125,1.0,1.0,1.0,1.0,3.0696369890392816e-07,79.59260892868042,89349
SYN_REGULAR_C4,MatrixRes,GINConv,2,4,3,identity,96,1.0,1.0,1.0,1.0,2.3096792034493774e-08,67.56623888015747,89349
SYN_REGULAR_C4,MatrixRes,GINConv,3,4,3,identity,141,1.0,1.0,1.0,1.0,7.4505797087454084e-09,85.97560739517212,89349
SYN_REGULAR_C4,MatrixRes,GINConv,4,4,3,identity,181,1.0,1.0,1.0,1.0,1.4379607193859556e-07,92.39439487457275,89349
SYN_REGULAR_C4,MatrixRes,SAGEConv,0,4,3,identity,82,0.921875,0.90625,0.9062353492733239,0.875,0.21793799102306366,59.21642446517944,77829
SYN_REGULAR_C4,MatrixRes,SAGEConv,1,4,3,identity,97,0.90625,0.89375,0.8931617195012375,0.8583333333333334,0.26241064071655273,67.58347964286804,77829
SYN_REGULAR_C4,MatrixRes,SAGEConv,2,4,3,identity,51,0.875,0.8375,0.835515209428253,0.7833333333333333,0.25752219557762146,47.20021367073059,77829
SYN_REGULAR_C4,MatrixRes,SAGEConv,3,4,3,identity,82,0.890625,0.90625,0.906117978407135,0.875,0.3115230202674866,58.185237884521484,77829
SYN_REGULAR_C4,MatrixRes,SAGEConv,4,4,3,identity,31,0.8125,0.86875,0.8676655872828968,0.8250000000000001,0.31100520491600037,39.46168565750122,77829
SYN_REGULAR_C4,Plain,GATConv,0,4,3,identity,12,0.875,0.85625,0.8538061871395204,0.8083333333333332,0.40321892499923706,18.874693632125854,40965
SYN_REGULAR_C4,Plain,GATConv,1,4,3,identity,22,0.84375,0.875,0.8728714346530438,0.8333333333333334,0.2839342951774597,22.600714921951294,40965
SYN_REGULAR_C4,Plain,GATConv,2,4,3,identity,13,0.84375,0.85,0.847057840844323,0.7999999999999999,0.4273611009120941,20.118441343307495,40965
SYN_REGULAR_C4,Plain,GATConv,3,4,3,identity,34,0.84375,0.875,0.8760527592432062,0.8333333333333334,0.34759753942489624,24.015936851501465,40965
SYN_REGULAR_C4,Plain,GATConv,4,4,3,identity,22,0.796875,0.81875,0.8147301798800799,0.7583333333333333,0.4322935938835144,21.00389051437378,40965
SYN_REGULAR_C4,Plain,GCNConv,0,4,3,identity,44,0.890625,0.875,0.8734636597381695,0.8333333333333334,0.2988474369049072,20.757924795150757,39429
SYN_REGULAR_C4,Plain,GCNConv,1,4,3,identity,72,0.890625,0.825,0.8174758336048658,0.7666666666666666,0.32647275924682617,27.06914496421814,39429
SYN_REGULAR_C4,Plain,GCNConv,2,4,3,identity,18,0.875,0.875,0.8718230005367686,0.8333333333333334,0.3146977722644806,15.545872926712036,39429
SYN_REGULAR_C4,Plain,GCNConv,3,4,3,identity,24,0.8125,0.85,0.8494352977946922,0.7999999999999999,0.30782532691955566,15.8873929977417,39429
SYN_REGULAR_C4,Plain,GCNConv,4,4,3,identity,31,0.828125,0.8375,0.8400030202355784,0.7833333333333333,0.3424798846244812,18.42570662498474,39429
SYN_REGULAR_C4,Plain,GINConv,0,4,3,identity,118,1.0,0.99375,0.9937490232848882,0.9916666666666667,0.006841848138719797,35.016804695129395,89349
SYN_REGULAR_C4,Plain,GINConv,1,4,3,identity,181,1.0,1.0,1.0,1.0,6.252341700019315e-05,40.51369261741638,89349
SYN_REGULAR_C4,Plain,GINConv,2,4,3,identity,76,1.0,0.99375,0.9937490232848882,0.9916666666666667,0.01040953304618597,26.54461169242859,89349
SYN_REGULAR_C4,Plain,GINConv,3,4,3,identity,118,1.0,1.0,1.0,1.0,1.5917834389256313e-05,35.48133301734924,89349
SYN_REGULAR_C4,Plain,GINConv,4,4,3,identity,58,1.0,1.0,1.0,1.0,0.004396789241582155,23.890329599380493,89349
SYN_REGULAR_C4,Plain,SAGEConv,0,4,3,identity,14,0.765625,0.8,0.7755978306437022,0.7333333333333334,0.37277358770370483,16.084614038467407,77829
SYN_REGULAR_C4,Plain,SAGEConv,1,4,3,identity,28,0.765625,0.8,0.7670156232181549,0.7333333333333334,0.3852762281894684,16.397660732269287,77829
SYN_REGULAR_C4,Plain,SAGEConv,2,4,3,identity,28,0.78125,0.7625,0.7365647202975969,0.6833333333333332,0.47512102127075195,15.142912864685059,77829
SYN_REGULAR_C4,Plain,SAGEConv,3,4,3,identity,64,0.828125,0.83125,0.8233660552828725,0.775,0.30643194913864136,22.04736638069153,77829
SYN_REGULAR_C4,Plain,SAGEConv,4,4,3,identity,15,0.78125,0.78125,0.7764982649520311,0.7083333333333334,0.44968438148498535,14.266098022460938,77829
SYN_REGULAR_C4,VerticalRes,GATConv,0,4,3,identity,29,0.859375,0.8625,0.8605045062078528,0.8166666666666668,0.2928317189216614,27.013001203536987,40965
SYN_REGULAR_C4,VerticalRes,GATConv,1,4,3,identity,41,0.875,0.86875,0.8694041370793455,0.8250000000000001,0.284982830286026,32.98215079307556,40965
SYN_REGULAR_C4,VerticalRes,GATConv,2,4,3,identity,24,0.859375,0.85625,0.8551710419526511,0.8083333333333332,0.30638664960861206,27.258150100708008,40965
SYN_REGULAR_C4,VerticalRes,GATConv,3,4,3,identity,24,0.84375,0.85625,0.8568199631618137,0.8083333333333332,0.30226951837539673,27.640098810195923,40965
SYN_REGULAR_C4,VerticalRes,GATConv,4,4,3,identity,30,0.859375,0.80625,0.8016886009073787,0.7416666666666667,0.4248369336128235,26.611066818237305,40965
SYN_REGULAR_C4,VerticalRes,GCNConv,0,4,3,identity,55,0.875,0.88125,0.8795195057008799,0.8416666666666667,0.2914218306541443,27.18354344367981,39429
SYN_REGULAR_C4,VerticalRes,GCNConv,1,4,3,identity,107,0.875,0.84375,0.8386384609212005,0.7916666666666666,0.3366256654262543,40.733579874038696,39429
SYN_REGULAR_C4,VerticalRes,GCNConv,2,4,3,identity,20,0.828125,0.85625,0.8512164124909222,0.8083333333333332,0.31116002798080444,21.198659658432007,39429
SYN_REGULAR_C4,VerticalRes,GCNConv,3,4,3,identity,41,0.828125,0.81875,0.8150636214060961,0.7583333333333333,0.31670406460762024,25.874959707260132,39429
SYN_REGULAR_C4,VerticalRes,GCNConv,4,4,3,identity,24,0.8125,0.85625,0.8579956188389924,0.8083333333333332,0.3367442786693573,21.062269687652588,39429
SYN_REGULAR_C4,VerticalRes,GINConv,0,4,3,identity,140,1.0,1.0,1.0,1.0,6.2510287079931e-07,47.7862069606781,89349
SYN_REGULAR_C4,VerticalRes,GINConv,1,4,3,identity,198,1.0,1.0,1.0,1.0,6.4074939132297e-08,50.26514148712158,89349
SYN_REGULAR_C4,VerticalRes,GINConv,2,4,3,identity,113,1.0,1.0,1.0,1.0,5.111066911922535e-07,43.950735330581665,89349
SYN_REGULAR_C4,VerticalRes,GINConv,3,4,3,identity,200,1.0,1.0,1.0,1.0,1.1324878101959257e-07,50.527310371398926,89349
SYN_REGULAR_C4,VerticalRes,GINConv,4,4,3,identity,78,1.0,1.0,1.0,1.0,1.7605646007723408e-06,33.507267475128174,89349
SYN_REGULAR_C4,VerticalRes,SAGEConv,0,4,3,identity,72,0.90625,0.9,0.899749373433584,0.8666666666666667,0.23664960265159607,30.22363305091858,77829
SYN_REGULAR_C4,VerticalRes,SAGEConv,1,4,3,identity,91,0.890625,0.86875,0.866400660429279,0.8250000000000001,0.3116375803947449,32.95754289627075,77829
SYN_REGULAR_C4,VerticalRes,SAGEConv,2,4,3,identity,37,0.890625,0.86875,0.8673362255105881,0.8250000000000001,0.2648388743400574,23.259250164031982,77829
SYN_REGULAR_C4,VerticalRes,SAGEConv,3,4,3,identity,31,0.84375,0.825,0.8226596188621504,0.7666666666666666,0.3086927533149719,19.838050842285156,77829
SYN_REGULAR_C4,VerticalRes,SAGEConv,4,4,3,identity,53,0.828125,0.85,0.852077922077922,0.7999999999999999,0.3174351155757904,24.739575386047363,77829
SYN_REGULAR_C5,HorizontalRes,GATConv,0,5,3,identity,22,0.7,0.76,0.7591314391314391,0.7000000000000001,0.5186037421226501,32.01250338554382,41030
SYN_REGULAR_C5,HorizontalRes,GATConv,1,5,3,identity,42,0.775,0.75,0.7449758082027768,0.6875,0.5107065439224243,40.46169900894165,41030
SYN_REGULAR_C5,HorizontalRes,GATConv,2,5,3,identity,31,0.8,0.755,0.7592159767331047,0.6937499999999999,0.5155854225158691,36.44231152534485,41030
SYN_REGULAR_C5,HorizontalRes,GATConv,3,5,3,identity,33,0.7625,0.785,0.7761675679958797,0.73125,0.4448574185371399,35.12239909172058,41030
SYN_REGULAR_C5,HorizontalRes,GATConv,4,5,3,identity,27,0.7375,0.72,0.7159672708369141,0.65,0.5476641654968262,31.161728620529175,41030
SYN_REGULAR_C5,HorizontalRes,GCNConv,0,5,3,identity,17,0.6875,0.745,0.736652916287764,0.6812499999999999,0.6062579154968262,23.08094596862793,39494
SYN_REGULAR_C5,HorizontalRes,GCNConv,1,5,3,identity,44,0.775,0.745,0.7436078936078936,0.6812499999999999,0.6414316296577454,32.19144010543823,39494
SYN_REGULAR_C5,HorizontalRes,GCNConv,2,5,3,identity,24,0.7125,0.735,0.7309433484083809,0.6687499999999998,0.6072218418121338,26.85848307609558,39494
SYN_REGULAR_C5,HorizontalRes,GCNConv,3,5,3,identity,17,0.75,0.755,0.7456186087169275,0.6937499999999999,0.5429384112358093,23.065150499343872,39494
SYN_REGULAR_C5,HorizontalRes,GCNConv,4,5,3,identity,14,0.7125,0.675,0.6628368687309413,0.59375,0.6347922682762146,21.141550540924072,39494
SYN_REGULAR_C5,HorizontalRes,GINConv,0,5,3,identity,129,1.0,0.995,0.9949992186279106,0.9937499999999999,0.024525657296180725,53.68212676048279,89414
SYN_REGULAR_C5,HorizontalRes,GINConv,1,5,3,identity,129,1.0,0.99,0.9899937460913071,0.9875,0.01681627705693245,57.95250415802002,89414
SYN_REGULAR_C5,HorizontalRes,GINConv,2,5,3,identity,96,1.0,0.975,0.9748726363494296,0.9687499999999999,0.10938692837953568,45.605207681655884,89414
SYN_REGULAR_C5,HorizontalRes,GINConv,3,5,3,identity,80,1.0,0.99,0.99,0.9875,0.032444581389427185,43.598366022109985,89414
SYN_REGULAR_C5,HorizontalRes,GINConv,4,5,3,identity,44,0.9875,0.98,0.9801523371143623,0.975,0.029797516763210297,30.08278799057007,89414
SYN_REGULAR_C5,HorizontalRes,SAGEConv,0,5,3,identity,37,0.775,0.745,0.7239395893680203,0.6812499999999999,0.5175265073776245,27.259538888931274,77894
SYN_REGULAR_C5,HorizontalRes,SAGEConv,1,5,3,identity,40,0.8125,0.76,0.752057186510968,0.7000000000000001,0.5027931928634644,29.299399614334106,77894
SYN_REGULAR_C5,HorizontalRes,SAGEConv,2,5,3,identity,34,0.725,0.73,0.7152493324987917,0.6625,0.5963101387023926,26.038063049316406,77894
SYN_REGULAR_C5,HorizontalRes,SAGEConv,3,5,3,identity,51,0.7625,0.74,0.7207774681458892,0.675,0.5394975543022156,30.547882080078125,77894
SYN_REGULAR_C5,HorizontalRes,SAGEConv,4,5,3,identity,22,0.7125,0.665,0.6527080713647878,0.58125,0.7319438457489014,23.84059476852417,77894
SYN_REGULAR_C5,MatrixResGated,GATConv,0,5,3,sparse,19,0.725,0.76,0.758805508217273,0.7000000000000001,0.5271695852279663,52.014827728271484,41030
SYN_REGULAR_C5,MatrixResGated,GATConv,1,5,3,sparse,28,0.775,0.73,0.7258948181241556,0.6625,0.6002945899963379,56.45876455307007,41030
SYN_REGULAR_C5,MatrixResGated,GATConv,2,5,3,sparse,30,0.75,0.765,0.756818401341728,0.7062499999999999,0.5118754506111145,56.78335094451904,41030
SYN_REGULAR_C5,MatrixResGated,GATConv,3,5,3,sparse,29,0.7625,0.8,0.7973001681862442,0.7500000000000001,0.4552299380302429,54.55124092102051,41030
SYN_REGULAR_C5,MatrixResGated,GATConv,4,5,3,sparse,25,0.75,0.75,0.7447967155157666,0.6875,0.5252267718315125,48.27901649475098,41030
SYN_REGULAR_C5,MatrixResGated,GCNConv,0,5,3,sparse,20,0.725,0.735,0.7207904125974249,0.6687499999999998,0.6004440188407898,43.19664812088013,39494
SYN_REGULAR_C5,MatrixResGated,GCNConv,1,5,3,sparse,27,0.7875,0.705,0.6999272390222226,0.6312499999999999,0.6332994103431702,43.794801235198975,39494
SYN_REGULAR_C5,MatrixResGated,GCNConv,2,5,3,sparse,34,0.6875,0.7,0.7003689205481605,0.6249999999999999,0.5968778729438782,47.027318239212036,39494
SYN_REGULAR_C5,MatrixResGated,GCNConv,3,5,3,sparse,18,0.7375,0.75,0.7277563618039808,0.6875,0.5595525503158569,43.3824143409729,39494
SYN_REGULAR_C5,MatrixResGated,GCNConv,4,5,3,sparse,33,0.6875,0.695,0.6731932277562054,0.6187499999999999,0.5994789004325867,44.377039194107056,39494
SYN_REGULAR_C5,MatrixResGated,GINConv,0,5,3,sparse,234,1.0,1.0,1.0,1.0,6.854532585975903e-08,96.2396810054779,89414
SYN_REGULAR_C5,MatrixResGated,GINConv,1,5,3,sparse,197,1.0,1.0,1.0,1.0,1.2832766742576496e-06,100.87523555755615,89414
SYN_REGULAR_C5,MatrixResGated,GINConv,2,5,3,sparse,211,1.0,1.0,1.0,1.0,2.9861871553293895e-07,103.12538957595825,89414
SYN_REGULAR_C5,MatrixResGated,GINConv,3,5,3,sparse,101,1.0,1.0,1.0,1.0,4.792205459125398e-07,77.30146741867065,89414
SYN_REGULAR_C5,MatrixResGated,GINConv,4,5,3,sparse,152,1.0,1.0,1.0,1.0,4.672997704346926e-07,96.61510300636292,89414
SYN_REGULAR_C5,MatrixResGated,SAGEConv,0,5,3,sparse,98,0.825,0.825,0.8171428571428571,0.78125,0.36670565605163574,71.1700336933136,77894
SYN_REGULAR_C5,MatrixResGated,SAGEConv,1,5,3,sparse,61,0.8,0.77,0.7636689192522075,0.7125,0.5187321901321411,59.17023205757141,77894
SYN_REGULAR_C5,MatrixResGated,SAGEConv,2,5,3,sparse,127,0.825,0.835,0.8377444520607789,0.79375,0.3631889224052429,84.02844834327698,77894
SYN_REGULAR_C5,MatrixResGated,SAGEConv,3,5,3,sparse,62,0.8125,0.815,0.8089769820971867,0.7687499999999999,0.3939321041107178,57.06076669692993,77894
SYN_REGULAR_C5,MatrixResGated,SAGEConv,4,5,3,sparse,94,0.8,0.81,0.8068967162659753,0.7625000000000001,0.44625458121299744,70.82935285568237,77894
SYN_REGULAR_C5,MatrixRes,GATConv,0,5,3,identity,17,0.7125,0.755,0.7510686428289424,0.6937499999999999,0.5496984124183655,48.3555862903595,41030
SYN_REGULAR_C5,MatrixRes,GATConv,1,5,3,identity,36,0.75,0.74,0.738415159345392,0.675,0.6301769018173218,57.53875708580017,41030
SYN_REGULAR_C5,MatrixRes,GATConv,2,5,3,identity,33,0.7625,0.735,0.7330772878141298,0.6687499999999998,0.5194194912910461,56.32682943344116,41030
SYN_REGULAR_C5,MatrixRes,GATConv,3,5,3,identity,29,0.75,0.82,0.8196501805698982,0.7749999999999998,0.4365108609199524,51.78850436210632,41030
SYN_REGULAR_C5,MatrixRes,GATConv,4,5,3,identity,42,0.7625,0.75,0.7416369452981522,0.6875,0.5602924227714539,58.2246196269989,41030
SYN_REGULAR_C5,MatrixRes,GCNConv,0,5,3,identity,20,0.7125,0.74,0.7283881717697068,0.675,0.5952461957931519,41.565932273864746,39494
SYN_REGULAR_C5,MatrixRes,GCNConv,1,5,3,identity,27,0.7625,0.73,0.7277442886138539,0.6625,0.6121295094490051,44.24581575393677,39494
SYN_REGULAR_C5,MatrixRes,GCNConv,2,5,3,identity,36,0.7,0.7,0.7067336865786478,0.6249999999999999,0.6066004633903503,47.23864674568176,39494
SYN_REGULAR_C5,MatrixRes,GCNConv,3,5,3,identity,31,0.7625,0.735,0.7265079568033154,0.6687499999999998,0.5394632816314697,45.5280179977417,39494
SYN_REGULAR_C5,MatrixRes,GCNConv,4,5,3,identity,23,0.725,0.685,0.6762457788449581,0.6062500000000001,0.6086249351501465,43.31228494644165,39494
SYN_REGULAR_C5,MatrixRes,GINConv,0,5,3,identity,162,1.0,1.0,1.0,1.0,7.569786930616829e-08,91.62263059616089,89414
SYN_REGULAR_C5,MatrixRes,GINConv,1,5,3,identity,61,1.0,1.0,1.0,1.0,1.7672608692009817e-06,59.55439376831055,89414
SYN_REGULAR_C5,MatrixRes,GINConv,2,5,3,identity,108,1.0,1.0,1.0,1.0,1.746413857972584e-07,77.87784481048584,89414
SYN_REGULAR_C5,MatrixRes,GINConv,3,5,3,identity,127,1.0,1.0,1.0,1.0,8.648469247418689e-07,84.77264833450317,89414
SYN_REGULAR_C5,MatrixRes,GINConv,4,5,3,identity,222,1.0,1.0,1.0,1.0,2.1517254822356335e-07,101.33471441268921,89414
SYN_REGULAR_C5,MatrixRes,SAGEConv,0,5,3,identity,55,0.8,0.81,0.8040579815118288,0.7625000000000001,0.438578337430954,54.21194291114807,77894
SYN_REGULAR_C5,MatrixRes,SAGEConv,1,5,3,identity,75,0.8125,0.825,0.8245670523278555,0.78125,0.4771759808063507,62.171130657196045,77894
SYN_REGULAR_C5,MatrixRes,SAGEConv,2,5,3,identity,113,0.8625,0.83,0.8338373668490668,0.7874999999999999,0.3598349690437317,75.3225953578949,77894
SYN_REGULAR_C5,MatrixRes,SAGEConv,3,5,3,identity,56,0.825,0.795,0.7843315888751503,0.7437499999999999,0.4340323507785797,51.84549522399902,77894
SYN_REGULAR_C5,MatrixRes,SAGEConv,4,5,3,identity,110,0.7875,0.81,0.8078857764396172,0.7625000000000001,0.4458850920200348,74.2936339378357,77894
SYN_REGULAR_C5,Plain,GATConv,0,5,3,identity,24,0.7125,0.735,0.7289702926821031,0.6687499999999998,0.589876115322113,26.19489884376526,41030
SYN_REGULAR_C5,Plain,GATConv,1,5,3,identity,15,0.7,0.68,0.6609366913920993,0.6,0.6185892224311829,24.274399042129517,41030
SYN_REGULAR_C5,Plain,GATConv,2,5,3,identity,42,0.725,0.74,0.7240405536142084,0.675,0.5838849544525146,31.527661323547363,41030
SYN_REGULAR_C5,Plain,GATConv,3,5,3,identity,38,0.7375,0.73,0.7311608219515195,0.6625,0.536873459815979,28.529353380203247,41030
SYN_REGULAR_C5,Plain,GATConv,4,5,3,identity,26,0.775,0.745,0.7422358928693921,0.6812499999999999,0.5752214789390564,23.135076999664307,41030
SYN_REGULAR_C5,Plain,GCNConv,0,5,3,identity,23,0.7125,0.74,0.7308527874749399,0.675,0.5825107097625732,18.297579765319824,39494
SYN_REGULAR_C5,Plain,GCNConv,1,5,3,identity,32,0.775,0.75,0.7491845545429953,0.6875,0.608215868473053,21.188141107559204,39494
SYN_REGULAR_C5,Plain,GCNConv,2,5,3,identity,35,0.725,0.705,0.713514290351615,0.6312499999999999,0.5899499654769897,21.656086921691895,39494
SYN_REGULAR_C5,Plain,GCNConv,3,5,3,identity,15,0.7625,0.75,0.7399446082372911,0.6875,0.551180899143219,16.92011046409607,39494
SYN_REGULAR_C5,Plain,GCNConv,4,5,3,identity,17,0.75,0.69,0.6715464357243528,0.6124999999999999,0.6147754192352295,15.684943199157715,39494
SYN_REGULAR_C5,Plain,GINConv,0,5,3,identity,142,1.0,0.99,0.99,0.9875,0.02070625312626362,42.6471483707428,89414
SYN_REGULAR_C5,Plain,GINConv,1,5,3,identity,98,1.0,0.985,0.9849976558837318,0.9812499999999998,0.038713231682777405,35.70798921585083,89414
SYN_REGULAR_C5,Plain,GINConv,2,5,3,identity,83,1.0,0.98,0.9799498746867169,0.975,0.1044352799654007,32.43975257873535,89414
SYN_REGULAR_C5,Plain,GINConv,3,5,3,identity,52,0.975,0.965,0.9650008219628472,0.9562499999999998,0.10375912487506866,24.370065212249756,89414
SYN_REGULAR_C5,Plain,GINConv,4,5,3,identity,85,0.975,0.995,0.9949992186279106,0.9937499999999999,0.016982637345790863,28.24799346923828,89414
SYN_REGULAR_C5,Plain,SAGEConv,0,5,3,identity,13,0.6,0.635,0.594576207722288,0.54375,0.7336485981941223,14.9165198802948,77894
SYN_REGULAR_C5,Plain,SAGEConv,1,5,3,identity,10,0.6625,0.635,0.5989374998582275,0.54375,0.7544664740562439,14.56467080116272,77894
SYN_REGULAR_C5,Plain,SAGEConv,2,5,3,identity,15,0.65,0.665,0.6352871426728899,0.58125,0.7153209447860718,15.586332321166992,77894
SYN_REGULAR_C5,Plain,SAGEConv,3,5,3,identity,11,0.575,0.54,0.48218591444397896,0.425,0.8352604508399963,11.543905019760132,77894
SYN_REGULAR_C5,Plain,SAGEConv,4,5,3,identity,12,0.6,0.56,0.5228095238095238,0.45,0.8471171855926514,14.901651859283447,77894
SYN_REGULAR_C5,VerticalRes,GATConv,0,5,3,identity,18,0.75,0.74,0.7354271076957344,0.675,0.6416841149330139,27.102241039276123,41030
SYN_REGULAR_C5,VerticalRes,GATConv,1,5,3,identity,27,0.7,0.77,0.7666514999848333,0.7125,0.5750880241394043,30.669946432113647,41030
SYN_REGULAR_C5,VerticalRes,GATConv,2,5,3,identity,36,0.7625,0.715,0.7143065665154017,0.6437499999999998,0.5816034078598022,34.45441436767578,41030
SYN_REGULAR_C5,VerticalRes,GATConv,3,5,3,identity,26,0.725,0.76,0.7621325136772292,0.7000000000000001,0.5457391738891602,29.955021619796753,41030
SYN_REGULAR_C5,VerticalRes,GATConv,4,5,3,identity,40,0.7625,0.745,0.7442484526967286,0.6812499999999999,0.6167749166488647,33.250084400177,41030
SYN_REGULAR_C5,VerticalRes,GCNConv,0,5,3,identity,21,0.725,0.745,0.7357142164139283,0.6812499999999999,0.5939722657203674,21.414007425308228,39494
SYN_REGULAR_C5,VerticalRes,GCNConv,1,5,3,identity,54,0.775,0.74,0.7383737437321845,0.675,0.6238746047019958,32.23767161369324,39494
SYN_REGULAR_C5,VerticalRes,GCNConv,2,5,3,identity,33,0.7125,0.715,0.7176560846560847,0.6437499999999998,0.607037365436554,27.596355199813843,39494
SYN_REGULAR_C5,VerticalRes,GCNConv,3,5,3,identity,15,0.7625,0.75,0.7367156189167525,0.6875,0.5523296594619751,19.703484058380127,39494
SYN_REGULAR_C5,VerticalRes,GCNConv,4,5,3,identity,24,0.7375,0.695,0.6844445488206791,0.6187499999999999,0.6148979067802429,22.714560747146606,39494
SYN_REGULAR_C5,VerticalRes,GINConv,0,5,3,identity,82,1.0,1.0,1.0,1.0,0.00010188523447141051,33.39167833328247,89414
SYN_REGULAR_C5,VerticalRes,GINConv,1,5,3,identity,115,1.0,1.0,1.0,1.0,0.00034261643304489553,47.92401623725891,89414
SYN_REGULAR_C5,VerticalRes,GINConv,2,5,3,identity,147,1.0,1.0,1.0,1.0,0.00030310574220493436,52.7298219203949,89414
SYN_REGULAR_C5,VerticalRes,GINConv,3,5,3,identity,120,1.0,1.0,1.0,1.0,0.00013614509953185916,49.3261833190918,89414
SYN_REGULAR_C5,VerticalRes,GINConv,4,5,3,identity,71,1.0,1.0,1.0,1.0,0.00021079443104099482,35.82411766052246,89414
SYN_REGULAR_C5,VerticalRes,SAGEConv,0,5,3,identity,34,0.775,0.765,0.7570567937950962,0.7062499999999999,0.5153334140777588,24.448918104171753,77894
SYN_REGULAR_C5,VerticalRes,SAGEConv,1,5,3,identity,64,0.825,0.815,0.8149403442086369,0.7687499999999999,0.4370267391204834,30.096319437026978,77894
SYN_REGULAR_C5,VerticalRes,SAGEConv,2,5,3,identity,93,0.85,0.78,0.7785307463620716,0.7250000000000001,0.39718765020370483,37.8662793636322,77894
SYN_REGULAR_C5,VerticalRes,SAGEConv,3,5,3,identity,27,0.775,0.775,0.7666097030480801,0.7187499999999999,0.48927298188209534,23.057738304138184,77894
SYN_REGULAR_C5,VerticalRes,SAGEConv,4,5,3,identity,44,0.725,0.77,0.7559053552492048,0.7125,0.5145495533943176,25.797393083572388,77894
SYN_REGULAR_C6,HorizontalRes,GATConv,0,6,3,identity,71,0.75,0.7166666666666667,0.7194694694694695,0.66,0.624362051486969,63.29530382156372,41095
SYN_REGULAR_C6,HorizontalRes,GATConv,1,6,3,identity,39,0.7291666666666666,0.725,0.7238410222970857,0.67,0.5441627502441406,48.357927322387695,41095
SYN_REGULAR_C6,HorizontalRes,GATConv,2,6,3,identity,24,0.7083333333333334,0.6708333333333333,0.6563613648154711,0.605,0.630499541759491,42.80525350570679,41095
SYN_REGULAR_C6,HorizontalRes,GATConv,3,6,3,identity,36,0.7291666666666666,0.7166666666666667,0.7081727694754516,0.66,0.605707049369812,42.571311712265015,41095
SYN_REGULAR_C6,HorizontalRes,GATConv,4,6,3,identity,16,0.65625,0.75,0.7329400296623265,0.7000000000000001,0.576854407787323,33.736260652542114,41095
SYN_REGULAR_C6,HorizontalRes,GCNConv,0,6,3,identity,40,0.71875,0.6,0.5711073840719157,0.52,0.7674121856689453,38.40010905265808,39559
SYN_REGULAR_C6,HorizontalRes,GCNConv,1,6,3,identity,31,0.7395833333333334,0.7041666666666667,0.7063613776501781,0.6450000000000001,0.6118794679641724,34.68311309814453,39559
SYN_REGULAR_C6,HorizontalRes,GCNConv,2,6,3,identity,27,0.6770833333333334,0.6875,0.6728752353119711,0.625,0.7094820737838745,30.617457151412964,39559
SYN_REGULAR_C6,HorizontalRes,GCNConv,3,6,3,identity,14,0.6458333333333334,0.6791666666666667,0.6616068519294326,0.6150000000000001,0.6618785858154297,27.09250545501709,39559
SYN_REGULAR_C6,HorizontalRes,GCNConv,4,6,3,identity,19,0.6666666666666666,0.6916666666666667,0.681442209947715,0.63,0.6909701228141785,32.04700231552124,39559
SYN_REGULAR_C6,HorizontalRes,GINConv,0,6,3,identity,55,0.9270833333333334,0.925,0.9230781751552066,0.91,0.1527538299560547,41.970938205718994,89479
SYN_REGULAR_C6,HorizontalRes,GINConv,1,6,3,identity,113,0.9895833333333334,0.9541666666666667,0.9537451401023835,0.9450000000000001,0.10019227862358093,65.81647205352783,89479
SYN_REGULAR_C6,HorizontalRes,GINConv,2,6,3,identity,77,0.9895833333333334,0.9208333333333333,0.9179487179487179,0.9049999999999999,0.19611813127994537,50.47388958930969,89479
SYN_REGULAR_C6,HorizontalRes,GINConv,3,6,3,identity,80,0.9895833333333334,0.95,0.9499687304565353,0.94,0.25987645983695984,53.2617974281311,89479
SYN_REGULAR_C6,HorizontalRes,GINConv,4,6,3,identity,109,1.0,0.9708333333333333,0.9708287753294785,0.965,0.09243416786193848,64.91873455047607,89479
SYN_REGULAR_C6,HorizontalRes,SAGEConv,0,6,3,identity,85,0.8333333333333334,0.7833333333333333,0.7733238370791695,0.74,0.43728065490722656,51.46514368057251,77959
SYN_REGULAR_C6,HorizontalRes,SAGEConv,1,6,3,identity,31,0.6979166666666666,0.7041666666666667,0.6853308902806519,0.6450000000000001,0.5952688455581665,33.42959952354431,77959
SYN_REGULAR_C6,HorizontalRes,SAGEConv,2,6,3,identity,60,0.7916666666666666,0.7458333333333333,0.7234658557088464,0.6950000000000001,0.4683634340763092,42.77717709541321,77959
SYN_REGULAR_C6,HorizontalRes,SAGEConv,3,6,3,identity,32,0.65625,0.6541666666666667,0.6254188604360884,0.5850000000000001,0.6818603277206421,30.30978274345398,77959
SYN_REGULAR_C6,HorizontalRes,SAGEConv,4,6,3,identity,34,0.6770833333333334,0.6458333333333334,0.6257544641135407,0.5750000000000001,0.7024773955345154,32.58322048187256,77959
SYN_REGULAR_C6,MatrixResGated,GATConv,0,6,3,sparse,43,0.8125,0.7166666666666667,0.7165277019128515,0.66,0.626865565776825,78.29108452796936,41095
SYN_REGULAR_C6,MatrixResGated,GATConv,1,6,3,sparse,44,0.75,0.7333333333333333,0.729079873821798,0.6799999999999999,0.504752516746521,78.88707327842712,41095
SYN_REGULAR_C6,MatrixResGated,GATConv,2,6,3,sparse,37,0.7604166666666666,0.7,0.7005124009956606,0.64,0.6239851713180542,74.75324749946594,41095
SYN_REGULAR_C6,MatrixResGated,GATConv,3,6,3,sparse,45,0.6875,0.7166666666666667,0.7099839533346607,0.66,0.6095662713050842,75.71551704406738,41095
SYN_REGULAR_C6,MatrixResGated,GATConv,4,6,3,sparse,25,0.6666666666666666,0.7541666666666667,0.7513537326311739,0.705,0.5488554835319519,61.7027907371521,41095
SYN_REGULAR_C6,MatrixResGated,GCNConv,0,6,3,sparse,39,0.6666666666666666,0.6458333333333334,0.6429336604764048,0.5750000000000001,0.7135447263717651,62.352521657943726,39559
SYN_REGULAR_C6,MatrixResGated,GCNConv,1,6,3,sparse,21,0.7083333333333334,0.6916666666666667,0.6915797601975826,0.63,0.6408694982528687,50.68087434768677,39559
SYN_REGULAR_C6,MatrixResGated,GCNConv,2,6,3,sparse,34,0.6145833333333334,0.7,0.7005917125692666,0.64,0.6683042645454407,59.93392825126648,39559
SYN_REGULAR_C6,MatrixResGated,GCNConv,3,6,3,sparse,52,0.6354166666666666,0.7041666666666667,0.7035705372919522,0.6450000000000001,0.6221648454666138,69.61720633506775,39559
SYN_REGULAR_C6,MatrixResGated,GCNConv,4,6,3,sparse,49,0.6875,0.7208333333333333,0.7215439769940998,0.665,0.6257554888725281,68.28856921195984,39559
SYN_REGULAR_C6,MatrixResGated,GINConv,0,6,3,sparse,97,1.0,0.9958333333333333,0.9958326821899255,0.995,0.0032291673123836517,91.40928745269775,89479
SYN_REGULAR_C6,MatrixResGated,GINConv,1,6,3,sparse,96,1.0,1.0,1.0,1.0,0.00012226552644278854,93.54634594917297,89479
SYN_REGULAR_C6,MatrixResGated,GINConv,2,6,3,sparse,149,1.0,1.0,1.0,1.0,1.8933524188469164e-05,119.72230195999146,89479
SYN_REGULAR_C6,MatrixResGated,GINConv,3,6,3,sparse,176,1.0,0.9958333333333333,0.9958326821899255,0.995,0.011866823770105839,127.25533175468445,89479
SYN_REGULAR_C6,MatrixResGated,GINConv,4,6,3,sparse,207,1.0,1.0,1.0,1.0,3.439177089603618e-05,127.42259955406189,89479
SYN_REGULAR_C6,MatrixResGated,SAGEConv,0,6,3,sparse,103,0.84375,0.7958333333333333,0.7952306129018765,0.7549999999999999,0.46396955847740173,95.06049680709839,77959
SYN_REGULAR_C6,MatrixResGated,SAGEConv,1,6,3,sparse,112,0.8645833333333334,0.7958333333333333,0.7916403055142945,0.7549999999999999,0.41632765531539917,99.01146745681763,77959
SYN_REGULAR_C6,MatrixResGated,SAGEConv,2,6,3,sparse,105,0.8020833333333334,0.8166666666666667,0.8176505824676451,0.78,0.4468070864677429,93.07160925865173,77959
SYN_REGULAR_C6,MatrixResGated,SAGEConv,3,6,3,sparse,61,0.7604166666666666,0.7875,0.7811490293791935,0.745,0.4551238417625427,68.39044260978699,77959
SYN_REGULAR_C6,MatrixResGated,SAGEConv,4,6,3,sparse,113,0.8333333333333334,0.8208333333333333,0.8195379568378414,0.7849999999999999,0.4151800870895386,95.87714767456055,77959
SYN_REGULAR_C6,MatrixRes,GATConv,0,6,3,identity,45,0.78125,0.7125,0.7120620714998225,0.655,0.6337934136390686,72.92666840553284,41095
SYN_REGULAR_C6,MatrixRes,GATConv,1,6,3,identity,24,0.7604166666666666,0.7416666666666667,0.7381271515417857,0.6900000000000001,0.5250433683395386,65.32421541213989,41095
SYN_REGULAR_C6,MatrixRes,GATConv,2,6,3,identity,48,0.7604166666666666,0.6791666666666667,0.6786318844075612,0.6150000000000001,0.6461265683174133,78.56791877746582,41095
SYN_REGULAR_C6,MatrixRes,GATConv,3,6,3,identity,45,0.71875,0.7291666666666666,0.7192778673847378,0.6749999999999999,0.6006336212158203,73.0292739868164,41095
SYN_REGULAR_C6,MatrixRes,GATConv,4,6,3,identity,24,0.6666666666666666,0.7666666666666667,0.7670422251580663,0.7200000000000001,0.5298023819923401,64.63718676567078,41095
SYN_REGULAR_C6,MatrixRes,GCNConv,0,6,3,identity,42,0.7395833333333334,0.6416666666666667,0.6403787831131087,0.5700000000000001,0.7051010727882385,63.43209099769592,39559
SYN_REGULAR_C6,MatrixRes,GCNConv,1,6,3,identity,38,0.6979166666666666,0.675,0.6722303612470762,0.6100000000000001,0.5971240997314453,61.33600902557373,39559
SYN_REGULAR_C6,MatrixRes,GCNConv,2,6,3,identity,34,0.6458333333333334,0.6958333333333333,0.6983362288377676,0.635,0.6837210059165955,58.30752348899841,39559
SYN_REGULAR_C6,MatrixRes,GCNConv,3,6,3,identity,61,0.625,0.6833333333333333,0.6802113007029109,0.62,0.6398579478263855,71.05843830108643,39559
SYN_REGULAR_C6,MatrixRes,GCNConv,4,6,3,identity,47,0.6458333333333334,0.7166666666666667,0.7222000075140173,0.66,0.6203605532646179,70.71928477287292,39559
SYN_REGULAR_C6,MatrixRes,GINConv,0,6,3,identity,140,1.0,1.0,1.0,1.0,3.919554001186043e-05,109.08003163337708,89479
SYN_REGULAR_C6,MatrixRes,GINConv,1,6,3,identity,85,1.0,1.0,1.0,1.0,1.3043424587522168e-05,86.40278720855713,89479
SYN_REGULAR_C6,MatrixRes,GINConv,2,6,3,identity,162,1.0,1.0,1.0,1.0,0.00034609209978953004,120.45429158210754,89479
SYN_REGULAR_C6,MatrixRes,GINConv,3,6,3,identity,75,1.0,1.0,1.0,1.0,0.0006797242094762623,82.47096753120422,89479
SYN_REGULAR_C6,MatrixRes,GINConv,4,6,3,identity,178,1.0,1.0,1.0,1.0,0.002576093887910247,125.44304537773132,89479
SYN_REGULAR_C6,MatrixRes,SAGEConv,0,6,3,identity,157,0.84375,0.825,0.8227296181630548,0.7899999999999999,0.40575090050697327,121.56159090995789,77959
SYN_REGULAR_C6,MatrixRes,SAGEConv,1,6,3,identity,141,0.84375,0.7833333333333333,0.7809459371988453,0.74,0.41885122656822205,107.12125587463379,77959
SYN_REGULAR_C6,MatrixRes,SAGEConv,2,6,3,identity,119,0.7916666666666666,0.8125,0.8108468079358491,0.775,0.44272321462631226,97.09845495223999,77959
SYN_REGULAR_C6,MatrixRes,SAGEConv,3,6,3,identity,71,0.7604166666666666,0.8125,0.8108266195784131,0.775,0.43432095646858215,73.44029021263123,77959
SYN_REGULAR_C6,MatrixRes,SAGEConv,4,6,3,identity,139,0.8020833333333334,0.825,0.8261787184009406,0.7899999999999999,0.40118032693862915,108.66499662399292,77959
SYN_REGULAR_C6,Plain,GATConv,0,6,3,identity,19,0.6770833333333334,0.6833333333333333,0.6769666823189858,0.62,0.7000693082809448,26.93043875694275,41095
SYN_REGULAR_C6,Plain,GATConv,1,6,3,identity,22,0.7083333333333334,0.7125,0.7037621465624385,0.655,0.5918800830841064,30.987908124923706,41095
SYN_REGULAR_C6,Plain,GATConv,2,6,3,identity,13,0.65625,0.675,0.6440149612479887,0.6100000000000001,0.7180823683738708,28.92850661277771,41095
SYN_REGULAR_C6,Plain,GATConv,3,6,3,identity,13,0.6666666666666666,0.6458333333333334,0.603770939066819,0.5750000000000001,0.7340275645256042,28.08160948753357,41095
SYN_REGULAR_C6,Plain,GATConv,4,6,3,identity,18,0.5729166666666666,0.6958333333333333,0.6901857591681839,0.635,0.7352464199066162,28.883014917373657,41095
SYN_REGULAR_C6,Plain,GCNConv,0,6,3,identity,69,0.7083333333333334,0.6333333333333333,0.6263964481316079,0.5599999999999999,0.7520869970321655,36.20665526390076,39559
SYN_REGULAR_C6,Plain,GCNConv,1,6,3,identity,35,0.7395833333333334,0.7041666666666667,0.7026445857959268,0.6450000000000001,0.5821751356124878,27.27336859703064,39559
SYN_REGULAR_C6,Plain,GCNConv,2,6,3,identity,31,0.6458333333333334,0.7125,0.7052851902535447,0.655,0.6669160723686218,24.533316135406494,39559
SYN_REGULAR_C6,Plain,GCNConv,3,6,3,identity,53,0.6458333333333334,0.6958333333333333,0.6714614791566791,0.635,0.6270183324813843,32.409095764160156,39559
SYN_REGULAR_C6,Plain,GCNConv,4,6,3,identity,50,0.6666666666666666,0.7291666666666666,0.7237424816228488,0.6749999999999999,0.6311730146408081,31.068547248840332,39559
SYN_REGULAR_C6,Plain,GINConv,0,6,3,identity,125,0.9895833333333334,0.9875,0.9874980465697765,0.9850000000000001,0.04825535789132118,48.634092807769775,89479
SYN_REGULAR_C6,Plain,GINConv,1,6,3,identity,57,1.0,0.9708333333333333,0.9708170474181932,0.965,0.08863665908575058,33.11409091949463,89479
SYN_REGULAR_C6,Plain,GINConv,2,6,3,identity,93,0.96875,0.95,0.948849104859335,0.94,0.11921345442533493,40.29572677612305,89479
SYN_REGULAR_C6,Plain,GINConv,3,6,3,identity,123,1.0,0.9625,0.9621626485198919,0.9550000000000001,0.10384020209312439,52.10546326637268,89479
SYN_REGULAR_C6,Plain,GINConv,4,6,3,identity,70,1.0,0.9708333333333333,0.9708287753294784,0.965,0.07428310811519623,36.69087338447571,89479
SYN_REGULAR_C6,Plain,SAGEConv,0,6,3,identity,39,0.6875,0.65,0.6210962143932673,0.5800000000000001,0.6594693660736084,23.585281133651733,77959
SYN_REGULAR_C6,Plain,SAGEConv,1,6,3,identity,31,0.7395833333333334,0.6916666666666667,0.6681107687039892,0.63,0.5891793370246887,22.975720643997192,77959
SYN_REGULAR_C6,Plain,SAGEConv,2,6,3,identity,41,0.6666666666666666,0.6375,0.6097098839034322,0.565,0.7214367985725403,23.263678073883057,77959
SYN_REGULAR_C6,Plain,SAGEConv,3,6,3,identity,9,0.6041666666666666,0.6125,0.5634461761912742,0.535,0.8299867510795593,18.920372486114502,77959
SYN_REGULAR_C6,Plain,SAGEConv,4,6,3,identity,13,0.6875,0.6291666666666667,0.6111044957794184,0.555,0.7793664336204529,18.850346326828003,77959
SYN_REGULAR_C6,VerticalRes,GATConv,0,6,3,identity,24,0.6770833333333334,0.6708333333333333,0.6712562710147251,0.605,0.7358426451683044,33.21311926841736,41095
SYN_REGULAR_C6,VerticalRes,GATConv,1,6,3,identity,19,0.6458333333333334,0.65,0.6035323392330002,0.5800000000000001,0.6827431917190552,34.61929774284363,41095
SYN_REGULAR_C6,VerticalRes,GATConv,2,6,3,identity,30,0.6458333333333334,0.6791666666666667,0.6677325047559325,0.6150000000000001,0.6744603514671326,38.91829872131348,41095
SYN_REGULAR_C6,VerticalRes,GATConv,3,6,3,identity,24,0.65625,0.6875,0.6787561334535654,0.625,0.6758900284767151,36.32475972175598,41095
SYN_REGULAR_C6,VerticalRes,GATConv,4,6,3,identity,24,0.6458333333333334,0.7416666666666667,0.7382984801140906,0.6900000000000001,0.6390905976295471,37.37504816055298,41095
SYN_REGULAR_C6,VerticalRes,GCNConv,0,6,3,identity,52,0.71875,0.6166666666666667,0.6024859372752609,0.54,0.7158411741256714,34.93798637390137,39559
SYN_REGULAR_C6,VerticalRes,GCNConv,1,6,3,identity,35,0.7291666666666666,0.7,0.6946673707433318,0.64,0.5884032845497131,31.555411100387573,39559
SYN_REGULAR_C6,VerticalRes,GCNConv,2,6,3,identity,30,0.6354166666666666,0.7041666666666667,0.6943765868449413,0.6450000000000001,0.67019122838974,30.859177589416504,39559
SYN_REGULAR_C6,VerticalRes,GCNConv,3,6,3,identity,35,0.6354166666666666,0.6708333333333333,0.6633013291420872,0.605,0.6210812926292419,32.59229826927185,39559
SYN_REGULAR_C6,VerticalRes,GCNConv,4,6,3,identity,38,0.6666666666666666,0.7375,0.7403517470002924,0.685,0.6369042992591858,36.34368371963501,39559
SYN_REGULAR_C6,VerticalRes,GINConv,0,6,3,identity,89,1.0,1.0,1.0,1.0,0.00422783475369215,49.11154222488403,89479
SYN_REGULAR_C6,VerticalRes,GINConv,1,6,3,identity,109,1.0,1.0,1.0,1.0,0.007125563453882933,56.418837785720825,89479
SYN_REGULAR_C6,VerticalRes,GINConv,2,6,3,identity,195,1.0,0.9875,0.9874823971209512,0.9850000000000001,0.025020403787493706,64.72523188591003,89479
SYN_REGULAR_C6,VerticalRes,GINConv,3,6,3,identity,127,1.0,0.9958333333333333,0.9958326821899255,0.995,0.004986681509763002,63.91781044006348,89479
SYN_REGULAR_C6,VerticalRes,GINConv,4,6,3,identity,121,1.0,1.0,1.0,1.0,0.0032880804501473904,62.66497325897217,89479
SYN_REGULAR_C6,VerticalRes,SAGEConv,0,6,3,identity,120,0.7604166666666666,0.725,0.7161363241175448,0.67,0.50186687707901,54.53575015068054,77959
SYN_REGULAR_C6,VerticalRes,SAGEConv,1,6,3,identity,185,0.8229166666666666,0.7583333333333333,0.744912044926028,0.71,0.42828547954559326,60.65367364883423,77959
SYN_REGULAR_C6,VerticalRes,SAGEConv,2,6,3,identity,87,0.7916666666666666,0.7875,0.7815041400601901,0.745,0.42044398188591003,47.560688495635986,77959
SYN_REGULAR_C6,VerticalRes,SAGEConv,3,6,3,identity,99,0.7916666666666666,0.7791666666666667,0.7665732034288735,0.735,0.47960230708122253,48.51738619804382,77959
SYN_REGULAR_C6,VerticalRes,SAGEConv,4,6,3,identity,119,0.7916666666666666,0.7916666666666666,0.781533926050055,0.75,0.427153617143631,55.94373369216919,77959
SYN_REGULAR_C7,HorizontalRes,GATConv,0,7,3,identity,63,0.7321428571428571,0.7,0.6925318202656646,0.65,0.6702826806477138,61.791725873947144,41160
SYN_REGULAR_C7,HorizontalRes,GATConv,1,7,3,identity,50,0.7321428571428571,0.6357142857142857,0.6353866886978736,0.575,0.7214253374508449,57.59486389160156,41160
SYN_REGULAR_C7,HorizontalRes,GATConv,2,7,3,identity,19,0.7053571428571429,0.7142857142857143,0.6970887984278491,0.6666666666666666,0.7218115431921822,44.52665448188782,41160
SYN_REGULAR_C7,HorizontalRes,GATConv,3,7,3,identity,15,0.6517857142857143,0.6607142857142857,0.6537246805472067,0.6041666666666665,0.7663379669189453,42.988410234451294,41160
SYN_REGULAR_C7,HorizontalRes,GATConv,4,7,3,identity,40,0.6696428571428571,0.7178571428571429,0.717147071062205,0.6708333333333333,0.7229200209890093,44.743767738342285,41160
SYN_REGULAR_C7,HorizontalRes,GCNConv,0,7,3,identity,12,0.6428571428571429,0.6142857142857143,0.5929789762010413,0.55,0.8649496572358267,28.576162338256836,39624
SYN_REGULAR_C7,HorizontalRes,GCNConv,1,7,3,identity,32,0.6428571428571429,0.5857142857142857,0.5630600531870327,0.5166666666666667,0.8172685708318438,37.46795988082886,39624
SYN_REGULAR_C7,HorizontalRes,GCNConv,2,7,3,identity,15,0.625,0.65,0.6367730896391438,0.5916666666666666,0.8462123496191842,31.7065691947937,39624
SYN_REGULAR_C7,HorizontalRes,GCNConv,3,7,3,identity,19,0.5892857142857143,0.6142857142857143,0.5741229523428925,0.55,0.8600308316094535,32.315733194351196,39624
SYN_REGULAR_C7,HorizontalRes,GCNConv,4,7,3,identity,13,0.6160714285714286,0.6,0.5859766844508986,0.5333333333333333,0.852273690700531,29.83467388153076,39624
SYN_REGULAR_C7,HorizontalRes,GINConv,0,7,3,identity,94,0.9910714285714286,0.9607142857142857,0.9598935393774514,0.9541666666666666,0.1069021904042789,63.38782262802124,89544
SYN_REGULAR_C7,HorizontalRes,GINConv,1,7,3,identity,125,0.9910714285714286,0.9714285714285714,0.9713893818686702,0.9666666666666666,0.067523612507752,72.48049664497375,89544
SYN_REGULAR_C7,HorizontalRes,GINConv,2,7,3,identity,97,0.9553571428571429,0.9678571428571429,0.9678037648625885,0.9624999999999999,0.09324360830443246,62.8004195690155,89544
SYN_REGULAR_C7,HorizontalRes,GINConv,3,7,3,identity,100,0.9821428571428571,0.9535714285714286,0.9532017365350699,0.9458333333333333,0.13981250205210277,61.90707850456238,89544
SYN_REGULAR_C7,HorizontalRes,GINConv,4,7,3,identity,160,0.9910714285714286,0.9785714285714285,0.9784804545353067,0.9749999999999999,0.10361010091645377,85.45142602920532,89544
SYN_REGULAR_C7,HorizontalRes,SAGEConv,0,7,3,identity,84,0.6785714285714286,0.7142857142857143,0.7063342299618248,0.6666666666666666,0.6259884834289551,56.11405825614929,78024
SYN_REGULAR_C7,HorizontalRes,SAGEConv,1,7,3,identity,33,0.6875,0.6392857142857142,0.6243136121305509,0.5791666666666666,0.7799990262304034,38.08599066734314,78024
SYN_REGULAR_C7,HorizontalRes,SAGEConv,2,7,3,identity,67,0.7678571428571429,0.775,0.7604924521725648,0.7374999999999999,0.5059340681348529,47.75491261482239,78024
SYN_REGULAR_C7,HorizontalRes,SAGEConv,3,7,3,identity,65,0.6696428571428571,0.7214285714285714,0.7159505980444079,0.6749999999999999,0.6561139515468053,46.648396730422974,78024
SYN_REGULAR_C7,HorizontalRes,SAGEConv,4,7,3,identity,38,0.6339285714285714,0.6285714285714286,0.5992939643136564,0.5666666666666667,0.7865319609642029,37.60587120056152,78024
SYN_REGULAR_C7,MatrixResGated,GATConv,0,7,3,sparse,47,0.6785714285714286,0.6857142857142857,0.6837847877490103,0.6333333333333334,0.7219769426754543,84.04970264434814,41160
SYN_REGULAR_C7,MatrixResGated,GATConv,1,7,3,sparse,38,0.7053571428571429,0.6678571428571428,0.6475594739225773,0.6124999999999998,0.7209471344947815,79.02797770500183,41160
SYN_REGULAR_C7,MatrixResGated,GATConv,2,7,3,sparse,46,0.7053571428571429,0.7035714285714286,0.6876382511278313,0.6541666666666667,0.6691192865371705,86.26774525642395,41160
SYN_REGULAR_C7,MatrixResGated,GATConv,3,7,3,sparse,21,0.6696428571428571,0.7,0.6695206028539361,0.65,0.7343730841364179,67.27164697647095,41160
SYN_REGULAR_C7,MatrixResGated,GATConv,4,7,3,sparse,61,0.7232142857142857,0.6821428571428572,0.6731318181930005,0.6291666666666668,0.6741178103855678,85.11919832229614,41160
SYN_REGULAR_C7,MatrixResGated,GCNConv,0,7,3,sparse,58,0.6785714285714286,0.625,0.6163070738115944,0.5625,0.7976516161646162,76.65200638771057,39624
SYN_REGULAR_C7,MatrixResGated,GCNConv,1,7,3,sparse,49,0.6607142857142857,0.6071428571428571,0.5948403958821732,0.5416666666666666,0.8081447839736938,73.60846543312073,39624
SYN_REGULAR_C7,MatrixResGated,GCNConv,2,7,3,sparse,33,0.6339285714285714,0.6321428571428571,0.5994257002474794,0.5708333333333333,0.7254637616021292,64.47571110725403,39624
SYN_REGULAR_C7,MatrixResGated,GCNConv,3,7,3,sparse,37,0.5892857142857143,0.6714285714285714,0.6659724074584829,0.6166666666666665,0.7978692889213562,66.63184666633606,39624
SYN_REGULAR_C7,MatrixResGated,GCNConv,4,7,3,sparse,40,0.6160714285714286,0.6142857142857143,0.6063256597328012,0.55,0.8460345268249512,71.58612322807312,39624
SYN_REGULAR_C7,MatrixResGated,GINConv,0,7,3,sparse,160,1.0,1.0,1.0,1.0,1.1785509273717513e-05,135.72820949554443,89544
SYN_REGULAR_C7,MatrixResGated,GINConv,1,7,3,sparse,147,1.0,1.0,1.0,1.0,3.4536024843743818e-06,126.07349634170532,89544
SYN_REGULAR_C7,MatrixResGated,GINConv,2,7,3,sparse,160,1.0,1.0,1.0,1.0,3.31566376092139e-06,134.75137901306152,89544
SYN_REGULAR_C7,MatrixResGated,GINConv,3,7,3,sparse,139,1.0,1.0,1.0,1.0,4.7203222964396575e-06,120.20970249176025,89544
SYN_REGULAR_C7,MatrixResGated,GINConv,4,7,3,sparse,113,1.0,1.0,1.0,1.0,1.5509840547370654e-06,103.69508266448975,89544
SYN_REGULAR_C7,MatrixResGated,SAGEConv,0,7,3,sparse,105,0.75,0.7464285714285714,0.7360149008161405,0.7041666666666667,0.5895976611546108,104.29972577095032,78024
SYN_REGULAR_C7,MatrixResGated,SAGEConv,1,7,3,sparse,122,0.8392857142857143,0.7464285714285714,0.7428624941810693,0.7041666666666667,0.5286745633397784,110.26230144500732,78024
SYN_REGULAR_C7,MatrixResGated,SAGEConv,2,7,3,sparse,101,0.7589285714285714,0.775,0.7595633789908954,0.7374999999999999,0.46600486210414344,98.94267892837524,78024
SYN_REGULAR_C7,MatrixResGated,SAGEConv,3,7,3,sparse,142,0.7857142857142857,0.7428571428571429,0.7402366030068764,0.7000000000000001,0.6879302297319685,117.82808780670166,78024
SYN_REGULAR_C7,MatrixResGated,SAGEConv,4,7,3,sparse,77,0.7232142857142857,0.7107142857142857,0.7092907092907093,0.6625,0.5600209321294513,79.83120822906494,78024
SYN_REGULAR_C7,MatrixRes,GATConv,0,7,3,identity,50,0.7232142857142857,0.7,0.688867512918146,0.65,0.7286963547979083,85.14064764976501,41160
SYN_REGULAR_C7,MatrixRes,GATConv,1,7,3,identity,38,0.6517857142857143,0.6714285714285714,0.6643200013619328,0.6166666666666665,0.6989835177149092,78.93713712692261,41160
SYN_REGULAR_C7,MatrixRes,GATConv,2,7,3,identity,47,0.7053571428571429,0.7214285714285714,0.7053955597577825,0.6749999999999999,0.6436936582837786,84.69168758392334,41160
SYN_REGULAR_C7,MatrixRes,GATConv,3,7,3,identity,25,0.625,0.675,0.6660713143887371,0.6208333333333335,0.7273667386599949,68.60727000236511,41160
SYN_REGULAR_C7,MatrixRes,GATConv,4,7,3,identity,54,0.6875,0.6821428571428572,0.6797218213219895,0.6291666666666668,0.7091718673706054,81.42434787750244,41160
SYN_REGULAR_C7,MatrixRes,GCNConv,0,7,3,identity,61,0.6696428571428571,0.6107142857142858,0.6092557667476713,0.5458333333333334,0.7917196478162493,75.48184132575989,39624
SYN_REGULAR_C7,MatrixRes,GCNConv,1,7,3,identity,49,0.6517857142857143,0.6214285714285714,0.5981157936282138,0.5583333333333333,0.8011183244841439,71.16950392723083,39624
SYN_REGULAR_C7,MatrixRes,GCNConv,2,7,3,identity,40,0.6607142857142857,0.6571428571428571,0.6449751653238666,0.5999999999999999,0.7076055935450962,68.25367760658264,39624
SYN_REGULAR_C7,MatrixRes,GCNConv,3,7,3,identity,62,0.6160714285714286,0.6892857142857143,0.6815356879796294,0.6375000000000001,0.7753383908952985,77.62455987930298,39624
SYN_REGULAR_C7,MatrixRes,GCNConv,4,7,3,identity,40,0.625,0.6178571428571429,0.6137184108684399,0.5541666666666667,0.8305670278412955,68.87691378593445,39624
SYN_REGULAR_C7,MatrixRes,GINConv,0,7,3,identity,173,1.0,1.0,1.0,1.0,1.6679514747660766e-06,133.69137048721313,89544
SYN_REGULAR_C7,MatrixRes,GINConv,1,7,3,identity,185,1.0,1.0,1.0,1.0,8.076319318206515e-07,128.60919976234436,89544
SYN_REGULAR_C7,MatrixRes,GINConv,2,7,3,identity,191,1.0,1.0,1.0,1.0,8.89374142941181e-07,131.24132323265076,89544
SYN_REGULAR_C7,MatrixRes,GINConv,3,7,3,identity,193,1.0,1.0,1.0,1.0,2.3884385780905046e-07,127.12438368797302,89544
SYN_REGULAR_C7,MatrixRes,GINConv,4,7,3,identity,140,1.0,1.0,1.0,1.0,2.1103561006644407e-06,123.82620072364807,89544
SYN_REGULAR_C7,MatrixRes,SAGEConv,0,7,3,identity,134,0.7410714285714286,0.7321428571428571,0.7227804813464526,0.6874999999999999,0.6176482379436493,115.24671792984009,78024
SYN_REGULAR_C7,MatrixRes,SAGEConv,1,7,3,identity,113,0.7857142857142857,0.7464285714285714,0.7420939107350257,0.7041666666666667,0.527922921521323,100.47720551490784,78024
SYN_REGULAR_C7,MatrixRes,SAGEConv,2,7,3,identity,85,0.7767857142857143,0.7714285714285715,0.7690743324762385,0.7333333333333333,0.4650119304656982,85.23981595039368,78024
SYN_REGULAR_C7,MatrixRes,SAGEConv,3,7,3,identity,100,0.7410714285714286,0.75,0.7480785107754746,0.7083333333333334,0.6319910424096243,92.18124008178711,78024
SYN_REGULAR_C7,MatrixRes,SAGEConv,4,7,3,identity,68,0.6875,0.7107142857142857,0.6821188895692324,0.6625,0.6037785070283073,75.42774748802185,78024
SYN_REGULAR_C7,Plain,GATConv,0,7,3,identity,30,0.6785714285714286,0.6714285714285714,0.6558836499744505,0.6166666666666665,0.8121809465544564,35.1488299369812,41160
SYN_REGULAR_C7,Plain,GATConv,1,7,3,identity,26,0.6517857142857143,0.6142857142857143,0.6047882232947109,0.55,0.7752441814967564,36.7250394821167,41160
SYN_REGULAR_C7,Plain,GATConv,2,7,3,identity,17,0.6607142857142857,0.6678571428571428,0.621046942234094,0.6124999999999998,0.8090955427714757,33.405449867248535,41160
SYN_REGULAR_C7,Plain,GATConv,3,7,3,identity,22,0.5892857142857143,0.5892857142857143,0.5803631789302716,0.5208333333333334,0.886059946673257,33.54561400413513,41160
SYN_REGULAR_C7,Plain,GATConv,4,7,3,identity,18,0.6160714285714286,0.6392857142857142,0.6257403815052721,0.5791666666666666,0.8853106107030596,26.250870943069458,41160
SYN_REGULAR_C7,Plain,GCNConv,0,7,3,identity,99,0.6428571428571429,0.6142857142857143,0.6090757545461377,0.55,0.8133525030953543,45.61401104927063,39624
SYN_REGULAR_C7,Plain,GCNConv,1,7,3,identity,115,0.6785714285714286,0.6107142857142858,0.5978636209728646,0.5458333333333334,0.807339186327798,50.5837242603302,39624
SYN_REGULAR_C7,Plain,GCNConv,2,7,3,identity,34,0.6339285714285714,0.6714285714285714,0.6570769865906367,0.6166666666666665,0.722156286239624,30.650919437408447,39624
SYN_REGULAR_C7,Plain,GCNConv,3,7,3,identity,35,0.6428571428571429,0.6571428571428571,0.6453201548011852,0.5999999999999999,0.7960893375532968,27.87571144104004,39624
SYN_REGULAR_C7,Plain,GCNConv,4,7,3,identity,45,0.6339285714285714,0.6071428571428571,0.5994082061799499,0.5416666666666666,0.8238220759800502,31.70710253715515,39624
SYN_REGULAR_C7,Plain,GINConv,0,7,3,identity,116,0.9821428571428571,0.9428571428571428,0.942113882590073,0.9333333333333333,0.15218001391206468,50.64323663711548,89544
SYN_REGULAR_C7,Plain,GINConv,1,7,3,identity,151,0.9732142857142857,0.9928571428571429,0.9928571428571428,0.9916666666666667,0.029420830848227653,57.36646246910095,89544
SYN_REGULAR_C7,Plain,GINConv,2,7,3,identity,73,0.9642857142857143,0.9607142857142857,0.9608771191814166,0.9541666666666666,0.07274738443749292,40.15640163421631,89544
SYN_REGULAR_C7,Plain,GINConv,3,7,3,identity,167,0.9910714285714286,0.9785714285714285,0.978641468601308,0.9749999999999999,0.0596534227752792,57.712523460388184,89544
SYN_REGULAR_C7,Plain,GINConv,4,7,3,identity,125,0.9821428571428571,0.9785714285714285,0.9787111622554662,0.9749999999999999,0.047770486825278825,56.95157170295715,89544
SYN_REGULAR_C7,Plain,SAGEConv,0,7,3,identity,14,0.5267857142857143,0.575,0.5562670144188221,0.5041666666666665,0.8806871567453657,22.44594645500183,78024
SYN_REGULAR_C7,Plain,SAGEConv,1,7,3,identity,23,0.625,0.6035714285714285,0.5725482431825981,0.5375,0.8236467020852225,22.877148151397705,78024
SYN_REGULAR_C7,Plain,SAGEConv,2,7,3,identity,31,0.5803571428571429,0.5714285714285714,0.5259260999896654,0.49999999999999994,0.8425301245280674,22.392656803131104,78024
SYN_REGULAR_C7,Plain,SAGEConv,3,7,3,identity,14,0.5714285714285714,0.55,0.5010895827432418,0.47500000000000003,0.9319119249071394,20.34359383583069,78024
SYN_REGULAR_C7,Plain,SAGEConv,4,7,3,identity,36,0.5535714285714286,0.5392857142857143,0.48847136738293206,0.46249999999999997,0.9281126567295619,24.160741090774536,78024
SYN_REGULAR_C7,VerticalRes,GATConv,0,7,3,identity,24,0.6607142857142857,0.6714285714285714,0.6346376597777157,0.6166666666666665,0.7857825517654419,39.572216510772705,41160
SYN_REGULAR_C7,VerticalRes,GATConv,1,7,3,identity,29,0.6785714285714286,0.6214285714285714,0.6153555962608296,0.5583333333333333,0.786139418397631,41.66625952720642,41160
SYN_REGULAR_C7,VerticalRes,GATConv,2,7,3,identity,23,0.6607142857142857,0.6678571428571428,0.6511447648375333,0.6124999999999998,0.7969929082053048,38.84495544433594,41160
SYN_REGULAR_C7,VerticalRes,GATConv,3,7,3,identity,18,0.6160714285714286,0.6714285714285714,0.6368112362806431,0.6166666666666665,0.835412221295493,36.074554204940796,41160
SYN_REGULAR_C7,VerticalRes,GATConv,4,7,3,identity,25,0.6339285714285714,0.6285714285714286,0.6096131892934382,0.5666666666666667,0.8748384714126587,34.99060249328613,41160
SYN_REGULAR_C7,VerticalRes,GCNConv,0,7,3,identity,37,0.6339285714285714,0.6392857142857142,0.6273821030041999,0.5791666666666666,0.7938092981066023,32.712483644485474,39624
SYN_REGULAR_C7,VerticalRes,GCNConv,1,7,3,identity,61,0.6607142857142857,0.6285714285714286,0.6152938843354756,0.5666666666666667,0.7828247666358947,45.71851587295532,39624
SYN_REGULAR_C7,VerticalRes,GCNConv,2,7,3,identity,33,0.6428571428571429,0.6785714285714286,0.6541362186579219,0.6250000000000001,0.7221198201179504,34.78769373893738,39624
SYN_REGULAR_C7,VerticalRes,GCNConv,3,7,3,identity,44,0.5625,0.6607142857142857,0.6519847456531439,0.6041666666666665,0.7789865068026951,39.07980918884277,39624
SYN_REGULAR_C7,VerticalRes,GCNConv,4,7,3,identity,64,0.6875,0.5642857142857143,0.5465230011950073,0.49166666666666664,0.8537811756134033,49.53705143928528,39624
SYN_REGULAR_C7,VerticalRes,GINConv,0,7,3,identity,82,1.0,0.9964285714285714,0.9964280133056505,0.9958333333333333,0.017136124627930776,49.316362619400024,89544
SYN_REGULAR_C7,VerticalRes,GINConv,1,7,3,identity,129,1.0,1.0,1.0,1.0,0.0025220763603491445,64.43722772598267,89544
SYN_REGULAR_C7,VerticalRes,GINConv,2,7,3,identity,133,1.0,1.0,1.0,1.0,0.002209416191492762,66.45280361175537,89544
SYN_REGULAR_C7,VerticalRes,GINConv,3,7,3,identity,112,1.0,1.0,1.0,1.0,0.003626642672211996,64.31532740592957,89544
SYN_REGULAR_C7,VerticalRes,GINConv,4,7,3,identity,47,1.0,1.0,1.0,1.0,0.0115888233030481,40.62212371826172,89544
SYN_REGULAR_C7,VerticalRes,SAGEConv,0,7,3,identity,86,0.7142857142857143,0.7392857142857143,0.7316989824121055,0.6958333333333334,0.572837940284184,53.07123374938965,78024
SYN_REGULAR_C7,VerticalRes,SAGEConv,1,7,3,identity,102,0.7857142857142857,0.725,0.7180507261121907,0.6791666666666666,0.5812696133341108,53.47366213798523,78024
SYN_REGULAR_C7,VerticalRes,SAGEConv,2,7,3,identity,85,0.7589285714285714,0.7857142857142857,0.779809628666022,0.7499999999999999,0.515449469430106,46.79448056221008,78024
SYN_REGULAR_C7,VerticalRes,SAGEConv,3,7,3,identity,144,0.7232142857142857,0.7428571428571429,0.7379630716882073,0.7000000000000001,0.6170041833605086,67.5882887840271,78024
SYN_REGULAR_C7,VerticalRes,SAGEConv,4,7,3,identity,81,0.7142857142857143,0.7214285714285714,0.7072046633574214,0.6749999999999999,0.5749897480010986,46.577805280685425,78024
SYN_REGULAR_C8,HorizontalRes,GATConv,0,8,3,identity,16,0.6171875,0.603125,0.573766497556672,0.5464285714285715,0.8667997002601624,43.00587010383606,41225
SYN_REGULAR_C8,HorizontalRes,GATConv,1,8,3,identity,12,0.6171875,0.6,0.5959927966650921,0.5428571428571428,0.9718508005142212,42.64423441886902,41225
SYN_REGULAR_C8,HorizontalRes,GATConv,2,8,3,identity,22,0.5625,0.621875,0.5912920778589008,0.5678571428571428,0.8839544892311096,50.321165800094604,41225
SYN_REGULAR_C8,HorizontalRes,GATConv,3,8,3,identity,28,0.578125,0.571875,0.5737608166006669,0.5107142857142858,0.8775322198867798,55.39398789405823,41225
SYN_REGULAR_C8,HorizontalRes,GATConv,4,8,3,identity,33,0.6484375,0.6,0.5867421804808994,0.5428571428571428,0.8524609088897706,55.502358198165894,41225
SYN_REGULAR_C8,HorizontalRes,GCNConv,0,8,3,identity,23,0.578125,0.575,0.5553101374046325,0.5142857142857142,0.9602132797241211,41.40097188949585,39689
SYN_REGULAR_C8,HorizontalRes,GCNConv,1,8,3,identity,15,0.59375,0.553125,0.5208994391333652,0.48928571428571427,1.0332932949066163,36.758228063583374,39689
SYN_REGULAR_C8,HorizontalRes,GCNConv,2,8,3,identity,19,0.53125,0.59375,0.5824386658060646,0.5357142857142857,0.8979394912719727,36.49120092391968,39689
SYN_REGULAR_C8,HorizontalRes,GCNConv,3,8,3,identity,12,0.5078125,0.5,0.488587464329103,0.42857142857142855,1.0595333337783814,37.04983615875244,39689
SYN_REGULAR_C8,HorizontalRes,GCNConv,4,8,3,identity,12,0.6171875,0.565625,0.5551911912804681,0.5035714285714287,0.9622509717941284,36.24082565307617,39689
SYN_REGULAR_C8,HorizontalRes,GINConv,0,8,3,identity,163,1.0,0.99375,0.99375,0.9928571428571429,0.012921903654932976,93.24648451805115,89609
SYN_REGULAR_C8,HorizontalRes,GINConv,1,8,3,identity,82,0.984375,0.9625,0.9625361384591342,0.9571428571428572,0.10156735926866531,69.56656527519226,89609
SYN_REGULAR_C8,HorizontalRes,GINConv,2,8,3,identity,128,0.9921875,0.9875,0.9874599546804188,0.9857142857142858,0.055390318296849726,91.79635453224182,89609
SYN_REGULAR_C8,HorizontalRes,GINConv,3,8,3,identity,107,0.9765625,0.9875,0.9875,0.9857142857142858,0.03958258181810379,79.12479972839355,89609
SYN_REGULAR_C8,HorizontalRes,GINConv,4,8,3,identity,107,0.9921875,0.984375,0.9844491927825261,0.9821428571428571,0.03293036222457886,79.131911277771,89609
SYN_REGULAR_C8,HorizontalRes,SAGEConv,0,8,3,identity,31,0.5625,0.509375,0.4794429291416147,0.43928571428571433,1.0160830974578858,41.371495485305786,78089
SYN_REGULAR_C8,HorizontalRes,SAGEConv,1,8,3,identity,52,0.6171875,0.6,0.5948227332989243,0.5428571428571428,0.8643682956695556,47.60200762748718,78089
SYN_REGULAR_C8,HorizontalRes,SAGEConv,2,8,3,identity,18,0.59375,0.603125,0.5951298611578094,0.5464285714285715,0.9100285530090332,36.88490700721741,78089
SYN_REGULAR_C8,HorizontalRes,SAGEConv,3,8,3,identity,30,0.546875,0.540625,0.5174475196783881,0.47500000000000003,1.0058818817138673,38.9996600151062,78089
SYN_REGULAR_C8,HorizontalRes,SAGEConv,4,8,3,identity,31,0.6328125,0.678125,0.6541308215205274,0.6321428571428571,0.764447021484375,38.529964208602905,78089
SYN_REGULAR_C8,MatrixResGated,GATConv,0,8,3,sparse,57,0.703125,0.625,0.617251963906084,0.5714285714285714,0.8613950967788696,106.078293800354,41225
SYN_REGULAR_C8,MatrixResGated,GATConv,1,8,3,sparse,76,0.6875,0.6625,0.6537714650181533,0.6142857142857142,0.868314528465271,124.9732882976532,41225
SYN_REGULAR_C8,MatrixResGated,GATConv,2,8,3,sparse,42,0.6171875,0.65,0.6400725013400766,0.6,0.7266412734985351,96.86432313919067,41225
SYN_REGULAR_C8,MatrixResGated,GATConv,3,8,3,sparse,38,0.625,0.6125,0.6128323426041189,0.5571428571428572,0.8443666696548462,93.33113408088684,41225
SYN_REGULAR_C8,MatrixResGated,GATConv,4,8,3,sparse,71,0.6953125,0.621875,0.6133109346838174,0.5678571428571428,0.821359658241272,117.12595415115356,41225
SYN_REGULAR_C8,MatrixResGated,GCNConv,0,8,3,sparse,39,0.5859375,0.596875,0.580465365473124,0.5392857142857144,0.9729231357574463,80.43816566467285,39689
SYN_REGULAR_C8,MatrixResGated,GCNConv,1,8,3,sparse,51,0.640625,0.56875,0.5470334855109882,0.5071428571428571,0.9757451772689819,84.56968212127686,39689
SYN_REGULAR_C8,MatrixResGated,GCNConv,2,8,3,sparse,47,0.53125,0.615625,0.6011437180809773,0.5607142857142857,0.8949762344360351,82.09872603416443,39689
SYN_REGULAR_C8,MatrixResGated,GCNConv,3,8,3,sparse,39,0.609375,0.5375,0.5266333650244377,0.4714285714285714,0.9983498096466065,81.5723569393158,39689
SYN_REGULAR_C8,MatrixResGated,GCNConv,4,8,3,sparse,58,0.5703125,0.55625,0.540796317245908,0.4928571428571429,0.9035771489143372,99.26774263381958,39689
SYN_REGULAR_C8,MatrixResGated,GINConv,0,8,3,sparse,161,1.0,1.0,1.0,1.0,6.3231010130948565e-06,156.6812264919281,89609
SYN_REGULAR_C8,MatrixResGated,GINConv,1,8,3,sparse,206,1.0,1.0,1.0,1.0,1.4941027757231495e-06,162.0422568321228,89609
SYN_REGULAR_C8,MatrixResGated,GINConv,2,8,3,sparse,177,1.0,1.0,1.0,1.0,1.2438679732440506e-06,149.39771485328674,89609
SYN_REGULAR_C8,MatrixResGated,GINConv,3,8,3,sparse,121,1.0,1.0,1.0,1.0,1.9006209640792805e-06,126.33432245254517,89609
SYN_REGULAR_C8,MatrixResGated,GINConv,4,8,3,sparse,177,1.0,1.0,1.0,1.0,9.868143251878791e-07,62.936487674713135,89609
SYN_REGULAR_C8,MatrixResGated,SAGEConv,0,8,3,sparse,116,0.7734375,0.746875,0.7421282299718254,0.7107142857142856,0.6146603465080261,126.20253539085388,78089
SYN_REGULAR_C8,MatrixResGated,SAGEConv,1,8,3,sparse,137,0.7421875,0.76875,0.7684945269155796,0.7357142857142858,0.6504199624061584,139.78654980659485,78089
SYN_REGULAR_C8,MatrixResGated,SAGEConv,2,8,3,sparse,85,0.6953125,0.746875,0.7420980185380965,0.7107142857142856,0.5692979037761688,104.04107284545898,78089
SYN_REGULAR_C8,MatrixResGated,SAGEConv,3,8,3,sparse,100,0.75,0.7125,0.7147086583207708,0.6714285714285715,0.6448323845863342,111.60575675964355,78089
SYN_REGULAR_C8,MatrixResGated,SAGEConv,4,8,3,sparse,67,0.71875,0.73125,0.7260647723209893,0.6928571428571428,0.6347727060317994,91.25117039680481,78089
SYN_REGULAR_C8,MatrixRes,GATConv,0,8,3,identity,91,0.6640625,0.603125,0.5992305236189395,0.5464285714285715,0.972760009765625,129.5370843410492,41225
SYN_REGULAR_C8,MatrixRes,GATConv,1,8,3,identity,51,0.6171875,0.621875,0.6199770472758979,0.5678571428571428,0.8465653419494629,104.85647821426392,41225
SYN_REGULAR_C8,MatrixRes,GATConv,2,8,3,identity,32,0.6015625,0.628125,0.6185320075507227,0.5750000000000001,0.7618760704994202,86.10483980178833,41225
SYN_REGULAR_C8,MatrixRes,GATConv,3,8,3,identity,53,0.625,0.63125,0.6300003330542538,0.5785714285714285,0.8786381959915162,99.7684473991394,41225
SYN_REGULAR_C8,MatrixRes,GATConv,4,8,3,identity,40,0.6640625,0.634375,0.6345896885496197,0.5821428571428572,0.7656548261642456,88.8851010799408,41225
SYN_REGULAR_C8,MatrixRes,GCNConv,0,8,3,identity,39,0.578125,0.6,0.5840063915732039,0.5428571428571428,0.9526544094085694,79.23772716522217,39689
SYN_REGULAR_C8,MatrixRes,GCNConv,1,8,3,identity,55,0.6171875,0.58125,0.5798876770249837,0.5214285714285715,0.9936433553695678,89.06748414039612,39689
SYN_REGULAR_C8,MatrixRes,GCNConv,2,8,3,identity,25,0.53125,0.609375,0.5822982082309294,0.5535714285714286,0.9087822556495666,67.1955497264862,39689
SYN_REGULAR_C8,MatrixRes,GCNConv,3,8,3,identity,24,0.5625,0.53125,0.5266329200358233,0.4642857142857143,1.0054921150207519,68.60057401657104,39689
SYN_REGULAR_C8,MatrixRes,GCNConv,4,8,3,identity,57,0.578125,0.56875,0.5618496298903827,0.5071428571428571,0.8950783133506774,96.12521982192993,39689
SYN_REGULAR_C8,MatrixRes,GINConv,0,8,3,identity,182,1.0,1.0,1.0,1.0,1.1629391678980027e-06,150.75456833839417,89609
SYN_REGULAR_C8,MatrixRes,GINConv,1,8,3,identity,231,1.0,1.0,1.0,1.0,3.3824953646899305e-07,158.6527807712555,89609
SYN_REGULAR_C8,MatrixRes,GINConv,2,8,3,identity,227,1.0,1.0,1.0,1.0,7.52508171331101e-08,157.86269164085388,89609
SYN_REGULAR_C8,MatrixRes,GINConv,3,8,3,identity,184,1.0,1.0,1.0,1.0,2.3655540530853615e-07,150.0829074382782,89609
SYN_REGULAR_C8,MatrixRes,GINConv,4,8,3,identity,231,1.0,1.0,1.0,1.0,7.115294806681049e-08,161.3307101726532,89609
SYN_REGULAR_C8,MatrixRes,SAGEConv,0,8,3,identity,129,0.8046875,0.765625,0.763392734432571,0.7321428571428571,0.5699109554290771,134.87953925132751,78089
SYN_REGULAR_C8,MatrixRes,SAGEConv,1,8,3,identity,72,0.765625,0.73125,0.729475218906983,0.6928571428571428,0.6491212129592896,95.91895389556885,78089
SYN_REGULAR_C8,MatrixRes,SAGEConv,2,8,3,identity,122,0.71875,0.775,0.7712484416684404,0.7428571428571429,0.5056671500205994,122.17660975456238,78089
SYN_REGULAR_C8,MatrixRes,SAGEConv,3,8,3,identity,128,0.7734375,0.7625,0.7596635645491677,0.7285714285714285,0.6056134939193726,125.32829976081848,78089
SYN_REGULAR_C8,MatrixRes,SAGEConv,4,8,3,identity,114,0.7421875,0.775,0.7707199796368365,0.7428571428571429,0.5321648359298706,120.05446434020996,78089
SYN_REGULAR_C8,Plain,GATConv,0,8,3,identity,11,0.5625,0.546875,0.525397186911625,0.48214285714285715,1.0492718696594239,33.088558197021484,41225
SYN_REGULAR_C8,Plain,GATConv,1,8,3,identity,14,0.5859375,0.58125,0.5756268076774516,0.5214285714285715,1.0174345135688783,34.48868489265442,41225
SYN_REGULAR_C8,Plain,GATConv,2,8,3,identity,19,0.5234375,0.56875,0.548161778282888,0.5071428571428571,1.0325129985809327,36.38481163978577,41225
SYN_REGULAR_C8,Plain,GATConv,3,8,3,identity,15,0.515625,0.5,0.48998779150667493,0.42857142857142855,1.0514899253845216,34.65020394325256,41225
SYN_REGULAR_C8,Plain,GATConv,4,8,3,identity,11,0.640625,0.540625,0.5239573016176107,0.47500000000000003,1.041786551475525,33.01295351982117,41225
SYN_REGULAR_C8,Plain,GCNConv,0,8,3,identity,45,0.609375,0.615625,0.5999837935190259,0.5607142857142857,0.9570705652236938,37.41220283508301,39689
SYN_REGULAR_C8,Plain,GCNConv,1,8,3,identity,54,0.6484375,0.559375,0.5475449439787008,0.4964285714285714,0.977518630027771,41.31175398826599,39689
SYN_REGULAR_C8,Plain,GCNConv,2,8,3,identity,26,0.546875,0.59375,0.5670989978858995,0.5357142857142857,0.8965536594390869,31.396981716156006,39689
SYN_REGULAR_C8,Plain,GCNConv,3,8,3,identity,45,0.546875,0.525,0.5196685241053025,0.4571428571428572,0.9964986324310303,39.64489531517029,39689
SYN_REGULAR_C8,Plain,GCNConv,4,8,3,identity,46,0.5703125,0.5625,0.5398990177982734,0.5,0.9032786846160888,41.24173021316528,39689
SYN_REGULAR_C8,Plain,GINConv,0,8,3,identity,199,0.9921875,0.99375,0.9937460913070669,0.9928571428571429,0.023748224973678587,67.9918155670166,89609
SYN_REGULAR_C8,Plain,GINConv,1,8,3,identity,120,0.984375,0.9625,0.9623939346323067,0.9571428571428572,0.07738897204399109,62.11805462837219,89609
SYN_REGULAR_C8,Plain,GINConv,2,8,3,identity,107,0.9921875,0.98125,0.981193565543159,0.9785714285714285,0.05957009643316269,61.40525507926941,89609
SYN_REGULAR_C8,Plain,GINConv,3,8,3,identity,165,0.984375,0.990625,0.990537879765522,0.9892857142857142,0.0341762175783515,69.02048683166504,89609
SYN_REGULAR_C8,Plain,GINConv,4,8,3,identity,134,0.9921875,0.984375,0.9843654071006519,0.9821428571428571,0.04210181683301926,68.011394739151,89609
SYN_REGULAR_C8,Plain,SAGEConv,0,8,3,identity,17,0.5703125,0.553125,0.5205111378329786,0.48928571428571427,0.9981886863708496,27.12826371192932,78089
SYN_REGULAR_C8,Plain,SAGEConv,1,8,3,identity,15,0.5859375,0.58125,0.5711634108510828,0.5214285714285715,0.9609976530075073,22.49189519882202,78089
SYN_REGULAR_C8,Plain,SAGEConv,2,8,3,identity,20,0.5703125,0.5625,0.5358090828840762,0.5,0.9099928617477417,24.450597286224365,78089
SYN_REGULAR_C8,Plain,SAGEConv,3,8,3,identity,18,0.5703125,0.50625,0.47645075707026036,0.43571428571428567,1.0642866134643554,24.701433658599854,78089
SYN_REGULAR_C8,Plain,SAGEConv,4,8,3,identity,25,0.5703125,0.6375,0.630917460036535,0.5857142857142856,0.8087610960006714,26.736040115356445,78089
SYN_REGULAR_C8,VerticalRes,GATConv,0,8,3,identity,18,0.59375,0.575,0.5589368644859631,0.5142857142857142,1.0188732624053956,42.579864501953125,41225
SYN_REGULAR_C8,VerticalRes,GATConv,1,8,3,identity,20,0.5859375,0.578125,0.5727963360356356,0.5178571428571429,0.9503559350967408,43.27766299247742,41225
SYN_REGULAR_C8,VerticalRes,GATConv,2,8,3,identity,26,0.5703125,0.58125,0.5705854521021747,0.5214285714285715,0.9174008846282959,44.87873840332031,41225
SYN_REGULAR_C8,VerticalRes,GATConv,3,8,3,identity,22,0.5625,0.559375,0.5521127484951194,0.4964285714285714,0.9239847660064697,45.478946924209595,41225
SYN_REGULAR_C8,VerticalRes,GATConv,4,8,3,identity,22,0.609375,0.55625,0.5310122565227513,0.4928571428571429,0.9666418075561524,45.41995096206665,41225
SYN_REGULAR_C8,VerticalRes,GCNConv,0,8,3,identity,36,0.5625,0.584375,0.5714400380707516,0.525,0.943846321105957,43.37981939315796,39689
SYN_REGULAR_C8,VerticalRes,GCNConv,1,8,3,identity,60,0.640625,0.58125,0.5708142144937417,0.5214285714285715,0.9750885128974914,51.8915057182312,39689
SYN_REGULAR_C8,VerticalRes,GCNConv,2,8,3,identity,25,0.5,0.6125,0.5776178044020819,0.5571428571428572,0.9095172166824341,37.26337814331055,39689
SYN_REGULAR_C8,VerticalRes,GCNConv,3,8,3,identity,46,0.6015625,0.525,0.5201306158271704,0.4571428571428572,0.9935761451721191,47.5819616317749,39689
SYN_REGULAR_C8,VerticalRes,GCNConv,4,8,3,identity,58,0.5859375,0.575,0.5726727976792152,0.5142857142857142,0.9004250407218933,54.34846258163452,39689
SYN_REGULAR_C8,VerticalRes,GINConv,0,8,3,identity,119,1.0,1.0,1.0,1.0,0.004257573140785098,72.17391920089722,89609
SYN_REGULAR_C8,VerticalRes,GINConv,1,8,3,identity,84,1.0,1.0,1.0,1.0,0.004387019854038954,64.99729037284851,89609
SYN_REGULAR_C8,VerticalRes,GINConv,2,8,3,identity,70,1.0,1.0,1.0,1.0,0.006738542299717665,55.59328866004944,89609
SYN_REGULAR_C8,VerticalRes,GINConv,3,8,3,identity,154,1.0,1.0,1.0,1.0,0.0021563827991485595,82.87575888633728,89609
SYN_REGULAR_C8,VerticalRes,GINConv,4,8,3,identity,74,1.0,1.0,1.0,1.0,0.006821607332676649,57.204097747802734,89609
SYN_REGULAR_C8,VerticalRes,SAGEConv,0,8,3,identity,75,0.75,0.7125,0.7065134010664834,0.6714285714285715,0.6758389830589294,58.80585336685181,78089
SYN_REGULAR_C8,VerticalRes,SAGEConv,1,8,3,identity,80,0.71875,0.715625,0.7121891473640556,0.6749999999999999,0.7035010457038879,52.37386965751648,78089
SYN_REGULAR_C8,VerticalRes,SAGEConv,2,8,3,identity,88,0.640625,0.7375,0.7314664826188342,0.7000000000000001,0.5887547612190247,56.43738007545471,78089
SYN_REGULAR_C8,VerticalRes,SAGEConv,3,8,3,identity,65,0.6484375,0.6875,0.6572400974841586,0.6428571428571429,0.6781119346618653,48.863064765930176,78089
SYN_REGULAR_C8,VerticalRes,SAGEConv,4,8,3,identity,66,0.6953125,0.721875,0.7132857825990166,0.6821428571428572,0.6151931524276734,49.50601840019226,78089
SYN_SBM_C2,HorizontalRes,GATConv,0,2,3,identity,184,1.0,0.9875,0.9874980465697765,0.9750000000000001,0.02894389070570469,45.988694190979004,40835
SYN_SBM_C2,HorizontalRes,GATConv,1,2,3,identity,106,0.96875,0.95,0.949874686716792,0.8999999999999999,0.08213933557271957,39.993544816970825,40835
SYN_SBM_C2,HorizontalRes,GATConv,2,2,3,identity,80,1.0,0.975,0.9749843652282677,0.95,0.05787106230854988,33.13006925582886,40835
SYN_SBM_C2,HorizontalRes,GATConv,3,2,3,identity,173,1.0,0.9625,0.9624941397093296,0.925,0.11221196502447128,43.938254594802856,40835
SYN_SBM_C2,HorizontalRes,GATConv,4,2,3,identity,184,1.0,1.0,1.0,1.0,0.013087439350783825,42.044808864593506,40835
SYN_SBM_C2,HorizontalRes,GCNConv,0,2,3,identity,121,1.0,0.975,0.9749843652282677,0.95,0.08518636971712112,32.8336136341095,39299
SYN_SBM_C2,HorizontalRes,GCNConv,1,2,3,identity,65,1.0,1.0,1.0,1.0,0.011304312385618687,23.464802265167236,39299
SYN_SBM_C2,HorizontalRes,GCNConv,2,2,3,identity,45,0.9375,0.95,0.949874686716792,0.8999999999999999,0.09087834507226944,19.725353479385376,39299
SYN_SBM_C2,HorizontalRes,GCNConv,3,2,3,identity,79,1.0,0.975,0.975,0.95,0.10241816937923431,24.667534351348877,39299
SYN_SBM_C2,HorizontalRes,GCNConv,4,2,3,identity,79,1.0,1.0,1.0,1.0,0.0012035176623612642,25.46047854423523,39299
SYN_SBM_C2,HorizontalRes,GINConv,0,2,3,identity,37,1.0,0.975,0.975,0.95,0.06245723366737366,18.722968816757202,89219
SYN_SBM_C2,HorizontalRes,GINConv,1,2,3,identity,135,1.0,0.9625,0.9624471913628541,0.925,0.21577522158622742,34.86448931694031,89219
SYN_SBM_C2,HorizontalRes,GINConv,2,2,3,identity,40,1.0,0.9875,0.9874980465697765,0.9750000000000001,0.0931507796049118,18.98311495780945,89219
SYN_SBM_C2,HorizontalRes,GINConv,3,2,3,identity,72,1.0,0.975,0.975,0.95,0.22000865638256073,24.50727939605713,89219
SYN_SBM_C2,HorizontalRes,GINConv,4,2,3,identity,87,1.0,0.9875,0.9874980465697765,0.9750000000000001,0.02721884474158287,26.770503997802734,89219
SYN_SBM_C2,HorizontalRes,SAGEConv,0,2,3,identity,85,1.0,0.975,0.9749843652282677,0.95,0.13827916979789734,28.248708724975586,77699
SYN_SBM_C2,HorizontalRes,SAGEConv,1,2,3,identity,104,1.0,0.9875,0.9874980465697765,0.9750000000000001,0.03616971895098686,31.351786613464355,77699
SYN_SBM_C2,HorizontalRes,SAGEConv,2,2,3,identity,79,0.96875,0.975,0.9749843652282677,0.95,0.055279266089200974,24.550010681152344,77699
SYN_SBM_C2,HorizontalRes,SAGEConv,3,2,3,identity,190,1.0,0.95,0.9500000000000001,0.8999999999999999,0.180643230676651,34.30928421020508,77699
SYN_SBM_C2,HorizontalRes,SAGEConv,4,2,3,identity,97,0.96875,0.9875,0.9874980465697765,0.9750000000000001,0.025459283962845802,27.536623001098633,77699
SYN_SBM_C2,MatrixResGated,GATConv,0,2,3,sparse,97,1.0,0.9375,0.9372549019607843,0.875,0.2202053964138031,54.66471719741821,40835
SYN_SBM_C2,MatrixResGated,GATConv,1,2,3,sparse,48,0.9375,0.925,0.9248120300751879,0.8500000000000001,0.17248359322547913,39.84101438522339,40835
SYN_SBM_C2,MatrixResGated,GATConv,2,2,3,sparse,44,0.9375,0.9625,0.9624941397093296,0.925,0.09992499649524689,38.74868559837341,40835
SYN_SBM_C2,MatrixResGated,GATConv,3,2,3,sparse,111,1.0,0.9625,0.9624941397093296,0.925,0.1518181413412094,57.8141086101532,40835
SYN_SBM_C2,MatrixResGated,GATConv,4,2,3,sparse,130,1.0,0.975,0.975,0.95,0.04166644811630249,63.40868020057678,40835
SYN_SBM_C2,MatrixResGated,GCNConv,0,2,3,sparse,176,1.0,0.975,0.9749843652282677,0.95,0.05073735862970352,62.28057146072388,39299
SYN_SBM_C2,MatrixResGated,GCNConv,1,2,3,sparse,100,1.0,1.0,1.0,1.0,0.005809851922094822,48.69374680519104,39299
SYN_SBM_C2,MatrixResGated,GCNConv,2,2,3,sparse,20,0.90625,0.9125,0.912156862745098,0.825,0.1919187605381012,27.31529951095581,39299
SYN_SBM_C2,MatrixResGated,GCNConv,3,2,3,sparse,53,0.96875,0.95,0.9499687304565354,0.8999999999999999,0.20410433411598206,35.18246531486511,39299
SYN_SBM_C2,MatrixResGated,GCNConv,4,2,3,sparse,68,1.0,0.975,0.975,0.95,0.03574945032596588,40.93131709098816,39299
SYN_SBM_C2,MatrixResGated,GINConv,0,2,3,sparse,44,1.0,0.9625,0.9624941397093296,0.925,0.10890538990497589,33.868698596954346,89219
SYN_SBM_C2,MatrixResGated,GINConv,1,2,3,sparse,71,1.0,0.975,0.9749843652282677,0.95,0.14077171683311462,40.13113260269165,89219
SYN_SBM_C2,MatrixResGated,GINConv,2,2,3,sparse,19,0.9375,1.0,1.0,1.0,0.04343048483133316,25.465128660202026,89219
SYN_SBM_C2,MatrixResGated,GINConv,3,2,3,sparse,67,1.0,0.9875,0.9874980465697765,0.9750000000000001,0.10791154205799103,38.100361585617065,89219
SYN_SBM_C2,MatrixResGated,GINConv,4,2,3,sparse,78,1.0,1.0,1.0,1.0,0.0039240578189492226,38.891024589538574,89219
SYN_SBM_C2,MatrixResGated,SAGEConv,0,2,3,sparse,180,1.0,0.975,0.9749843652282677,0.95,0.18175232410430908,62.8551926612854,77699
SYN_SBM_C2,MatrixResGated,SAGEConv,1,2,3,sparse,95,0.9375,0.9875,0.9874980465697765,0.9750000000000001,0.03321786969900131,48.58808922767639,77699
SYN_SBM_C2,MatrixResGated,SAGEConv,2,2,3,sparse,32,0.9375,0.9375,0.9374902328488826,0.875,0.11713074147701263,28.638965129852295,77699
SYN_SBM_C2,MatrixResGated,SAGEConv,3,2,3,sparse,133,1.0,0.9375,0.9374902328488826,0.875,0.301774799823761,54.74773192405701,77699
SYN_SBM_C2,MatrixResGated,SAGEConv,4,2,3,sparse,135,1.0,1.0,1.0,1.0,0.016565551981329918,53.909878969192505,77699
SYN_SBM_C2,MatrixRes,GATConv,0,2,3,identity,98,1.0,0.9625,0.9624471913628541,0.925,0.14863626658916473,55.5539984703064,40835
SYN_SBM_C2,MatrixRes,GATConv,1,2,3,identity,87,0.9375,0.9375,0.9374119856047567,0.875,0.10239879786968231,51.918500661849976,40835
SYN_SBM_C2,MatrixRes,GATConv,2,2,3,identity,130,0.96875,0.975,0.975,0.95,0.028330419212579727,64.98453164100647,40835
SYN_SBM_C2,MatrixRes,GATConv,3,2,3,identity,125,1.0,0.9625,0.9624941397093296,0.925,0.1419404298067093,61.086559534072876,40835
SYN_SBM_C2,MatrixRes,GATConv,4,2,3,identity,117,1.0,0.975,0.9749843652282677,0.95,0.06436650454998016,58.51161289215088,40835
SYN_SBM_C2,MatrixRes,GCNConv,0,2,3,identity,161,1.0,0.975,0.9749843652282677,0.95,0.04847469925880432,61.59118962287903,39299
SYN_SBM_C2,MatrixRes,GCNConv,1,2,3,identity,111,0.96875,1.0,1.0,1.0,0.012118270620703697,50.57320499420166,39299
SYN_SBM_C2,MatrixRes,GCNConv,2,2,3,identity,20,0.90625,0.95,0.9499687304565354,0.8999999999999999,0.17328986525535583,27.025321006774902,39299
SYN_SBM_C2,MatrixRes,GCNConv,3,2,3,identity,91,0.96875,0.9625,0.9624941397093296,0.925,0.16206520795822144,45.9332115650177,39299
SYN_SBM_C2,MatrixRes,GCNConv,4,2,3,identity,77,1.0,1.0,1.0,1.0,0.014290189370512962,41.39405274391174,39299
SYN_SBM_C2,MatrixRes,GINConv,0,2,3,identity,24,0.96875,0.975,0.9749843652282677,0.95,0.09324536472558975,28.690990447998047,89219
SYN_SBM_C2,MatrixRes,GINConv,1,2,3,identity,68,1.0,0.9375,0.9372549019607843,0.875,0.4349370002746582,39.995046615600586,89219
SYN_SBM_C2,MatrixRes,GINConv,2,2,3,identity,18,0.96875,0.9875,0.9874980465697765,0.9750000000000001,0.03495556116104126,23.844566345214844,89219
SYN_SBM_C2,MatrixRes,GINConv,3,2,3,identity,52,1.0,0.9625,0.9624941397093296,0.925,0.1620878428220749,33.39986252784729,89219
SYN_SBM_C2,MatrixRes,GINConv,4,2,3,identity,55,1.0,1.0,1.0,1.0,0.01233691070228815,36.33344745635986,89219
SYN_SBM_C2,MatrixRes,SAGEConv,0,2,3,identity,172,1.0,0.975,0.9749843652282677,0.95,0.18501730263233185,63.399709939956665,77699
SYN_SBM_C2,MatrixRes,SAGEConv,1,2,3,identity,79,0.9375,1.0,1.0,1.0,0.021773505955934525,42.59339761734009,77699
SYN_SBM_C2,MatrixRes,SAGEConv,2,2,3,identity,84,0.9375,0.9875,0.9874980465697765,0.9750000000000001,0.023504162207245827,41.49167037010193,77699
SYN_SBM_C2,MatrixRes,SAGEConv,3,2,3,identity,157,1.0,0.9625,0.9624941397093296,0.925,0.24559848010540009,56.367587089538574,77699
SYN_SBM_C2,MatrixRes,SAGEConv,4,2,3,identity,106,1.0,0.9875,0.9874980465697765,0.9750000000000001,0.01487923227250576,46.39576554298401,77699
SYN_SBM_C2,Plain,GATConv,0,2,3,identity,80,0.96875,0.925,0.9248120300751879,0.8500000000000001,0.13632670044898987,24.141767978668213,40835
SYN_SBM_C2,Plain,GATConv,1,2,3,identity,183,0.96875,0.9625,0.9624471913628541,0.925,0.0882006511092186,34.422041177749634,40835
SYN_SBM_C2,Plain,GATConv,2,2,3,identity,59,0.96875,0.95,0.9500000000000001,0.8999999999999999,0.1311391294002533,20.99213433265686,40835
SYN_SBM_C2,Plain,GATConv,3,2,3,identity,155,1.0,0.975,0.975,0.95,0.11820478737354279,32.90853667259216,40835
SYN_SBM_C2,Plain,GATConv,4,2,3,identity,107,1.0,0.9625,0.9624941397093296,0.925,0.07563222944736481,26.469087839126587,40835
SYN_SBM_C2,Plain,GCNConv,0,2,3,identity,107,1.0,0.975,0.9749843652282677,0.95,0.05565198138356209,23.965052843093872,39299
SYN_SBM_C2,Plain,GCNConv,1,2,3,identity,119,1.0,1.0,1.0,1.0,0.0012729741865769029,23.797271013259888,39299
SYN_SBM_C2,Plain,GCNConv,2,2,3,identity,28,0.875,0.9625,0.9624941397093296,0.925,0.07450108975172043,11.784425258636475,39299
SYN_SBM_C2,Plain,GCNConv,3,2,3,identity,150,0.96875,0.9625,0.9624941397093296,0.925,0.15645137429237366,26.25483751296997,39299
SYN_SBM_C2,Plain,GCNConv,4,2,3,identity,86,1.0,1.0,1.0,1.0,0.002884251531213522,20.2472882270813,39299
SYN_SBM_C2,Plain,GINConv,0,2,3,identity,48,1.0,0.9625,0.9624941397093296,0.925,0.1891285926103592,13.670210123062134,89219
SYN_SBM_C2,Plain,GINConv,1,2,3,identity,73,1.0,0.9875,0.9874980465697765,0.9750000000000001,0.011968166567385197,15.003896236419678,89219
SYN_SBM_C2,Plain,GINConv,2,2,3,identity,40,1.0,0.975,0.975,0.95,0.03880596160888672,11.272451639175415,89219
SYN_SBM_C2,Plain,GINConv,3,2,3,identity,65,1.0,0.9625,0.9624471913628541,0.925,0.42881807684898376,15.218876600265503,89219
SYN_SBM_C2,Plain,GINConv,4,2,3,identity,77,1.0,1.0,1.0,1.0,0.002666153945028782,15.898716688156128,89219
SYN_SBM_C2,Plain,SAGEConv,0,2,3,identity,57,1.0,0.975,0.9749843652282677,0.95,0.15429392457008362,15.321223735809326,77699
SYN_SBM_C2,Plain,SAGEConv,1,2,3,identity,87,1.0,1.0,1.0,1.0,0.01136653684079647,16.858701944351196,77699
SYN_SBM_C2,Plain,SAGEConv,2,2,3,identity,81,0.9375,0.9875,0.9874980465697765,0.9750000000000001,0.03899611160159111,15.514654874801636,77699
SYN_SBM_C2,Plain,SAGEConv,3,2,3,identity,189,1.0,0.9625,0.9624941397093296,0.925,0.17195959389209747,23.14236617088318,77699
SYN_SBM_C2,Plain,SAGEConv,4,2,3,identity,151,1.0,1.0,1.0,1.0,0.0038362410850822926,22.64088273048401,77699
SYN_SBM_C2,VerticalRes,GATConv,0,2,3,identity,150,0.96875,0.95,0.949874686716792,0.8999999999999999,0.13660532236099243,41.16778588294983,40835
SYN_SBM_C2,VerticalRes,GATConv,1,2,3,identity,131,1.0,1.0,1.0,1.0,0.008434484712779522,38.5308620929718,40835
SYN_SBM_C2,VerticalRes,GATConv,2,2,3,identity,57,0.96875,0.9875,0.9874980465697765,0.9750000000000001,0.0507672056555748,25.14160394668579,40835
SYN_SBM_C2,VerticalRes,GATConv,3,2,3,identity,176,1.0,0.9625,0.9624941397093296,0.925,0.1408778727054596,39.09318208694458,40835
SYN_SBM_C2,VerticalRes,GATConv,4,2,3,identity,106,1.0,0.9875,0.9874980465697765,0.9750000000000001,0.04751509055495262,31.53900980949402,40835
SYN_SBM_C2,VerticalRes,GCNConv,0,2,3,identity,194,1.0,0.975,0.9749843652282677,0.95,0.03291481360793114,31.094234228134155,39299
SYN_SBM_C2,VerticalRes,GCNConv,1,2,3,identity,69,1.0,0.9875,0.9874980465697765,0.9750000000000001,0.02243959531188011,20.940561771392822,39299
SYN_SBM_C2,VerticalRes,GCNConv,2,2,3,identity,28,0.875,0.9625,0.9624941397093296,0.925,0.0760473757982254,13.805510997772217,39299
SYN_SBM_C2,VerticalRes,GCNConv,3,2,3,identity,89,1.0,0.9625,0.9624941397093296,0.925,0.15895238518714905,23.83011031150818,39299
SYN_SBM_C2,VerticalRes,GCNConv,4,2,3,identity,109,1.0,1.0,1.0,1.0,0.010018771514296532,29.44978642463684,39299
SYN_SBM_C2,VerticalRes,GINConv,0,2,3,identity,48,1.0,0.9625,0.9624941397093296,0.925,0.09289492666721344,18.64007568359375,89219
SYN_SBM_C2,VerticalRes,GINConv,1,2,3,identity,77,1.0,0.9875,0.9874980465697765,0.9750000000000001,0.04805348441004753,21.47292923927307,89219
SYN_SBM_C2,VerticalRes,GINConv,2,2,3,identity,40,1.0,0.9875,0.9874980465697765,0.9750000000000001,0.02637951634824276,15.848201751708984,89219
SYN_SBM_C2,VerticalRes,GINConv,3,2,3,identity,151,1.0,0.975,0.9749843652282677,0.95,0.21157190203666687,29.814915657043457,89219
SYN_SBM_C2,VerticalRes,GINConv,4,2,3,identity,47,1.0,1.0,1.0,1.0,0.0007015051087364554,17.47745966911316,89219
SYN_SBM_C2,VerticalRes,SAGEConv,0,2,3,identity,155,1.0,0.975,0.9749843652282677,0.95,0.13932465016841888,31.680243015289307,77699
SYN_SBM_C2,VerticalRes,SAGEConv,1,2,3,identity,83,0.96875,0.9875,0.9874980465697765,0.9750000000000001,0.029226332902908325,24.984976291656494,77699
SYN_SBM_C2,VerticalRes,SAGEConv,2,2,3,identity,81,1.0,1.0,1.0,1.0,0.010738760232925415,21.304119110107422,77699
SYN_SBM_C2,VerticalRes,SAGEConv,3,2,3,identity,191,1.0,0.9625,0.9624941397093296,0.925,0.20943565666675568,27.675734281539917,77699
SYN_SBM_C2,VerticalRes,SAGEConv,4,2,3,identity,150,1.0,1.0,1.0,1.0,0.001987384632229805,29.9891197681427,77699
SYN_SBM_C3,HorizontalRes,GATConv,0,3,3,identity,70,0.9166666666666666,0.9166666666666666,0.916931160745539,0.8749999999999998,0.19896534085273743,31.685567617416382,40900
SYN_SBM_C3,HorizontalRes,GATConv,1,3,3,identity,93,0.9166666666666666,0.925,0.924894382725708,0.8875000000000001,0.18135327100753784,38.09019231796265,40900
SYN_SBM_C3,HorizontalRes,GATConv,2,3,3,identity,76,0.9375,0.9333333333333333,0.9337244005351447,0.9,0.21074014902114868,34.286343574523926,40900
SYN_SBM_C3,HorizontalRes,GATConv,3,3,3,identity,96,0.8958333333333334,0.9166666666666666,0.914885268543805,0.8749999999999998,0.1991145759820938,37.76889634132385,40900
SYN_SBM_C3,HorizontalRes,GATConv,4,3,3,identity,199,1.0,0.9583333333333334,0.9582146248812915,0.9374999999999999,0.19108198583126068,45.644251346588135,40900
SYN_SBM_C3,HorizontalRes,GCNConv,0,3,3,identity,52,0.8958333333333334,0.9333333333333333,0.933217109687698,0.9,0.15211375057697296,21.65421438217163,39364
SYN_SBM_C3,HorizontalRes,GCNConv,1,3,3,identity,119,0.9375,0.9416666666666667,0.9416680366047454,0.9125,0.13944342732429504,36.18696188926697,39364
SYN_SBM_C3,HorizontalRes,GCNConv,2,3,3,identity,82,0.9583333333333334,0.925,0.9247802018886356,0.8875000000000001,0.2288406640291214,29.213829040527344,39364
SYN_SBM_C3,HorizontalRes,GCNConv,3,3,3,identity,89,0.9375,0.9583333333333334,0.958262553199262,0.9374999999999999,0.19406728446483612,29.43613839149475,39364
SYN_SBM_C3,HorizontalRes,GCNConv,4,3,3,identity,109,1.0,0.9333333333333333,0.9336756525459992,0.9,0.19629745185375214,33.899999141693115,39364
SYN_SBM_C3,HorizontalRes,GINConv,0,3,3,identity,79,0.8541666666666666,0.875,0.8770833086671166,0.8125,0.2722567915916443,27.080538749694824,89284
SYN_SBM_C3,HorizontalRes,GINConv,1,3,3,identity,32,0.9375,0.8583333333333333,0.855681589858805,0.7874999999999998,0.29829642176628113,18.179319620132446,89284
SYN_SBM_C3,HorizontalRes,GINConv,2,3,3,identity,66,0.9166666666666666,0.8583333333333333,0.8594559999165764,0.7874999999999998,0.5557290315628052,23.0201575756073,89284
SYN_SBM_C3,HorizontalRes,GINConv,3,3,3,identity,62,0.875,0.9083333333333333,0.9069934640522876,0.8624999999999998,0.2800733149051666,24.26293969154358,89284
SYN_SBM_C3,HorizontalRes,GINConv,4,3,3,identity,70,0.9166666666666666,0.825,0.8204994239476998,0.7374999999999999,0.5701534152030945,24.688032865524292,89284
SYN_SBM_C3,HorizontalRes,SAGEConv,0,3,3,identity,67,0.875,0.875,0.8676191236331711,0.8125,0.24593545496463776,24.742763996124268,77764
SYN_SBM_C3,HorizontalRes,SAGEConv,1,3,3,identity,102,0.9166666666666666,0.9,0.8975546732211509,0.8499999999999999,0.2625458836555481,32.77302074432373,77764
SYN_SBM_C3,HorizontalRes,SAGEConv,2,3,3,identity,100,0.8333333333333334,0.9,0.8985588972431078,0.8499999999999999,0.3333975374698639,29.506730556488037,77764
SYN_SBM_C3,HorizontalRes,SAGEConv,3,3,3,identity,85,0.8958333333333334,0.9166666666666666,0.9141877271485894,0.8749999999999998,0.2810279130935669,26.24737548828125,77764
SYN_SBM_C3,HorizontalRes,SAGEConv,4,3,3,identity,190,0.9166666666666666,0.9083333333333333,0.9073142054171864,0.8624999999999998,0.24955850839614868,36.64562749862671,77764
SYN_SBM_C3,MatrixResGated,GATConv,0,3,3,sparse,61,0.8958333333333334,0.9333333333333333,0.933241891026897,0.9,0.18936608731746674,46.42923355102539,40900
SYN_SBM_C3,MatrixResGated,GATConv,1,3,3,sparse,111,0.9166666666666666,0.9583333333333334,0.9582746570698378,0.9374999999999999,0.18079954385757446,62.01021933555603,40900
SYN_SBM_C3,MatrixResGated,GATConv,2,3,3,sparse,79,0.8958333333333334,0.925,0.9248853987602229,0.8875000000000001,0.23079372942447662,53.657737016677856,40900
SYN_SBM_C3,MatrixResGated,GATConv,3,3,3,sparse,85,0.9166666666666666,0.925,0.9237254901960785,0.8875000000000001,0.21384790539741516,53.94463777542114,40900
SYN_SBM_C3,MatrixResGated,GATConv,4,3,3,sparse,124,0.9583333333333334,0.9333333333333333,0.9332092598034413,0.9,0.20117409527301788,63.56189250946045,40900
SYN_SBM_C3,MatrixResGated,GCNConv,0,3,3,sparse,67,0.8958333333333334,0.975,0.9749647942419027,0.9624999999999998,0.08678434789180756,39.00132489204407,39364
SYN_SBM_C3,MatrixResGated,GCNConv,1,3,3,sparse,79,0.9166666666666666,0.925,0.9252855819697438,0.8875000000000001,0.14465472102165222,46.46939134597778,39364
SYN_SBM_C3,MatrixResGated,GCNConv,2,3,3,sparse,98,0.9583333333333334,0.9416666666666667,0.9412833150784957,0.9125,0.15988154709339142,48.62642502784729,39364
SYN_SBM_C3,MatrixResGated,GCNConv,3,3,3,sparse,82,0.9166666666666666,0.9333333333333333,0.9320104418143633,0.9,0.18752765655517578,46.85141682624817,39364
SYN_SBM_C3,MatrixResGated,GCNConv,4,3,3,sparse,183,1.0,0.95,0.9499647942419026,0.9249999999999999,0.232632577419281,69.9046859741211,39364
SYN_SBM_C3,MatrixResGated,GINConv,0,3,3,sparse,47,0.8541666666666666,0.95,0.9499358151476253,0.9249999999999999,0.142877995967865,37.31740975379944,89284
SYN_SBM_C3,MatrixResGated,GINConv,1,3,3,sparse,45,0.9166666666666666,0.8666666666666667,0.8659525961357576,0.8,0.2983472943305969,34.75580549240112,89284
SYN_SBM_C3,MatrixResGated,GINConv,2,3,3,sparse,66,0.875,0.8916666666666667,0.8919661926342658,0.8374999999999999,0.49789509177207947,38.858882427215576,89284
SYN_SBM_C3,MatrixResGated,GINConv,3,3,3,sparse,34,0.875,0.8833333333333333,0.8818757812275745,0.825,0.29741495847702026,31.708904266357422,89284
SYN_SBM_C3,MatrixResGated,GINConv,4,3,3,sparse,73,0.8958333333333334,0.8833333333333333,0.882608979634492,0.825,0.5147550106048584,42.235795736312866,89284
SYN_SBM_C3,MatrixResGated,SAGEConv,0,3,3,sparse,88,0.9166666666666666,0.9166666666666666,0.9151057187455655,0.8749999999999998,0.18749846518039703,48.44304847717285,77764
SYN_SBM_C3,MatrixResGated,SAGEConv,1,3,3,sparse,73,0.9583333333333334,0.8833333333333333,0.8830571190327287,0.825,0.24076496064662933,43.78221249580383,77764
SYN_SBM_C3,MatrixResGated,SAGEConv,2,3,3,sparse,98,0.875,0.9,0.898679839566192,0.8499999999999999,0.302371621131897,47.134544372558594,77764
SYN_SBM_C3,MatrixResGated,SAGEConv,3,3,3,sparse,105,0.9166666666666666,0.9416666666666667,0.9412833150784957,0.9125,0.2354624718427658,47.4328989982605,77764
SYN_SBM_C3,MatrixResGated,SAGEConv,4,3,3,sparse,112,0.9375,0.9166666666666666,0.9160120924826808,0.8749999999999998,0.2404228299856186,49.819499015808105,77764
SYN_SBM_C3,MatrixRes,GATConv,0,3,3,identity,70,0.8541666666666666,0.875,0.875199075111777,0.8125,0.26062244176864624,47.30286407470703,40900
SYN_SBM_C3,MatrixRes,GATConv,1,3,3,identity,121,0.9375,0.9416666666666667,0.9418544818359575,0.9125,0.1617373824119568,65.05922508239746,40900
SYN_SBM_C3,MatrixRes,GATConv,2,3,3,identity,93,0.9166666666666666,0.9333333333333333,0.9324862804042682,0.9,0.2195344865322113,56.802775621414185,40900
SYN_SBM_C3,MatrixRes,GATConv,3,3,3,identity,66,0.8958333333333334,0.925,0.9243371008076892,0.8875000000000001,0.28187307715415955,44.55831241607666,40900
SYN_SBM_C3,MatrixRes,GATConv,4,3,3,identity,168,1.0,0.9416666666666667,0.941535246677768,0.9125,0.27247610688209534,70.94247436523438,40900
SYN_SBM_C3,MatrixRes,GCNConv,0,3,3,identity,94,0.8958333333333334,0.9666666666666667,0.9666383808521982,0.9499999999999998,0.09887371957302094,46.401955366134644,39364
SYN_SBM_C3,MatrixRes,GCNConv,1,3,3,identity,76,0.9583333333333334,0.9333333333333333,0.9336406730218263,0.9,0.15272846817970276,43.19220566749573,39364
SYN_SBM_C3,MatrixRes,GCNConv,2,3,3,identity,77,0.9166666666666666,0.9583333333333334,0.9584233817021715,0.9374999999999999,0.12890277802944183,43.17519497871399,39364
SYN_SBM_C3,MatrixRes,GCNConv,3,3,3,identity,100,0.9375,0.9416666666666667,0.9406701940035274,0.9125,0.2296725958585739,49.91901421546936,39364
SYN_SBM_C3,MatrixRes,GCNConv,4,3,3,identity,183,1.0,0.95,0.9502770640982022,0.9249999999999999,0.2108507603406906,71.09819889068604,39364
SYN_SBM_C3,MatrixRes,GINConv,0,3,3,identity,56,0.8333333333333334,0.9,0.9003371607761772,0.8499999999999999,0.25306573510169983,36.2475049495697,89284
SYN_SBM_C3,MatrixRes,GINConv,1,3,3,identity,32,0.9166666666666666,0.9333333333333333,0.9333333333333332,0.9,0.19628839194774628,32.07847833633423,89284
SYN_SBM_C3,MatrixRes,GINConv,2,3,3,identity,44,0.8541666666666666,0.85,0.850196645309163,0.7749999999999998,0.45999330282211304,33.459677934646606,89284
SYN_SBM_C3,MatrixRes,GINConv,3,3,3,identity,45,0.8958333333333334,0.9,0.8996219466807701,0.8499999999999999,0.2782369554042816,33.266244888305664,89284
SYN_SBM_C3,MatrixRes,GINConv,4,3,3,identity,42,0.9375,0.8916666666666667,0.8918087834076993,0.8374999999999999,0.3644041419029236,32.44256019592285,89284
SYN_SBM_C3,MatrixRes,SAGEConv,0,3,3,identity,136,0.8958333333333334,0.9333333333333333,0.933241891026897,0.9,0.18199516832828522,59.54658389091492,77764
SYN_SBM_C3,MatrixRes,SAGEConv,1,3,3,identity,97,0.9791666666666666,0.8833333333333333,0.8826441102756893,0.825,0.23359651863574982,50.56278872489929,77764
SYN_SBM_C3,MatrixRes,SAGEConv,2,3,3,identity,89,0.8333333333333334,0.875,0.8754144620811287,0.8125,0.31224530935287476,46.225675106048584,77764
SYN_SBM_C3,MatrixRes,SAGEConv,3,3,3,identity,93,0.9166666666666666,0.9333333333333333,0.9327694235588972,0.9,0.25921016931533813,42.950855016708374,77764
SYN_SBM_C3,MatrixRes,SAGEConv,4,3,3,identity,134,0.9583333333333334,0.9166666666666666,0.9164321450906817,0.8749999999999998,0.22522468864917755,53.70519518852234,77764
SYN_SBM_C3,Plain,GATConv,0,3,3,identity,136,0.9166666666666666,0.95,0.9499389499389498,0.9249999999999999,0.15540339052677155,36.63302445411682,40900
SYN_SBM_C3,Plain,GATConv,1,3,3,identity,98,0.9166666666666666,0.95,0.9497877272490493,0.9249999999999999,0.15669168531894684,30.65424108505249,40900
SYN_SBM_C3,Plain,GATConv,2,3,3,identity,97,0.9583333333333334,0.9333333333333333,0.9334554334554334,0.9,0.19330540299415588,29.1927330493927,40900
SYN_SBM_C3,Plain,GATConv,3,3,3,identity,112,0.9166666666666666,0.9416666666666667,0.9409477124183007,0.9125,0.17529742419719696,31.140641450881958,40900
SYN_SBM_C3,Plain,GATConv,4,3,3,identity,156,0.9583333333333334,0.9416666666666667,0.9414183126920254,0.9125,0.18938198685646057,33.82651662826538,40900
SYN_SBM_C3,Plain,GCNConv,0,3,3,identity,91,0.9166666666666666,0.9916666666666667,0.991665364379851,0.9875,0.036030810326337814,21.807734966278076,39364
SYN_SBM_C3,Plain,GCNConv,1,3,3,identity,170,0.9791666666666666,0.9583333333333334,0.9583268218992552,0.9374999999999999,0.10132163017988205,27.768653631210327,39364
SYN_SBM_C3,Plain,GCNConv,2,3,3,identity,80,0.9791666666666666,0.9583333333333334,0.9579734522505606,0.9374999999999999,0.14884792268276215,18.835258960723877,39364
SYN_SBM_C3,Plain,GCNConv,3,3,3,identity,91,0.9583333333333334,0.9416666666666667,0.9406701940035274,0.9125,0.17998364567756653,21.676962852478027,39364
SYN_SBM_C3,Plain,GCNConv,4,3,3,identity,182,1.0,0.95,0.9502770640982022,0.9249999999999999,0.17816261947155,29.209617614746094,39364
SYN_SBM_C3,Plain,GINConv,0,3,3,identity,45,0.8333333333333334,0.9083333333333333,0.9094499092108529,0.8624999999999998,0.24197334051132202,14.327882051467896,89284
SYN_SBM_C3,Plain,GINConv,1,3,3,identity,44,0.875,0.8416666666666667,0.8387493305116851,0.7624999999999998,0.30768585205078125,12.55965280532837,89284
SYN_SBM_C3,Plain,GINConv,2,3,3,identity,54,0.9166666666666666,0.875,0.8754024066260353,0.8125,0.6315886378288269,14.162444114685059,89284
SYN_SBM_C3,Plain,GINConv,3,3,3,identity,44,0.8541666666666666,0.9083333333333333,0.9074801167824423,0.8624999999999998,0.26531264185905457,12.704575300216675,89284
SYN_SBM_C3,Plain,GINConv,4,3,3,identity,61,0.9166666666666666,0.85,0.8486114085814235,0.7749999999999998,0.38391557335853577,17.269697189331055,89284
SYN_SBM_C3,Plain,SAGEConv,0,3,3,identity,68,0.8333333333333334,0.8833333333333333,0.8805555555555555,0.825,0.22919060289859772,18.411972284317017,77764
SYN_SBM_C3,Plain,SAGEConv,1,3,3,identity,59,0.875,0.8583333333333333,0.8548118113845814,0.7874999999999998,0.32453230023384094,15.93328595161438,77764
SYN_SBM_C3,Plain,SAGEConv,2,3,3,identity,47,0.7291666666666666,0.7333333333333333,0.7185998423111825,0.5999999999999999,0.5417654514312744,13.873202085494995,77764
SYN_SBM_C3,Plain,SAGEConv,3,3,3,identity,112,0.875,0.8666666666666667,0.8602898042931807,0.8,0.3106849789619446,21.6464262008667,77764
SYN_SBM_C3,Plain,SAGEConv,4,3,3,identity,56,0.8958333333333334,0.85,0.8465147663434078,0.7749999999999998,0.3629758954048157,14.155545234680176,77764
SYN_SBM_C3,VerticalRes,GATConv,0,3,3,identity,68,0.875,0.925,0.9247728387793149,0.8875000000000001,0.20815719664096832,27.108983516693115,40900
SYN_SBM_C3,VerticalRes,GATConv,1,3,3,identity,159,0.9791666666666666,0.925,0.9252855819697438,0.8875000000000001,0.21721865236759186,44.39989638328552,40900
SYN_SBM_C3,VerticalRes,GATConv,2,3,3,identity,140,0.9583333333333334,0.9333333333333333,0.933217109687698,0.9,0.2047770768404007,44.5841109752655,40900
SYN_SBM_C3,VerticalRes,GATConv,3,3,3,identity,112,0.9375,0.9333333333333333,0.9323748166771423,0.9,0.17550279200077057,39.72342395782471,40900
SYN_SBM_C3,VerticalRes,GATConv,4,3,3,identity,161,1.0,0.9333333333333333,0.9329734522505606,0.9,0.16692063212394714,45.014042139053345,40900
SYN_SBM_C3,VerticalRes,GCNConv,0,3,3,identity,50,0.8958333333333334,0.9166666666666666,0.9162527870515649,0.8749999999999998,0.1892210692167282,18.64883041381836,39364
SYN_SBM_C3,VerticalRes,GCNConv,1,3,3,identity,82,0.9791666666666666,0.9333333333333333,0.9331662489557226,0.9,0.11893398314714432,21.66601848602295,39364
SYN_SBM_C3,VerticalRes,GCNConv,2,3,3,identity,102,0.9583333333333334,0.9666666666666667,0.9666383808521982,0.9499999999999998,0.13579882681369781,29.47249150276184,39364
SYN_SBM_C3,VerticalRes,GCNConv,3,3,3,identity,126,0.9375,0.9583333333333334,0.9579734522505606,0.9374999999999999,0.14468297362327576,34.93855261802673,39364
SYN_SBM_C3,VerticalRes,GCNConv,4,3,3,identity,170,1.0,0.9583333333333334,0.958531180753403,0.9374999999999999,0.14185072481632233,34.66093635559082,39364
SYN_SBM_C3,VerticalRes,GINConv,0,3,3,identity,31,0.8125,0.9,0.8995518032103398,0.8499999999999999,0.26548701524734497,14.203660011291504,89284
SYN_SBM_C3,VerticalRes,GINConv,1,3,3,identity,28,0.8958333333333334,0.8083333333333333,0.8051803445061873,0.7125,0.3935060203075409,15.210218667984009,89284
SYN_SBM_C3,VerticalRes,GINConv,2,3,3,identity,40,0.875,0.8166666666666667,0.8173935421524757,0.725,0.4787530303001404,16.471524953842163,89284
SYN_SBM_C3,VerticalRes,GINConv,3,3,3,identity,37,0.7916666666666666,0.9,0.8985488985488986,0.8499999999999999,0.2937571704387665,15.91245698928833,89284
SYN_SBM_C3,VerticalRes,GINConv,4,3,3,identity,51,0.9166666666666666,0.8166666666666667,0.81987756987757,0.725,0.4695654809474945,19.2564058303833,89284
SYN_SBM_C3,VerticalRes,SAGEConv,0,3,3,identity,92,0.9166666666666666,0.9333333333333333,0.9323977572343586,0.9,0.13410919904708862,25.69870638847351,77764
SYN_SBM_C3,VerticalRes,SAGEConv,1,3,3,identity,82,0.9375,0.9,0.8989212007504691,0.8499999999999999,0.2534012198448181,23.369806051254272,77764
SYN_SBM_C3,VerticalRes,SAGEConv,2,3,3,identity,98,0.8541666666666666,0.9,0.898679839566192,0.8499999999999999,0.30047303438186646,25.715970277786255,77764
SYN_SBM_C3,VerticalRes,SAGEConv,3,3,3,identity,96,0.9166666666666666,0.9083333333333333,0.9060605465039341,0.8624999999999998,0.24683831632137299,24.51354956626892,77764
SYN_SBM_C3,VerticalRes,SAGEConv,4,3,3,identity,177,0.9791666666666666,0.925,0.9240688987524431,0.8875000000000001,0.2688727080821991,31.450523138046265,77764
SYN_SBM_C4,HorizontalRes,GATConv,0,4,3,identity,71,0.859375,0.8125,0.8121013480190695,0.75,0.4675195813179016,43.598138093948364,40965
SYN_SBM_C4,HorizontalRes,GATConv,1,4,3,identity,77,0.84375,0.79375,0.7860076245294136,0.725,0.46927815675735474,46.576815605163574,40965
SYN_SBM_C4,HorizontalRes,GATConv,2,4,3,identity,103,0.84375,0.85,0.8483868030526848,0.7999999999999999,0.42533883452415466,56.185524702072144,40965
SYN_SBM_C4,HorizontalRes,GATConv,3,4,3,identity,65,0.8125,0.79375,0.7944210032817629,0.725,0.51288241147995,41.70147347450256,40965
SYN_SBM_C4,HorizontalRes,GATConv,4,4,3,identity,102,0.828125,0.79375,0.7882626074040715,0.725,0.5298804044723511,53.07197403907776,40965
SYN_SBM_C4,HorizontalRes,GCNConv,0,4,3,identity,122,0.828125,0.81875,0.8180939333127508,0.7583333333333333,0.42999887466430664,48.06432008743286,39429
SYN_SBM_C4,HorizontalRes,GCNConv,1,4,3,identity,91,0.84375,0.83125,0.8307148621828393,0.775,0.37112942337989807,41.41746807098389,39429
SYN_SBM_C4,HorizontalRes,GCNConv,2,4,3,identity,96,0.859375,0.88125,0.8799512778500947,0.8416666666666667,0.3822082579135895,42.176127910614014,39429
SYN_SBM_C4,HorizontalRes,GCNConv,3,4,3,identity,74,0.859375,0.8375,0.8354928017718716,0.7833333333333333,0.4681054651737213,36.54822373390198,39429
SYN_SBM_C4,HorizontalRes,GCNConv,4,4,3,identity,84,0.8125,0.8375,0.8367057727098295,0.7833333333333333,0.4354599118232727,40.06676459312439,39429
SYN_SBM_C4,HorizontalRes,GINConv,0,4,3,identity,38,0.703125,0.7125,0.708754958800822,0.6166666666666667,0.711020827293396,26.73950719833374,89349
SYN_SBM_C4,HorizontalRes,GINConv,1,4,3,identity,31,0.640625,0.70625,0.7031626336035228,0.6083333333333334,0.6461650133132935,24.238097190856934,89349
SYN_SBM_C4,HorizontalRes,GINConv,2,4,3,identity,41,0.703125,0.74375,0.7426851851851852,0.6583333333333333,0.604124903678894,24.44001054763794,89349
SYN_SBM_C4,HorizontalRes,GINConv,3,4,3,identity,61,0.703125,0.7875,0.7894108345490469,0.7166666666666667,0.5710111856460571,31.79399085044861,89349
SYN_SBM_C4,HorizontalRes,GINConv,4,4,3,identity,83,0.65625,0.65,0.6540228149289897,0.5333333333333333,0.963902473449707,40.84245252609253,89349
SYN_SBM_C4,HorizontalRes,SAGEConv,0,4,3,identity,94,0.796875,0.7875,0.7797545034273872,0.7166666666666667,0.4658429026603699,42.032092332839966,77829
SYN_SBM_C4,HorizontalRes,SAGEConv,1,4,3,identity,104,0.828125,0.775,0.7678311526409127,0.7000000000000001,0.45789891481399536,43.04294443130493,77829
SYN_SBM_C4,HorizontalRes,SAGEConv,2,4,3,identity,95,0.84375,0.89375,0.8926882970478405,0.8583333333333334,0.41674965620040894,39.03000831604004,77829
SYN_SBM_C4,HorizontalRes,SAGEConv,3,4,3,identity,65,0.828125,0.80625,0.8040199002489354,0.7416666666666667,0.5540899038314819,29.87004590034485,77829
SYN_SBM_C4,HorizontalRes,SAGEConv,4,4,3,identity,78,0.796875,0.75625,0.7530660003349443,0.6749999999999999,0.5888956189155579,34.05251908302307,77829
SYN_SBM_C4,MatrixResGated,GATConv,0,4,3,sparse,143,0.828125,0.775,0.7746367594135135,0.7000000000000001,0.6150952577590942,99.34352564811707,40965
SYN_SBM_C4,MatrixResGated,GATConv,1,4,3,sparse,96,0.84375,0.85625,0.8549210872939499,0.8083333333333332,0.3712424635887146,81.12631487846375,40965
SYN_SBM_C4,MatrixResGated,GATConv,2,4,3,sparse,84,0.828125,0.80625,0.8035080746381056,0.7416666666666667,0.4377039968967438,76.37163949012756,40965
SYN_SBM_C4,MatrixResGated,GATConv,3,4,3,sparse,86,0.796875,0.775,0.7733589206799119,0.7000000000000001,0.5064812302589417,74.95447754859924,40965
SYN_SBM_C4,MatrixResGated,GATConv,4,4,3,sparse,116,0.8125,0.7875,0.7858026981343994,0.7166666666666667,0.52278733253479,85.25007104873657,40965
SYN_SBM_C4,MatrixResGated,GCNConv,0,4,3,sparse,124,0.796875,0.85625,0.8552872760151241,0.8083333333333332,0.41861972212791443,77.32175588607788,39429
SYN_SBM_C4,MatrixResGated,GCNConv,1,4,3,sparse,85,0.859375,0.81875,0.8149375246753523,0.7583333333333333,0.38184264302253723,63.9161958694458,39429
SYN_SBM_C4,MatrixResGated,GCNConv,2,4,3,sparse,78,0.84375,0.86875,0.8671106464120806,0.8250000000000001,0.37739381194114685,59.89073634147644,39429
SYN_SBM_C4,MatrixResGated,GCNConv,3,4,3,sparse,80,0.828125,0.76875,0.7662863362304602,0.6916666666666668,0.5024740695953369,61.67488217353821,39429
SYN_SBM_C4,MatrixResGated,GCNConv,4,4,3,sparse,89,0.765625,0.83125,0.8305424124283773,0.775,0.458202600479126,67.00188040733337,39429
SYN_SBM_C4,MatrixResGated,GINConv,0,4,3,sparse,34,0.796875,0.68125,0.6750508448803483,0.5750000000000001,0.6818121075630188,45.48896098136902,89349
SYN_SBM_C4,MatrixResGated,GINConv,1,4,3,sparse,47,0.703125,0.75,0.7497369830733229,0.6666666666666666,0.5601893663406372,48.040942430496216,89349
SYN_SBM_C4,MatrixResGated,GINConv,2,4,3,sparse,41,0.71875,0.7125,0.7020569620253164,0.6166666666666667,0.6434659957885742,43.89138579368591,89349
SYN_SBM_C4,MatrixResGated,GINConv,3,4,3,sparse,46,0.71875,0.79375,0.7950463464547972,0.725,0.548346996307373,48.376657009124756,89349
SYN_SBM_C4,MatrixResGated,GINConv,4,4,3,sparse,70,0.71875,0.65625,0.6522473802024524,0.5416666666666666,0.7696315050125122,54.61034798622131,89349
SYN_SBM_C4,MatrixResGated,SAGEConv,0,4,3,sparse,108,0.8125,0.775,0.7724784272224031,0.7000000000000001,0.516147255897522,73.3822672367096,77829
SYN_SBM_C4,MatrixResGated,SAGEConv,1,4,3,sparse,103,0.84375,0.80625,0.8024558614341897,0.7416666666666667,0.44161662459373474,70.15771651268005,77829
SYN_SBM_C4,MatrixResGated,SAGEConv,2,4,3,sparse,119,0.8125,0.81875,0.8144999406985709,0.7583333333333333,0.4381580352783203,68.60835409164429,77829
SYN_SBM_C4,MatrixResGated,SAGEConv,3,4,3,sparse,95,0.84375,0.8,0.7958576619394919,0.7333333333333334,0.5057379603385925,64.84040927886963,77829
SYN_SBM_C4,MatrixResGated,SAGEConv,4,4,3,sparse,113,0.8125,0.8,0.7992143760468753,0.7333333333333334,0.5410464406013489,70.84151458740234,77829
SYN_SBM_C4,MatrixRes,GATConv,0,4,3,identity,158,0.828125,0.7625,0.7645822206741747,0.6833333333333332,0.6771754026412964,105.4702661037445,40965
SYN_SBM_C4,MatrixRes,GATConv,1,4,3,identity,97,0.8125,0.81875,0.8165491539081386,0.7583333333333333,0.42995184659957886,79.46382737159729,40965
SYN_SBM_C4,MatrixRes,GATConv,2,4,3,identity,91,0.828125,0.84375,0.8440496406267719,0.7916666666666666,0.4082523286342621,77.59735989570618,40965
SYN_SBM_C4,MatrixRes,GATConv,3,4,3,identity,64,0.796875,0.8,0.8005891426581082,0.7333333333333334,0.5207276344299316,62.83014130592346,40965
SYN_SBM_C4,MatrixRes,GATConv,4,4,3,identity,115,0.75,0.81875,0.8189127574809838,0.7583333333333333,0.5066767930984497,82.82412242889404,40965
SYN_SBM_C4,MatrixRes,GCNConv,0,4,3,identity,123,0.84375,0.8375,0.8389916811262861,0.7833333333333333,0.4044787287712097,75.0693347454071,39429
SYN_SBM_C4,MatrixRes,GCNConv,1,4,3,identity,85,0.859375,0.8125,0.8098817635082077,0.75,0.40254631638526917,61.889328956604004,39429
SYN_SBM_C4,MatrixRes,GCNConv,2,4,3,identity,101,0.859375,0.88125,0.8799729897631202,0.8416666666666667,0.36141878366470337,67.09622526168823,39429
SYN_SBM_C4,MatrixRes,GCNConv,3,4,3,identity,82,0.828125,0.80625,0.8073327527350516,0.7416666666666667,0.49127212166786194,61.43937277793884,39429
SYN_SBM_C4,MatrixRes,GCNConv,4,4,3,identity,96,0.78125,0.83125,0.8301924115633115,0.775,0.4487683176994324,67.67015027999878,39429
SYN_SBM_C4,MatrixRes,GINConv,0,4,3,identity,56,0.765625,0.7375,0.7378151260504202,0.65,0.6781730651855469,53.04344630241394,89349
SYN_SBM_C4,MatrixRes,GINConv,1,4,3,identity,34,0.671875,0.75,0.7453236775045284,0.6666666666666666,0.6440989971160889,43.10468077659607,89349
SYN_SBM_C4,MatrixRes,GINConv,2,4,3,identity,42,0.734375,0.75625,0.7546282721690235,0.6749999999999999,0.5878855586051941,44.36556434631348,89349
SYN_SBM_C4,MatrixRes,GINConv,3,4,3,identity,44,0.734375,0.775,0.7734293659926571,0.7000000000000001,0.547491192817688,45.00263690948486,89349
SYN_SBM_C4,MatrixRes,GINConv,4,4,3,identity,79,0.8125,0.7125,0.7141333134395166,0.6166666666666667,0.8837295770645142,61.7548451423645,89349
SYN_SBM_C4,MatrixRes,SAGEConv,0,4,3,identity,109,0.828125,0.8,0.7996978626580625,0.7333333333333334,0.49683666229248047,72.57355093955994,77829
SYN_SBM_C4,MatrixRes,SAGEConv,1,4,3,identity,127,0.84375,0.825,0.8231869127543174,0.7666666666666666,0.4476478695869446,76.15250134468079,77829
SYN_SBM_C4,MatrixRes,SAGEConv,2,4,3,identity,131,0.859375,0.825,0.8214632275219789,0.7666666666666666,0.42937764525413513,76.38880491256714,77829
SYN_SBM_C4,MatrixRes,SAGEConv,3,4,3,identity,116,0.75,0.80625,0.803473864391586,0.7416666666666667,0.5613056421279907,67.5918037891388,77829
SYN_SBM_C4,MatrixRes,SAGEConv,4,4,3,identity,113,0.8125,0.8,0.7988311688311689,0.7333333333333334,0.5833640694618225,68.68395161628723,77829
SYN_SBM_C4,Plain,GATConv,0,4,3,identity,114,0.8125,0.81875,0.8177832664402594,0.7583333333333333,0.43694210052490234,44.089407205581665,40965
SYN_SBM_C4,Plain,GATConv,1,4,3,identity,117,0.84375,0.84375,0.8387193917557495,0.7916666666666666,0.35064688324928284,45.553051471710205,40965
SYN_SBM_C4,Plain,GATConv,2,4,3,identity,92,0.828125,0.875,0.8738089633744468,0.8333333333333334,0.4209136962890625,40.259398460388184,40965
SYN_SBM_C4,Plain,GATConv,3,4,3,identity,142,0.875,0.8,0.7995803023275891,0.7333333333333334,0.5367505550384521,49.45142340660095,40965
SYN_SBM_C4,Plain,GATConv,4,4,3,identity,156,0.765625,0.83125,0.8292512325399407,0.775,0.43377938866615295,46.69307541847229,40965
SYN_SBM_C4,Plain,GCNConv,0,4,3,identity,124,0.84375,0.8625,0.8637910267991569,0.8166666666666668,0.3673825263977051,34.02243733406067,39429
SYN_SBM_C4,Plain,GCNConv,1,4,3,identity,102,0.859375,0.825,0.8242679986474367,0.7666666666666666,0.3813059628009796,31.548192262649536,39429
SYN_SBM_C4,Plain,GCNConv,2,4,3,identity,75,0.8125,0.86875,0.8671198168876187,0.8250000000000001,0.3347364068031311,26.304372549057007,39429
SYN_SBM_C4,Plain,GCNConv,3,4,3,identity,88,0.828125,0.83125,0.8295592932657163,0.775,0.4159860610961914,28.76301407814026,39429
SYN_SBM_C4,Plain,GCNConv,4,4,3,identity,108,0.796875,0.825,0.824230813388815,0.7666666666666666,0.4549916684627533,34.16723442077637,39429
SYN_SBM_C4,Plain,GINConv,0,4,3,identity,53,0.75,0.69375,0.6824618217171237,0.5916666666666667,0.7424241304397583,21.772566080093384,89349
SYN_SBM_C4,Plain,GINConv,1,4,3,identity,42,0.671875,0.7,0.6980412575105955,0.6,0.6309457421302795,17.690244674682617,89349
SYN_SBM_C4,Plain,GINConv,2,4,3,identity,33,0.71875,0.7125,0.7057663135046979,0.6166666666666667,0.6701717376708984,17.559842586517334,89349
SYN_SBM_C4,Plain,GINConv,3,4,3,identity,67,0.75,0.7125,0.7103133988844162,0.6166666666666667,0.5483970642089844,22.496217012405396,89349
SYN_SBM_C4,Plain,GINConv,4,4,3,identity,29,0.6875,0.6625,0.662653777603895,0.5499999999999999,0.7825838327407837,17.69247055053711,89349
SYN_SBM_C4,Plain,SAGEConv,0,4,3,identity,67,0.78125,0.74375,0.7311654847180293,0.6583333333333333,0.5562022924423218,25.839368104934692,77829
SYN_SBM_C4,Plain,SAGEConv,1,4,3,identity,70,0.78125,0.75,0.7382508508929657,0.6666666666666666,0.5097285509109497,26.355414867401123,77829
SYN_SBM_C4,Plain,SAGEConv,2,4,3,identity,147,0.8125,0.83125,0.8259109730848861,0.775,0.44137755036354065,35.94073796272278,77829
SYN_SBM_C4,Plain,SAGEConv,3,4,3,identity,132,0.8125,0.78125,0.7761709196395825,0.7083333333333334,0.5794612169265747,33.09825563430786,77829
SYN_SBM_C4,Plain,SAGEConv,4,4,3,identity,113,0.78125,0.79375,0.7861998132586367,0.725,0.5399778485298157,30.1429705619812,77829
SYN_SBM_C4,VerticalRes,GATConv,0,4,3,identity,102,0.84375,0.80625,0.8077205882352941,0.7416666666666667,0.47790995240211487,50.26083946228027,40965
SYN_SBM_C4,VerticalRes,GATConv,1,4,3,identity,107,0.828125,0.8125,0.8086409656665601,0.75,0.415041446685791,52.296581745147705,40965
SYN_SBM_C4,VerticalRes,GATConv,2,4,3,identity,99,0.8125,0.83125,0.8291568471688954,0.775,0.4272490441799164,50.404375314712524,40965
SYN_SBM_C4,VerticalRes,GATConv,3,4,3,identity,84,0.828125,0.81875,0.8197373358348968,0.7583333333333333,0.4965333938598633,41.923025608062744,40965
SYN_SBM_C4,VerticalRes,GATConv,4,4,3,identity,134,0.78125,0.7875,0.7871125053914587,0.7166666666666667,0.44076070189476013,54.04668307304382,40965
SYN_SBM_C4,VerticalRes,GCNConv,0,4,3,identity,83,0.859375,0.85,0.8505941213258287,0.7999999999999999,0.39131975173950195,33.74184060096741,39429
SYN_SBM_C4,VerticalRes,GCNConv,1,4,3,identity,124,0.8125,0.80625,0.8034187529522909,0.7416666666666667,0.3818384110927582,43.220839738845825,39429
SYN_SBM_C4,VerticalRes,GCNConv,2,4,3,identity,90,0.84375,0.86875,0.867358074254626,0.8250000000000001,0.3564659357070923,37.79964542388916,39429
SYN_SBM_C4,VerticalRes,GCNConv,3,4,3,identity,91,0.84375,0.85625,0.855659086176091,0.8083333333333332,0.4137144684791565,36.47998285293579,39429
SYN_SBM_C4,VerticalRes,GCNConv,4,4,3,identity,121,0.78125,0.84375,0.8434274881965327,0.7916666666666666,0.41375571489334106,43.95364761352539,39429
SYN_SBM_C4,VerticalRes,GINConv,0,4,3,identity,64,0.8125,0.7375,0.7426350521672987,0.65,0.6300601959228516,30.03428626060486,89349
SYN_SBM_C4,VerticalRes,GINConv,1,4,3,identity,40,0.640625,0.7375,0.7336021936864634,0.65,0.6273452639579773,23.62235927581787,89349
SYN_SBM_C4,VerticalRes,GINConv,2,4,3,identity,46,0.65625,0.7,0.6892938386331736,0.6,0.6798608899116516,22.847647666931152,89349
SYN_SBM_C4,VerticalRes,GINConv,3,4,3,identity,67,0.734375,0.73125,0.7347191085485014,0.6416666666666666,0.5944127440452576,29.729021072387695,89349
SYN_SBM_C4,VerticalRes,GINConv,4,4,3,identity,66,0.734375,0.7125,0.7132385361552028,0.6166666666666667,0.7687059640884399,31.411417961120605,89349
SYN_SBM_C4,VerticalRes,SAGEConv,0,4,3,identity,133,0.8125,0.76875,0.7676362949363178,0.6916666666666668,0.4820002615451813,47.051440954208374,77829
SYN_SBM_C4,VerticalRes,SAGEConv,1,4,3,identity,117,0.875,0.8125,0.8074648337595909,0.75,0.4674002528190613,42.76283931732178,77829
SYN_SBM_C4,VerticalRes,SAGEConv,2,4,3,identity,120,0.84375,0.8375,0.8333058696774077,0.7833333333333333,0.4423728883266449,38.95037889480591,77829
SYN_SBM_C4,VerticalRes,SAGEConv,3,4,3,identity,77,0.8125,0.75,0.7422957887771873,0.6666666666666666,0.5636446475982666,28.68752932548523,77829
SYN_SBM_C4,VerticalRes,SAGEConv,4,4,3,identity,158,0.8125,0.80625,0.8039945872224354,0.7416666666666667,0.5945038795471191,43.5015971660614,77829
SYN_SBM_C5,HorizontalRes,GATConv,0,5,3,identity,95,0.775,0.71,0.714123203590683,0.6375,0.6909191608428955,57.247074842453,41030
SYN_SBM_C5,HorizontalRes,GATConv,1,5,3,identity,174,0.8,0.745,0.7436501895610235,0.6812499999999999,0.7031204700469971,73.24540114402771,41030
SYN_SBM_C5,HorizontalRes,GATConv,2,5,3,identity,100,0.8125,0.72,0.7149848141094483,0.65,0.6201425194740295,60.60605001449585,41030
SYN_SBM_C5,HorizontalRes,GATConv,3,5,3,identity,103,0.8,0.72,0.7175524475524476,0.65,0.7062051296234131,58.35745358467102,41030
SYN_SBM_C5,HorizontalRes,GATConv,4,5,3,identity,149,0.7125,0.75,0.748163185719619,0.6875,0.672869086265564,68.25542163848877,41030
SYN_SBM_C5,HorizontalRes,GCNConv,0,5,3,identity,166,0.825,0.77,0.7698457758415176,0.7125,0.6280345320701599,56.487979888916016,39494
SYN_SBM_C5,HorizontalRes,GCNConv,1,5,3,identity,134,0.7625,0.73,0.7254716728367132,0.6625,0.6438403129577637,58.77975416183472,39494
SYN_SBM_C5,HorizontalRes,GCNConv,2,5,3,identity,193,0.8375,0.79,0.7872204934348244,0.7375,0.49497362971305847,58.15409064292908,39494
SYN_SBM_C5,HorizontalRes,GCNConv,3,5,3,identity,89,0.725,0.705,0.7008535817290152,0.6312499999999999,0.6281784176826477,48.08724904060364,39494
SYN_SBM_C5,HorizontalRes,GCNConv,4,5,3,identity,179,0.8125,0.79,0.7855894479838141,0.7375,0.5893296599388123,62.893113136291504,39494
SYN_SBM_C5,HorizontalRes,GINConv,0,5,3,identity,46,0.675,0.56,0.5522200258301052,0.45,0.941863477230072,31.73942804336548,89414
SYN_SBM_C5,HorizontalRes,GINConv,1,5,3,identity,74,0.6375,0.66,0.6500310581437343,0.575,0.7914341688156128,40.33151316642761,89414
SYN_SBM_C5,HorizontalRes,GINConv,2,5,3,identity,69,0.6875,0.655,0.6479685313268522,0.56875,0.796648383140564,38.90110540390015,89414
SYN_SBM_C5,HorizontalRes,GINConv,3,5,3,identity,70,0.65,0.64,0.6387741350203497,0.5499999999999999,0.8797073364257812,39.76172113418579,89414
SYN_SBM_C5,HorizontalRes,GINConv,4,5,3,identity,48,0.5375,0.625,0.6172382079437516,0.53125,0.8662182688713074,28.298482418060303,89414
SYN_SBM_C5,HorizontalRes,SAGEConv,0,5,3,identity,102,0.775,0.64,0.6334447422124411,0.5499999999999999,0.7748895883560181,49.360466957092285,77894
SYN_SBM_C5,HorizontalRes,SAGEConv,1,5,3,identity,110,0.775,0.71,0.7031615531615533,0.6375,0.7323472499847412,49.39780592918396,77894
SYN_SBM_C5,HorizontalRes,SAGEConv,2,5,3,identity,97,0.85,0.7,0.6886428765031261,0.6249999999999999,0.6338815093040466,44.91335988044739,77894
SYN_SBM_C5,HorizontalRes,SAGEConv,3,5,3,identity,102,0.825,0.745,0.7379308428285771,0.6812499999999999,0.7275670766830444,44.565335512161255,77894
SYN_SBM_C5,HorizontalRes,SAGEConv,4,5,3,identity,170,0.725,0.745,0.7379848538717046,0.6812499999999999,0.6242251396179199,48.278499603271484,77894
SYN_SBM_C5,MatrixResGated,GATConv,0,5,3,sparse,48,0.7875,0.71,0.709268688786761,0.6375,0.7311409115791321,62.139989614486694,41030
SYN_SBM_C5,MatrixResGated,GATConv,1,5,3,sparse,116,0.7125,0.705,0.7006626656158857,0.6312499999999999,0.7216017842292786,95.31656908988953,41030
SYN_SBM_C5,MatrixResGated,GATConv,2,5,3,sparse,101,0.7875,0.735,0.7321909882612634,0.6687499999999998,0.6398470401763916,88.30629801750183,41030
SYN_SBM_C5,MatrixResGated,GATConv,3,5,3,sparse,107,0.7125,0.675,0.6718581161907733,0.59375,0.7772403955459595,89.65829157829285,41030
SYN_SBM_C5,MatrixResGated,GATConv,4,5,3,sparse,77,0.7375,0.72,0.7160344780508804,0.65,0.7164638638496399,75.40801739692688,41030
SYN_SBM_C5,MatrixResGated,GCNConv,0,5,3,sparse,138,0.825,0.735,0.7299238869729049,0.6687499999999998,0.6237283945083618,90.1038601398468,39494
SYN_SBM_C5,MatrixResGated,GCNConv,1,5,3,sparse,91,0.7375,0.74,0.7331541505211832,0.675,0.6474589705467224,70.53826260566711,39494
SYN_SBM_C5,MatrixResGated,GCNConv,2,5,3,sparse,143,0.8,0.775,0.7695828289265796,0.7187499999999999,0.48106807470321655,90.78647637367249,39494
SYN_SBM_C5,MatrixResGated,GCNConv,3,5,3,sparse,92,0.725,0.69,0.6824491473378634,0.6124999999999999,0.6840482950210571,72.74730134010315,39494
SYN_SBM_C5,MatrixResGated,GCNConv,4,5,3,sparse,143,0.775,0.755,0.7509122160373884,0.6937499999999999,0.6066417098045349,95.08203268051147,39494
SYN_SBM_C5,MatrixResGated,GINConv,0,5,3,sparse,45,0.7,0.63,0.628457718915526,0.5375,0.843798041343689,51.91086030006409,89414
SYN_SBM_C5,MatrixResGated,GINConv,1,5,3,sparse,54,0.65,0.6,0.5909103510195081,0.49999999999999994,0.8550588488578796,52.0816490650177,89414
SYN_SBM_C5,MatrixResGated,GINConv,2,5,3,sparse,58,0.725,0.625,0.6178201417083049,0.53125,0.846187949180603,54.19753360748291,89414
SYN_SBM_C5,MatrixResGated,GINConv,3,5,3,sparse,79,0.675,0.645,0.6397533951818499,0.55625,0.8721479773521423,64.25515794754028,89414
SYN_SBM_C5,MatrixResGated,GINConv,4,5,3,sparse,35,0.625,0.64,0.6317182900324816,0.5499999999999999,0.8097073435783386,48.82250952720642,89414
SYN_SBM_C5,MatrixResGated,SAGEConv,0,5,3,sparse,100,0.7375,0.695,0.6905800865800865,0.6187499999999999,0.7260662913322449,69.62052202224731,77894
SYN_SBM_C5,MatrixResGated,SAGEConv,1,5,3,sparse,104,0.775,0.72,0.7149717862046628,0.65,0.7364811897277832,72.21212840080261,77894
SYN_SBM_C5,MatrixResGated,SAGEConv,2,5,3,sparse,136,0.8125,0.725,0.7154112554112554,0.6562499999999999,0.6542037725448608,86.01610016822815,77894
SYN_SBM_C5,MatrixResGated,SAGEConv,3,5,3,sparse,156,0.775,0.705,0.6994438376588478,0.6312499999999999,0.8522710204124451,88.03756308555603,77894
SYN_SBM_C5,MatrixResGated,SAGEConv,4,5,3,sparse,95,0.7,0.71,0.7062040723751872,0.6375,0.756121039390564,70.92630195617676,77894
SYN_SBM_C5,MatrixRes,GATConv,0,5,3,identity,81,0.825,0.72,0.7235164835164836,0.65,0.712588906288147,74.84685063362122,41030
SYN_SBM_C5,MatrixRes,GATConv,1,5,3,identity,115,0.7625,0.705,0.7001037174230686,0.6312499999999999,0.7551525235176086,92.49935817718506,41030
SYN_SBM_C5,MatrixRes,GATConv,2,5,3,identity,110,0.7,0.715,0.7109113248642375,0.6437499999999998,0.6501931548118591,91.70623779296875,41030
SYN_SBM_C5,MatrixRes,GATConv,3,5,3,identity,88,0.7125,0.705,0.7044240288954924,0.6312499999999999,0.7386242747306824,76.81344962120056,41030
SYN_SBM_C5,MatrixRes,GATConv,4,5,3,identity,100,0.7125,0.72,0.718138428262437,0.65,0.7505117654800415,80.52702903747559,41030
SYN_SBM_C5,MatrixRes,GCNConv,0,5,3,identity,122,0.8125,0.755,0.7566591097241251,0.6937499999999999,0.6070782542228699,83.56987714767456,39494
SYN_SBM_C5,MatrixRes,GCNConv,1,5,3,identity,128,0.775,0.745,0.739166473522672,0.6812499999999999,0.6605122089385986,83.19736170768738,39494
SYN_SBM_C5,MatrixRes,GCNConv,2,5,3,identity,144,0.825,0.765,0.7602146526304553,0.7062499999999999,0.4980546236038208,87.09537053108215,39494
SYN_SBM_C5,MatrixRes,GCNConv,3,5,3,identity,88,0.7625,0.705,0.7015865280540077,0.6312499999999999,0.6470390558242798,71.04853010177612,39494
SYN_SBM_C5,MatrixRes,GCNConv,4,5,3,identity,142,0.7625,0.775,0.7730537792889648,0.7187499999999999,0.5989953875541687,93.51108074188232,39494
SYN_SBM_C5,MatrixRes,GINConv,0,5,3,identity,53,0.7375,0.62,0.6281911954241097,0.5249999999999999,0.8969570994377136,55.66595983505249,89414
SYN_SBM_C5,MatrixRes,GINConv,1,5,3,identity,42,0.6,0.63,0.6227593255813323,0.5375,0.799665093421936,48.52756214141846,89414
SYN_SBM_C5,MatrixRes,GINConv,2,5,3,identity,47,0.6875,0.625,0.6177021744375939,0.53125,0.8188052177429199,50.096930742263794,89414
SYN_SBM_C5,MatrixRes,GINConv,3,5,3,identity,57,0.6375,0.64,0.639636470761526,0.5499999999999999,0.8112987279891968,54.43253302574158,89414
SYN_SBM_C5,MatrixRes,GINConv,4,5,3,identity,56,0.5875,0.65,0.6297787136871172,0.5625,0.8837500214576721,52.12455868721008,89414
SYN_SBM_C5,MatrixRes,SAGEConv,0,5,3,identity,94,0.7375,0.67,0.6677058363181155,0.5875,0.7517406344413757,68.62865400314331,77894
SYN_SBM_C5,MatrixRes,SAGEConv,1,5,3,identity,103,0.75,0.705,0.6978419221569906,0.6312499999999999,0.7298426628112793,73.43794989585876,77894
SYN_SBM_C5,MatrixRes,SAGEConv,2,5,3,identity,109,0.775,0.715,0.7065493853747629,0.6437499999999998,0.6071445941925049,72.90046405792236,77894
SYN_SBM_C5,MatrixRes,SAGEConv,3,5,3,identity,142,0.7625,0.71,0.7060719392761576,0.6375,0.878868043422699,80.16420078277588,77894
SYN_SBM_C5,MatrixRes,SAGEConv,4,5,3,identity,122,0.7,0.745,0.7413286012736288,0.6812499999999999,0.7776309251785278,73.81757307052612,77894
SYN_SBM_C5,Plain,GATConv,0,5,3,identity,145,0.8125,0.725,0.7262038948785936,0.6562499999999999,0.657379686832428,57.213974475860596,41030
SYN_SBM_C5,Plain,GATConv,1,5,3,identity,172,0.7625,0.745,0.7425318418212148,0.6812499999999999,0.6365379095077515,58.281940937042236,41030
SYN_SBM_C5,Plain,GATConv,2,5,3,identity,187,0.7875,0.765,0.7624549177822606,0.7062499999999999,0.5412057638168335,57.61895227432251,41030
SYN_SBM_C5,Plain,GATConv,3,5,3,identity,123,0.75,0.725,0.7234623455091533,0.6562499999999999,0.6598431468009949,52.68212008476257,41030
SYN_SBM_C5,Plain,GATConv,4,5,3,identity,190,0.725,0.705,0.703023643023643,0.6312499999999999,0.6714622974395752,52.73090720176697,41030
SYN_SBM_C5,Plain,GCNConv,0,5,3,identity,138,0.825,0.755,0.7541829226698058,0.6937499999999999,0.5912458896636963,41.455854415893555,39494
SYN_SBM_C5,Plain,GCNConv,1,5,3,identity,156,0.775,0.755,0.7494342755890907,0.6937499999999999,0.6206471920013428,41.45860743522644,39494
SYN_SBM_C5,Plain,GCNConv,2,5,3,identity,144,0.8375,0.78,0.7763615929649929,0.7250000000000001,0.4679487347602844,43.64404249191284,39494
SYN_SBM_C5,Plain,GCNConv,3,5,3,identity,76,0.75,0.72,0.7156461249975798,0.65,0.6243111491203308,29.243017435073853,39494
SYN_SBM_C5,Plain,GCNConv,4,5,3,identity,199,0.7625,0.79,0.7883873814055744,0.7375,0.5513592958450317,41.21128058433533,39494
SYN_SBM_C5,Plain,GINConv,0,5,3,identity,73,0.675,0.625,0.6245065772868912,0.53125,0.8230334520339966,26.307913064956665,89414
SYN_SBM_C5,Plain,GINConv,1,5,3,identity,71,0.6875,0.645,0.6391357184052391,0.55625,0.8010417222976685,27.066115617752075,89414
SYN_SBM_C5,Plain,GINConv,2,5,3,identity,75,0.7,0.68,0.6731038285561524,0.6,0.7692307829856873,27.868278980255127,89414
SYN_SBM_C5,Plain,GINConv,3,5,3,identity,63,0.6625,0.65,0.6495143441741712,0.5625,0.8474360704421997,25.70036005973816,89414
SYN_SBM_C5,Plain,GINConv,4,5,3,identity,34,0.6125,0.61,0.60820387633995,0.5125,0.8439753651618958,19.022913217544556,89414
SYN_SBM_C5,Plain,SAGEConv,0,5,3,identity,108,0.7625,0.705,0.6997884244573548,0.6312499999999999,0.708373486995697,34.07690930366516,77894
SYN_SBM_C5,Plain,SAGEConv,1,5,3,identity,126,0.6875,0.695,0.685378514780101,0.6187499999999999,0.7576111555099487,37.12015986442566,77894
SYN_SBM_C5,Plain,SAGEConv,2,5,3,identity,117,0.775,0.74,0.7301441817036893,0.675,0.5722858309745789,34.98967957496643,77894
SYN_SBM_C5,Plain,SAGEConv,3,5,3,identity,100,0.725,0.685,0.6734471491939846,0.6062500000000001,0.7539948225021362,29.84875988960266,77894
SYN_SBM_C5,Plain,SAGEConv,4,5,3,identity,78,0.6875,0.715,0.7077974591361926,0.6437499999999998,0.7051704525947571,26.378902196884155,77894
SYN_SBM_C5,VerticalRes,GATConv,0,5,3,identity,122,0.825,0.72,0.7163519658875696,0.65,0.6210784316062927,61.63978052139282,41030
SYN_SBM_C5,VerticalRes,GATConv,1,5,3,identity,195,0.8,0.72,0.7138338338338338,0.65,0.6746866703033447,68.14480590820312,41030
SYN_SBM_C5,VerticalRes,GATConv,2,5,3,identity,126,0.8,0.75,0.7418086669462073,0.6875,0.5584330558776855,61.78272557258606,41030
SYN_SBM_C5,VerticalRes,GATConv,3,5,3,identity,187,0.7625,0.72,0.717119713472672,0.65,0.7098149061203003,65.60704755783081,41030
SYN_SBM_C5,VerticalRes,GATConv,4,5,3,identity,126,0.7125,0.71,0.7046234418002266,0.6375,0.67596834897995,57.7638475894928,41030
SYN_SBM_C5,VerticalRes,GCNConv,0,5,3,identity,138,0.85,0.765,0.7647816318702395,0.7062499999999999,0.5897565484046936,49.11123847961426,39494
SYN_SBM_C5,VerticalRes,GCNConv,1,5,3,identity,156,0.8125,0.72,0.7113129574415398,0.65,0.6419476866722107,51.459606409072876,39494
SYN_SBM_C5,VerticalRes,GCNConv,2,5,3,identity,197,0.8375,0.765,0.7575983895512084,0.7062499999999999,0.47406065464019775,51.74016714096069,39494
SYN_SBM_C5,VerticalRes,GCNConv,3,5,3,identity,101,0.7375,0.7,0.6932524850283059,0.6249999999999999,0.6322113275527954,44.55568218231201,39494
SYN_SBM_C5,VerticalRes,GCNConv,4,5,3,identity,142,0.8125,0.765,0.7603039943442913,0.7062499999999999,0.569305956363678,55.88006067276001,39494
SYN_SBM_C5,VerticalRes,GINConv,0,5,3,identity,49,0.7125,0.58,0.579504417151476,0.4749999999999999,0.8369361758232117,30.24566960334778,89414
SYN_SBM_C5,VerticalRes,GINConv,1,5,3,identity,89,0.675,0.63,0.6207934122029996,0.5375,0.7531100511550903,38.622458934783936,89414
SYN_SBM_C5,VerticalRes,GINConv,2,5,3,identity,93,0.725,0.675,0.6718868842217643,0.59375,0.7815709114074707,39.69783878326416,89414
SYN_SBM_C5,VerticalRes,GINConv,3,5,3,identity,67,0.675,0.63,0.6240352593335479,0.5375,0.8213781714439392,32.83392572402954,89414
SYN_SBM_C5,VerticalRes,GINConv,4,5,3,identity,57,0.625,0.635,0.6268196900155452,0.54375,0.8401231169700623,28.274990558624268,89414
SYN_SBM_C5,VerticalRes,SAGEConv,0,5,3,identity,91,0.775,0.69,0.6833524716177161,0.6124999999999999,0.7195060849189758,39.08474087715149,77894
SYN_SBM_C5,VerticalRes,SAGEConv,1,5,3,identity,126,0.8,0.71,0.7029197534619221,0.6375,0.695451021194458,48.22888946533203,77894
SYN_SBM_C5,VerticalRes,SAGEConv,2,5,3,identity,182,0.8125,0.7,0.6899475592158518,0.6249999999999999,0.5842807292938232,46.63395595550537,77894
SYN_SBM_C5,VerticalRes,SAGEConv,3,5,3,identity,156,0.7625,0.725,0.7181002566557294,0.6562499999999999,0.7549545168876648,48.038105964660645,77894
SYN_SBM_C5,VerticalRes,SAGEConv,4,5,3,identity,191,0.7125,0.765,0.7589291634368494,0.7062499999999999,0.692351222038269,45.30566453933716,77894
SYN_SBM_C6,HorizontalRes,GATConv,0,6,3,identity,151,0.6145833333333334,0.6583333333333333,0.6554912687941564,0.59,0.8858076333999634,91.83018445968628,41095
SYN_SBM_C6,HorizontalRes,GATConv,1,6,3,identity,100,0.6354166666666666,0.6041666666666666,0.5932860700825732,0.525,0.8510782718658447,69.95663166046143,41095
SYN_SBM_C6,HorizontalRes,GATConv,2,6,3,identity,94,0.6875,0.5583333333333333,0.5543606862688225,0.47000000000000003,0.8949445486068726,71.32735800743103,41095
SYN_SBM_C6,HorizontalRes,GATConv,3,6,3,identity,75,0.5208333333333334,0.6041666666666666,0.5998187947429915,0.525,0.8490871787071228,62.29400563240051,41095
SYN_SBM_C6,HorizontalRes,GATConv,4,6,3,identity,131,0.7083333333333334,0.6083333333333333,0.6063039862976451,0.5299999999999999,0.9869930744171143,79.91617512702942,41095
SYN_SBM_C6,HorizontalRes,GCNConv,0,6,3,identity,73,0.6458333333333334,0.6791666666666667,0.6753498568578823,0.6150000000000001,0.8281015753746033,45.9557626247406,39559
SYN_SBM_C6,HorizontalRes,GCNConv,1,6,3,identity,83,0.625,0.6416666666666667,0.6296889347149527,0.5700000000000001,0.8007646203041077,50.61571168899536,39559
SYN_SBM_C6,HorizontalRes,GCNConv,2,6,3,identity,71,0.65625,0.625,0.6180478198563305,0.55,0.8894593119621277,47.107563972473145,39559
SYN_SBM_C6,HorizontalRes,GCNConv,3,6,3,identity,35,0.5729166666666666,0.6708333333333333,0.6629108390244977,0.605,0.8393127918243408,35.715354204177856,39559
SYN_SBM_C6,HorizontalRes,GCNConv,4,6,3,identity,85,0.7291666666666666,0.6125,0.6128349283708013,0.535,0.9525346159934998,55.85707974433899,39559
SYN_SBM_C6,HorizontalRes,GINConv,0,6,3,identity,50,0.53125,0.5708333333333333,0.5633008048780702,0.485,1.0633141994476318,40.44025945663452,89479
SYN_SBM_C6,HorizontalRes,GINConv,1,6,3,identity,43,0.5,0.5541666666666667,0.5357792420029139,0.4650000000000001,0.9768701195716858,38.554312229156494,89479
SYN_SBM_C6,HorizontalRes,GINConv,2,6,3,identity,40,0.5104166666666666,0.5125,0.5069708714319859,0.415,1.1204997301101685,34.26971197128296,89479
SYN_SBM_C6,HorizontalRes,GINConv,3,6,3,identity,57,0.5208333333333334,0.5333333333333333,0.5209730811632801,0.44,1.083222508430481,43.64815163612366,89479
SYN_SBM_C6,HorizontalRes,GINConv,4,6,3,identity,62,0.5833333333333334,0.4875,0.46807063759294126,0.38499999999999995,1.1245765686035156,44.28845477104187,89479
SYN_SBM_C6,HorizontalRes,SAGEConv,0,6,3,identity,112,0.53125,0.5791666666666667,0.5663644083534404,0.4950000000000001,0.9359534978866577,62.33622455596924,77959
SYN_SBM_C6,HorizontalRes,SAGEConv,1,6,3,identity,106,0.59375,0.6,0.5921793553650093,0.52,0.8725441098213196,60.46462059020996,77959
SYN_SBM_C6,HorizontalRes,SAGEConv,2,6,3,identity,94,0.6354166666666666,0.5708333333333333,0.5513471631107139,0.485,0.9411287903785706,55.605353593826294,77959
SYN_SBM_C6,HorizontalRes,SAGEConv,3,6,3,identity,63,0.5833333333333334,0.5875,0.5773578979579116,0.505,0.895990252494812,38.29402017593384,77959
SYN_SBM_C6,HorizontalRes,SAGEConv,4,6,3,identity,91,0.5729166666666666,0.5416666666666666,0.5275762641624829,0.44999999999999996,1.0182716846466064,48.31660175323486,77959
SYN_SBM_C6,MatrixResGated,GATConv,0,6,3,sparse,84,0.5625,0.6125,0.6025793141059264,0.535,0.9208459854125977,99.20933222770691,41095
SYN_SBM_C6,MatrixResGated,GATConv,1,6,3,sparse,79,0.59375,0.6583333333333333,0.6523081290952909,0.59,0.8650892972946167,94.26503920555115,41095
SYN_SBM_C6,MatrixResGated,GATConv,2,6,3,sparse,93,0.6458333333333334,0.5541666666666667,0.5535270956663845,0.4650000000000001,0.9554091691970825,105.120272397995,41095
SYN_SBM_C6,MatrixResGated,GATConv,3,6,3,sparse,76,0.6145833333333334,0.6166666666666667,0.6060768609474966,0.54,0.8603466749191284,94.08201241493225,41095
SYN_SBM_C6,MatrixResGated,GATConv,4,6,3,sparse,119,0.6875,0.5708333333333333,0.5677124148310785,0.485,1.0399818420410156,111.54036140441895,41095
SYN_SBM_C6,MatrixResGated,GCNConv,0,6,3,sparse,75,0.6354166666666666,0.65,0.6442593663646295,0.5800000000000001,0.8624423742294312,75.33694791793823,39559
SYN_SBM_C6,MatrixResGated,GCNConv,1,6,3,sparse,115,0.65625,0.6375,0.6261403435316479,0.565,0.8116605281829834,97.28524041175842,39559
SYN_SBM_C6,MatrixResGated,GCNConv,2,6,3,sparse,72,0.6145833333333334,0.6166666666666667,0.6110508201132326,0.54,0.8723766207695007,76.66792392730713,39559
SYN_SBM_C6,MatrixResGated,GCNConv,3,6,3,sparse,74,0.65625,0.65,0.6350911195626795,0.5800000000000001,0.7956898212432861,79.5662956237793,39559
SYN_SBM_C6,MatrixResGated,GCNConv,4,6,3,sparse,97,0.6875,0.5916666666666667,0.5866360002298362,0.51,0.9403368234634399,93.51131677627563,39559
SYN_SBM_C6,MatrixResGated,GINConv,0,6,3,sparse,63,0.625,0.5708333333333333,0.5630168557035481,0.485,1.1194069385528564,72.64163637161255,89479
SYN_SBM_C6,MatrixResGated,GINConv,1,6,3,sparse,37,0.5,0.525,0.5151380406443088,0.43000000000000005,0.9732416868209839,57.417248487472534,89479
SYN_SBM_C6,MatrixResGated,GINConv,2,6,3,sparse,42,0.5104166666666666,0.5666666666666667,0.5590748013134136,0.48,1.1080992221832275,61.8607542514801,89479
SYN_SBM_C6,MatrixResGated,GINConv,3,6,3,sparse,47,0.625,0.5375,0.5332674378975026,0.445,1.0253561735153198,64.02472805976868,89479
SYN_SBM_C6,MatrixResGated,GINConv,4,6,3,sparse,40,0.5104166666666666,0.525,0.508462035406138,0.43000000000000005,1.0245383977890015,57.76834964752197,89479
SYN_SBM_C6,MatrixResGated,SAGEConv,0,6,3,sparse,83,0.5208333333333334,0.5583333333333333,0.5443555020818346,0.47000000000000003,1.0067893266677856,84.25458860397339,77959
SYN_SBM_C6,MatrixResGated,SAGEConv,1,6,3,sparse,84,0.5625,0.5708333333333333,0.5410303208548789,0.485,0.8930572867393494,81.51817798614502,77959
SYN_SBM_C6,MatrixResGated,SAGEConv,2,6,3,sparse,103,0.5833333333333334,0.5791666666666667,0.5669304394501656,0.4950000000000001,0.9706704616546631,91.58796644210815,77959
SYN_SBM_C6,MatrixResGated,SAGEConv,3,6,3,sparse,59,0.6145833333333334,0.6125,0.5945355225927553,0.535,0.9171661138534546,67.64456534385681,77959
SYN_SBM_C6,MatrixResGated,SAGEConv,4,6,3,sparse,61,0.59375,0.5583333333333333,0.5487004112920824,0.47000000000000003,1.0324623584747314,66.53408288955688,77959
SYN_SBM_C6,MatrixRes,GATConv,0,6,3,identity,48,0.59375,0.6416666666666667,0.6408695258856014,0.5700000000000001,0.952522873878479,73.65525102615356,41095
SYN_SBM_C6,MatrixRes,GATConv,1,6,3,identity,77,0.5729166666666666,0.5958333333333333,0.5979115449767624,0.515,0.9020954370498657,90.0240364074707,41095
SYN_SBM_C6,MatrixRes,GATConv,2,6,3,identity,88,0.6770833333333334,0.5833333333333334,0.5791639064009207,0.5000000000000001,0.8772557377815247,99.00567078590393,41095
SYN_SBM_C6,MatrixRes,GATConv,3,6,3,identity,62,0.6458333333333334,0.55,0.5354305321203706,0.4600000000000001,0.8880345225334167,82.30307126045227,41095
SYN_SBM_C6,MatrixRes,GATConv,4,6,3,identity,150,0.65625,0.6541666666666667,0.6539879335557014,0.5850000000000001,1.02090322971344,128.70172834396362,41095
SYN_SBM_C6,MatrixRes,GCNConv,0,6,3,identity,88,0.65625,0.6375,0.6379539139910656,0.565,0.8702326416969299,81.07534551620483,39559
SYN_SBM_C6,MatrixRes,GCNConv,1,6,3,identity,63,0.5520833333333334,0.6208333333333333,0.6002807152139108,0.545,0.8175492882728577,69.16125321388245,39559
SYN_SBM_C6,MatrixRes,GCNConv,2,6,3,identity,92,0.65625,0.6208333333333333,0.6137328662331863,0.545,0.848824143409729,86.60137677192688,39559
SYN_SBM_C6,MatrixRes,GCNConv,3,6,3,identity,62,0.6458333333333334,0.6541666666666667,0.6441353026177075,0.5850000000000001,0.793872058391571,72.09062385559082,39559
SYN_SBM_C6,MatrixRes,GCNConv,4,6,3,identity,114,0.7083333333333334,0.6083333333333333,0.6060555648575844,0.5299999999999999,0.9393008947372437,101.35843539237976,39559
SYN_SBM_C6,MatrixRes,GINConv,0,6,3,identity,46,0.5208333333333334,0.6,0.6000541890410307,0.52,1.000661849975586,62.22511696815491,89479
SYN_SBM_C6,MatrixRes,GINConv,1,6,3,identity,53,0.5729166666666666,0.5708333333333333,0.5684873686189015,0.485,1.0237774848937988,65.04624128341675,89479
SYN_SBM_C6,MatrixRes,GINConv,2,6,3,identity,24,0.5833333333333334,0.5625,0.5529672761110966,0.47500000000000003,1.0741170644760132,50.9529230594635,89479
SYN_SBM_C6,MatrixRes,GINConv,3,6,3,identity,61,0.5625,0.55,0.5439058767319637,0.4600000000000001,1.0552090406417847,69.81392693519592,89479
SYN_SBM_C6,MatrixRes,GINConv,4,6,3,identity,53,0.5416666666666666,0.55,0.5455411527769112,0.4600000000000001,1.0233211517333984,68.56903028488159,89479
SYN_SBM_C6,MatrixRes,SAGEConv,0,6,3,identity,80,0.5416666666666666,0.5708333333333333,0.5639850255689499,0.485,1.0061556100845337,79.6912477016449,77959
SYN_SBM_C6,MatrixRes,SAGEConv,1,6,3,identity,106,0.59375,0.6083333333333333,0.5964675383280034,0.5299999999999999,0.8758155703544617,91.36542463302612,77959
SYN_SBM_C6,MatrixRes,SAGEConv,2,6,3,identity,78,0.6354166666666666,0.6083333333333333,0.5965361821030001,0.5299999999999999,0.9150010347366333,75.92588829994202,77959
SYN_SBM_C6,MatrixRes,SAGEConv,3,6,3,identity,86,0.6041666666666666,0.6416666666666667,0.634217063237912,0.5700000000000001,0.8297489285469055,79.63738989830017,77959
SYN_SBM_C6,MatrixRes,SAGEConv,4,6,3,identity,61,0.5833333333333334,0.5583333333333333,0.5532042399241727,0.47000000000000003,1.0159399509429932,63.574291467666626,77959
SYN_SBM_C6,Plain,GATConv,0,6,3,identity,96,0.5625,0.6125,0.6077588716579814,0.535,0.9019943475723267,54.119059801101685,41095
SYN_SBM_C6,Plain,GATConv,1,6,3,identity,80,0.6041666666666666,0.6166666666666667,0.6095758055134716,0.54,0.8405614495277405,47.19111752510071,41095
SYN_SBM_C6,Plain,GATConv,2,6,3,identity,113,0.6354166666666666,0.5958333333333333,0.5913361961554733,0.515,0.8989940881729126,59.87735939025879,41095
SYN_SBM_C6,Plain,GATConv,3,6,3,identity,66,0.6145833333333334,0.65,0.6368759018759019,0.5800000000000001,0.840535581111908,42.00516867637634,41095
SYN_SBM_C6,Plain,GATConv,4,6,3,identity,67,0.6145833333333334,0.5791666666666667,0.569657677266373,0.4950000000000001,0.947909951210022,42.071653842926025,41095
SYN_SBM_C6,Plain,GCNConv,0,6,3,identity,122,0.625,0.675,0.6740966028616632,0.6100000000000001,0.8249537348747253,45.728684425354004,39559
SYN_SBM_C6,Plain,GCNConv,1,6,3,identity,85,0.6666666666666666,0.6833333333333333,0.6725635313810564,0.62,0.8067461848258972,39.49896597862244,39559
SYN_SBM_C6,Plain,GCNConv,2,6,3,identity,177,0.6770833333333334,0.5916666666666667,0.5836335564046392,0.51,0.8354370594024658,50.19193506240845,39559
SYN_SBM_C6,Plain,GCNConv,3,6,3,identity,56,0.625,0.675,0.6612646981450004,0.6100000000000001,0.8014437556266785,31.01117205619812,39559
SYN_SBM_C6,Plain,GCNConv,4,6,3,identity,104,0.6979166666666666,0.6416666666666667,0.639352011616651,0.5700000000000001,0.8722007870674133,48.16846966743469,39559
SYN_SBM_C6,Plain,GINConv,0,6,3,identity,62,0.5729166666666666,0.5166666666666667,0.5073342875762231,0.4200000000000001,1.166602373123169,30.14797830581665,89479
SYN_SBM_C6,Plain,GINConv,1,6,3,identity,53,0.5,0.5208333333333334,0.515080414839944,0.42500000000000004,0.9827982783317566,28.344847440719604,89479
SYN_SBM_C6,Plain,GINConv,2,6,3,identity,65,0.5520833333333334,0.5458333333333333,0.5376832432896507,0.45499999999999996,1.0993125438690186,30.67702317237854,89479
SYN_SBM_C6,Plain,GINConv,3,6,3,identity,77,0.5729166666666666,0.5416666666666666,0.536545783100844,0.44999999999999996,1.0587608814239502,36.31545853614807,89479
SYN_SBM_C6,Plain,GINConv,4,6,3,identity,104,0.5729166666666666,0.4625,0.4584334201825859,0.35500000000000004,1.2410509586334229,44.00761675834656,89479
SYN_SBM_C6,Plain,SAGEConv,0,6,3,identity,80,0.5520833333333334,0.5916666666666667,0.5836735038693129,0.51,0.9460829496383667,37.95460772514343,77959
SYN_SBM_C6,Plain,SAGEConv,1,6,3,identity,136,0.5729166666666666,0.6083333333333333,0.5998154009267834,0.5299999999999999,0.869053840637207,46.92057394981384,77959
SYN_SBM_C6,Plain,SAGEConv,2,6,3,identity,111,0.6666666666666666,0.5875,0.5760570594771788,0.505,0.8902288675308228,37.5385479927063,77959
SYN_SBM_C6,Plain,SAGEConv,3,6,3,identity,54,0.6354166666666666,0.6041666666666666,0.5841113700951385,0.525,0.8966959714889526,28.1404926776886,77959
SYN_SBM_C6,Plain,SAGEConv,4,6,3,identity,129,0.65625,0.5958333333333333,0.5853241015998216,0.515,0.9912302494049072,43.64417839050293,77959
SYN_SBM_C6,VerticalRes,GATConv,0,6,3,identity,95,0.5833333333333334,0.6208333333333333,0.6130907187700777,0.545,0.9152194857597351,61.33635401725769,41095
SYN_SBM_C6,VerticalRes,GATConv,1,6,3,identity,123,0.5833333333333334,0.6333333333333333,0.627288282390605,0.5599999999999999,0.8447132110595703,73.85933494567871,41095
SYN_SBM_C6,VerticalRes,GATConv,2,6,3,identity,107,0.6875,0.55,0.5513719677964893,0.4600000000000001,0.8973392248153687,71.6469075679779,41095
SYN_SBM_C6,VerticalRes,GATConv,3,6,3,identity,84,0.5729166666666666,0.6708333333333333,0.670873320120308,0.605,0.8286035656929016,62.709036350250244,41095
SYN_SBM_C6,VerticalRes,GATConv,4,6,3,identity,64,0.6458333333333334,0.5583333333333333,0.5476157825966447,0.47000000000000003,0.9754551649093628,52.86363506317139,41095
SYN_SBM_C6,VerticalRes,GCNConv,0,6,3,identity,78,0.6145833333333334,0.6708333333333333,0.6686815167497587,0.605,0.8348358273506165,41.995261907577515,39559
SYN_SBM_C6,VerticalRes,GCNConv,1,6,3,identity,61,0.6458333333333334,0.6333333333333333,0.6106450719822812,0.5599999999999999,0.824204683303833,37.323118925094604,39559
SYN_SBM_C6,VerticalRes,GCNConv,2,6,3,identity,138,0.6666666666666666,0.6083333333333333,0.597483164983165,0.5299999999999999,0.8508987426757812,64.29845190048218,39559
SYN_SBM_C6,VerticalRes,GCNConv,3,6,3,identity,79,0.59375,0.65,0.6293112789524128,0.5800000000000001,0.7716792821884155,46.64681839942932,39559
SYN_SBM_C6,VerticalRes,GCNConv,4,6,3,identity,100,0.6770833333333334,0.6041666666666666,0.5995966547798762,0.525,0.9071000218391418,52.311986446380615,39559
SYN_SBM_C6,VerticalRes,GINConv,0,6,3,identity,46,0.4791666666666667,0.5125,0.4899824918302393,0.415,1.0388208627700806,34.256831884384155,89479
SYN_SBM_C6,VerticalRes,GINConv,1,6,3,identity,36,0.5729166666666666,0.5416666666666666,0.5196104489077188,0.44999999999999996,0.9461514353752136,31.903671741485596,89479
SYN_SBM_C6,VerticalRes,GINConv,2,6,3,identity,50,0.5208333333333334,0.5208333333333334,0.5060173043119321,0.42500000000000004,1.1107478141784668,34.09460663795471,89479
SYN_SBM_C6,VerticalRes,GINConv,3,6,3,identity,79,0.5416666666666666,0.55,0.5506437129776627,0.4600000000000001,1.0135705471038818,43.9140305519104,89479
SYN_SBM_C6,VerticalRes,GINConv,4,6,3,identity,64,0.5833333333333334,0.5,0.4861201532697688,0.4,1.079224705696106,42.38298559188843,89479
SYN_SBM_C6,VerticalRes,SAGEConv,0,6,3,identity,81,0.5520833333333334,0.6208333333333333,0.6141166297128677,0.545,0.9581095576286316,40.52759289741516,77959
SYN_SBM_C6,VerticalRes,SAGEConv,1,6,3,identity,96,0.59375,0.5916666666666667,0.5732973700342786,0.51,0.8865206241607666,46.91390252113342,77959
SYN_SBM_C6,VerticalRes,SAGEConv,2,6,3,identity,109,0.59375,0.5666666666666667,0.5548752766350357,0.48,0.936971127986908,49.13859820365906,77959
SYN_SBM_C6,VerticalRes,SAGEConv,3,6,3,identity,86,0.625,0.6333333333333333,0.6212137977335668,0.5599999999999999,0.8223439455032349,45.152021408081055,77959
SYN_SBM_C6,VerticalRes,SAGEConv,4,6,3,identity,100,0.6354166666666666,0.6208333333333333,0.6127968015834212,0.545,1.0066286325454712,44.51762318611145,77959
SYN_SBM_C7,HorizontalRes,GATConv,0,7,3,identity,89,0.5625,0.6,0.5865246707991678,0.5333333333333333,1.0015326516968863,74.68238401412964,41160
SYN_SBM_C7,HorizontalRes,GATConv,1,7,3,identity,153,0.6160714285714286,0.5214285714285715,0.5196767828136831,0.4416666666666667,1.1304414987564086,95.33132195472717,41160
SYN_SBM_C7,HorizontalRes,GATConv,2,7,3,identity,97,0.5357142857142857,0.575,0.5619490568195725,0.5041666666666665,1.0009534171649388,74.5626893043518,41160
SYN_SBM_C7,HorizontalRes,GATConv,3,7,3,identity,74,0.5357142857142857,0.5964285714285714,0.5865716727894329,0.5291666666666667,1.0345852443150112,68.31491827964783,41160
SYN_SBM_C7,HorizontalRes,GATConv,4,7,3,identity,182,0.5357142857142857,0.5928571428571429,0.5810737047534887,0.525,0.892946297781808,88.14985036849976,41160
SYN_SBM_C7,HorizontalRes,GCNConv,0,7,3,identity,81,0.5446428571428571,0.6071428571428571,0.5865551918959581,0.5416666666666666,0.9772709097181048,53.63644099235535,39624
SYN_SBM_C7,HorizontalRes,GCNConv,1,7,3,identity,163,0.6339285714285714,0.5642857142857143,0.5623528046226358,0.49166666666666664,1.083937840802329,78.49740290641785,39624
SYN_SBM_C7,HorizontalRes,GCNConv,2,7,3,identity,98,0.5267857142857143,0.5964285714285714,0.5833445633886628,0.5291666666666667,0.9502625874110631,63.709978342056274,39624
SYN_SBM_C7,HorizontalRes,GCNConv,3,7,3,identity,90,0.5982142857142857,0.5928571428571429,0.5933718547488296,0.525,1.006085969720568,58.14718461036682,39624
SYN_SBM_C7,HorizontalRes,GCNConv,4,7,3,identity,118,0.5982142857142857,0.5892857142857143,0.573013885741619,0.5208333333333334,0.885424086025783,70.46921944618225,39624
SYN_SBM_C7,HorizontalRes,GINConv,0,7,3,identity,47,0.39285714285714285,0.45357142857142857,0.42958667294072667,0.3625,1.1592301845550537,41.32192540168762,89544
SYN_SBM_C7,HorizontalRes,GINConv,1,7,3,identity,42,0.5625,0.44285714285714284,0.4439544384393707,0.35,1.2991715158735002,39.77482724189758,89544
SYN_SBM_C7,HorizontalRes,GINConv,2,7,3,identity,72,0.45535714285714285,0.4857142857142857,0.47104731287288176,0.39999999999999997,1.115942679132734,49.91033220291138,89544
SYN_SBM_C7,HorizontalRes,GINConv,3,7,3,identity,47,0.48214285714285715,0.44642857142857145,0.41499589851747215,0.3541666666666667,1.2542565362794058,40.066892862319946,89544
SYN_SBM_C7,HorizontalRes,GINConv,4,7,3,identity,23,0.4107142857142857,0.48214285714285715,0.44972412806140855,0.3958333333333333,1.1271632466997419,32.32723879814148,89544
SYN_SBM_C7,HorizontalRes,SAGEConv,0,7,3,identity,75,0.5535714285714286,0.6035714285714285,0.5899975000376492,0.5375,1.016746916089739,50.828258991241455,78024
SYN_SBM_C7,HorizontalRes,SAGEConv,1,7,3,identity,88,0.5714285714285714,0.5428571428571428,0.5250019885504276,0.4666666666666666,1.1878495522907802,57.3587212562561,78024
SYN_SBM_C7,HorizontalRes,SAGEConv,2,7,3,identity,85,0.5089285714285714,0.5321428571428571,0.5095057558775834,0.45416666666666666,1.0422438178743636,55.49602818489075,78024
SYN_SBM_C7,HorizontalRes,SAGEConv,3,7,3,identity,66,0.48214285714285715,0.5178571428571429,0.5006872089865287,0.43750000000000006,1.1473635639463151,44.03588008880615,78024
SYN_SBM_C7,HorizontalRes,SAGEConv,4,7,3,identity,90,0.5625,0.5392857142857143,0.5077656700995571,0.46249999999999997,0.9741538047790528,51.53424596786499,78024
SYN_SBM_C7,MatrixResGated,GATConv,0,7,3,sparse,88,0.5089285714285714,0.575,0.5626322498696449,0.5041666666666665,1.0308627554348537,107.40715909004211,41160
SYN_SBM_C7,MatrixResGated,GATConv,1,7,3,sparse,85,0.6607142857142857,0.5321428571428571,0.523427554378335,0.45416666666666666,1.1422385726656232,105.97742223739624,41160
SYN_SBM_C7,MatrixResGated,GATConv,2,7,3,sparse,65,0.5357142857142857,0.5357142857142857,0.5175288773619736,0.4583333333333333,1.0612657683236257,89.27346277236938,41160
SYN_SBM_C7,MatrixResGated,GATConv,3,7,3,sparse,100,0.5535714285714286,0.5857142857142857,0.5824643507721264,0.5166666666666667,1.0776237436703273,108.2802414894104,41160
SYN_SBM_C7,MatrixResGated,GATConv,4,7,3,sparse,83,0.5089285714285714,0.5535714285714286,0.5402572616428037,0.4791666666666667,0.9534707512174334,99.81005573272705,41160
SYN_SBM_C7,MatrixResGated,GCNConv,0,7,3,sparse,93,0.5535714285714286,0.5964285714285714,0.5762095948810225,0.5291666666666667,0.980717865058354,90.77226877212524,39624
SYN_SBM_C7,MatrixResGated,GCNConv,1,7,3,sparse,106,0.6160714285714286,0.5571428571428572,0.5489194483547023,0.48333333333333334,1.1160583427974156,102.42515873908997,39624
SYN_SBM_C7,MatrixResGated,GCNConv,2,7,3,sparse,115,0.5625,0.5785714285714286,0.561811103571294,0.5083333333333334,0.9632767881665911,106.68845129013062,39624
SYN_SBM_C7,MatrixResGated,GCNConv,3,7,3,sparse,139,0.5714285714285714,0.5714285714285714,0.5631305807408103,0.49999999999999994,1.0030003530638558,120.30827188491821,39624
SYN_SBM_C7,MatrixResGated,GCNConv,4,7,3,sparse,183,0.5892857142857143,0.5892857142857143,0.581393719231237,0.5208333333333334,0.8980449421065194,137.1521270275116,39624
SYN_SBM_C7,MatrixResGated,GINConv,0,7,3,sparse,19,0.33035714285714285,0.42142857142857143,0.4246350246657748,0.325,1.2433378764561245,54.41715478897095,89544
SYN_SBM_C7,MatrixResGated,GINConv,1,7,3,sparse,66,0.5178571428571429,0.4357142857142857,0.43289270867977925,0.3416666666666667,1.3351012638636999,76.87737727165222,89544
SYN_SBM_C7,MatrixResGated,GINConv,2,7,3,sparse,54,0.49107142857142855,0.5035714285714286,0.49808963530555933,0.4208333333333333,1.174968491281782,70.72606611251831,89544
SYN_SBM_C7,MatrixResGated,GINConv,3,7,3,sparse,62,0.5267857142857143,0.48928571428571427,0.4871852021101879,0.4041666666666666,1.2360359294073922,75.32298111915588,89544
SYN_SBM_C7,MatrixResGated,GINConv,4,7,3,sparse,26,0.4642857142857143,0.5178571428571429,0.5039963774435824,0.43750000000000006,1.1183092866625104,57.801140785217285,89544
SYN_SBM_C7,MatrixResGated,SAGEConv,0,7,3,sparse,64,0.5267857142857143,0.525,0.5070454412556137,0.44583333333333336,1.054093905857631,77.74762916564941,78024
SYN_SBM_C7,MatrixResGated,SAGEConv,1,7,3,sparse,121,0.5714285714285714,0.5464285714285714,0.5394124379741221,0.47083333333333327,1.2122575555528914,110.30360293388367,78024
SYN_SBM_C7,MatrixResGated,SAGEConv,2,7,3,sparse,78,0.5267857142857143,0.55,0.5264053416977592,0.47500000000000003,1.0457300697054182,78.57428073883057,78024
SYN_SBM_C7,MatrixResGated,SAGEConv,3,7,3,sparse,107,0.5535714285714286,0.5857142857142857,0.5784613724330036,0.5166666666666667,1.1779774870191302,97.6007981300354,78024
SYN_SBM_C7,MatrixResGated,SAGEConv,4,7,3,sparse,111,0.6339285714285714,0.5321428571428571,0.5125168450917081,0.45416666666666666,0.985767752783639,94.9041121006012,78024
SYN_SBM_C7,MatrixRes,GATConv,0,7,3,identity,50,0.48214285714285715,0.5464285714285714,0.5228919408341862,0.47083333333333327,1.0474674701690674,81.68002557754517,41160
SYN_SBM_C7,MatrixRes,GATConv,1,7,3,identity,83,0.5982142857142857,0.55,0.5503099597295416,0.47500000000000003,1.1523500749043056,100.78301286697388,41160
SYN_SBM_C7,MatrixRes,GATConv,2,7,3,identity,69,0.5803571428571429,0.5642857142857143,0.5599637290976837,0.49166666666666664,1.0373431852885655,87.45218110084534,41160
SYN_SBM_C7,MatrixRes,GATConv,3,7,3,identity,103,0.5625,0.5892857142857143,0.5864120853942948,0.5208333333333334,1.1013148733547755,108.88515520095825,41160
SYN_SBM_C7,MatrixRes,GATConv,4,7,3,identity,81,0.5982142857142857,0.5678571428571428,0.5608486154842218,0.4958333333333333,0.8998956680297852,93.31263947486877,41160
SYN_SBM_C7,MatrixRes,GCNConv,0,7,3,identity,81,0.5,0.6285714285714286,0.6136903270173092,0.5666666666666667,0.968245027746473,83.74243879318237,39624
SYN_SBM_C7,MatrixRes,GCNConv,1,7,3,identity,97,0.6071428571428571,0.5571428571428572,0.5516346863225263,0.48333333333333334,1.119437061037336,92.37984919548035,39624
SYN_SBM_C7,MatrixRes,GCNConv,2,7,3,identity,74,0.5625,0.5821428571428572,0.5692346073641981,0.5125000000000001,0.9665881957326616,82.31461071968079,39624
SYN_SBM_C7,MatrixRes,GCNConv,3,7,3,identity,105,0.5892857142857143,0.6178571428571429,0.6185919251362241,0.5541666666666667,1.034292583806174,98.55734729766846,39624
SYN_SBM_C7,MatrixRes,GCNConv,4,7,3,identity,158,0.5892857142857143,0.6035714285714285,0.5982484389239942,0.5375,0.8828732098851885,131.82774806022644,39624
SYN_SBM_C7,MatrixRes,GINConv,0,7,3,identity,27,0.38392857142857145,0.5107142857142857,0.4810386592401266,0.4291666666666666,1.1053608213152204,57.85611581802368,89544
SYN_SBM_C7,MatrixRes,GINConv,1,7,3,identity,78,0.5535714285714286,0.42142857142857143,0.42095760910831814,0.325,1.377895532335554,80.43629026412964,89544
SYN_SBM_C7,MatrixRes,GINConv,2,7,3,identity,69,0.4642857142857143,0.5214285714285715,0.5164582030435689,0.4416666666666667,1.1940831865583148,75.95266222953796,89544
SYN_SBM_C7,MatrixRes,GINConv,3,7,3,identity,36,0.5714285714285714,0.4714285714285714,0.4699776340307902,0.3833333333333333,1.220580063547407,62.44215393066406,89544
SYN_SBM_C7,MatrixRes,GINConv,4,7,3,identity,46,0.42857142857142855,0.5607142857142857,0.5517954856738976,0.4875,1.0104066269738334,66.09039258956909,89544
SYN_SBM_C7,MatrixRes,SAGEConv,0,7,3,identity,70,0.5089285714285714,0.5392857142857143,0.5256922163982136,0.46249999999999997,1.0460785933903285,81.83386254310608,78024
SYN_SBM_C7,MatrixRes,SAGEConv,1,7,3,identity,117,0.5178571428571429,0.5464285714285714,0.5386196797770891,0.47083333333333327,1.2246636050088064,102.75426030158997,78024
SYN_SBM_C7,MatrixRes,SAGEConv,2,7,3,identity,123,0.5357142857142857,0.5857142857142857,0.5726753118623682,0.5166666666666667,1.0362868274961199,97.26929068565369,78024
SYN_SBM_C7,MatrixRes,SAGEConv,3,7,3,identity,119,0.5446428571428571,0.5892857142857143,0.5870252075536627,0.5208333333333334,1.1456121853419712,97.51512289047241,78024
SYN_SBM_C7,MatrixRes,SAGEConv,4,7,3,identity,84,0.5892857142857143,0.5428571428571428,0.530742152150933,0.4666666666666666,0.9761377130235944,83.26166439056396,78024
SYN_SBM_C7,Plain,GATConv,0,7,3,identity,195,0.5803571428571429,0.6107142857142858,0.5999632706889326,0.5458333333333334,0.9724607808249337,77.05556535720825,41160
SYN_SBM_C7,Plain,GATConv,1,7,3,identity,186,0.6517857142857143,0.5571428571428572,0.5575493377429726,0.48333333333333334,1.1068684475762502,75.59560489654541,41160
SYN_SBM_C7,Plain,GATConv,2,7,3,identity,93,0.5535714285714286,0.5678571428571428,0.5628503445187288,0.4958333333333333,1.0314700671604702,58.37224054336548,41160
SYN_SBM_C7,Plain,GATConv,3,7,3,identity,133,0.5982142857142857,0.5821428571428572,0.5827417147239439,0.5125000000000001,1.020538350514003,73.58632826805115,41160
SYN_SBM_C7,Plain,GATConv,4,7,3,identity,137,0.4642857142857143,0.6285714285714286,0.6191614323556066,0.5666666666666667,0.9009714875902448,66.00566458702087,41160
SYN_SBM_C7,Plain,GCNConv,0,7,3,identity,102,0.5714285714285714,0.6392857142857142,0.6278626020484024,0.5791666666666666,0.9328048212187631,44.696778774261475,39624
SYN_SBM_C7,Plain,GCNConv,1,7,3,identity,158,0.5892857142857143,0.5678571428571428,0.5629242651202179,0.4958333333333333,1.05407863174166,55.21523070335388,39624
SYN_SBM_C7,Plain,GCNConv,2,7,3,identity,103,0.5714285714285714,0.6071428571428571,0.5909675322904435,0.5416666666666666,0.943666786806924,47.2914137840271,39624
SYN_SBM_C7,Plain,GCNConv,3,7,3,identity,163,0.5982142857142857,0.625,0.6245240599277706,0.5625,0.986495862688337,56.475398778915405,39624
SYN_SBM_C7,Plain,GCNConv,4,7,3,identity,171,0.5714285714285714,0.6071428571428571,0.5925381126101913,0.5416666666666666,0.8259594764028276,57.205392837524414,39624
SYN_SBM_C7,Plain,GINConv,0,7,3,identity,32,0.38392857142857145,0.45357142857142857,0.44134301294773376,0.3625,1.1789410659245083,24.83657479286194,89544
SYN_SBM_C7,Plain,GINConv,1,7,3,identity,54,0.5,0.44642857142857145,0.4194429995120726,0.3541666666666667,1.376017621585301,29.030397653579712,89544
SYN_SBM_C7,Plain,GINConv,2,7,3,identity,49,0.4642857142857143,0.5428571428571428,0.526637013145815,0.4666666666666666,1.1086591107504709,30.13040280342102,89544
SYN_SBM_C7,Plain,GINConv,3,7,3,identity,61,0.49107142857142855,0.48214285714285715,0.47935878521850495,0.3958333333333333,1.2414949928011214,33.86568999290466,89544
SYN_SBM_C7,Plain,GINConv,4,7,3,identity,35,0.4107142857142857,0.5,0.47363771199174837,0.41666666666666663,1.09300845350538,26.204689025878906,89544
SYN_SBM_C7,Plain,SAGEConv,0,7,3,identity,88,0.6071428571428571,0.5821428571428572,0.561599869292828,0.5125000000000001,1.028682029247284,39.43749952316284,78024
SYN_SBM_C7,Plain,SAGEConv,1,7,3,identity,105,0.5892857142857143,0.5392857142857143,0.5301468303534371,0.46249999999999997,1.1623305422919137,44.435423374176025,78024
SYN_SBM_C7,Plain,SAGEConv,2,7,3,identity,91,0.4732142857142857,0.5607142857142857,0.5432237016752579,0.4875,1.0074735624449593,40.44709897041321,78024
SYN_SBM_C7,Plain,SAGEConv,3,7,3,identity,116,0.5446428571428571,0.5642857142857143,0.557887834538365,0.49166666666666664,1.1244546907288688,43.88965678215027,78024
SYN_SBM_C7,Plain,SAGEConv,4,7,3,identity,75,0.5446428571428571,0.5285714285714286,0.5097694937581313,0.45,0.9937872307641166,34.95481586456299,78024
SYN_SBM_C7,VerticalRes,GATConv,0,7,3,identity,145,0.5357142857142857,0.5928571428571429,0.5790184504008877,0.525,0.9625968166760036,85.13581013679504,41160
SYN_SBM_C7,VerticalRes,GATConv,1,7,3,identity,107,0.5625,0.5714285714285714,0.5646680110965826,0.49999999999999994,1.1267115899494715,76.20727181434631,41160
SYN_SBM_C7,VerticalRes,GATConv,2,7,3,identity,103,0.5178571428571429,0.5535714285714286,0.5336108392844895,0.4791666666666667,0.9902406079428536,74.73284721374512,41160
SYN_SBM_C7,VerticalRes,GATConv,3,7,3,identity,176,0.6071428571428571,0.5892857142857143,0.5900982402017598,0.5208333333333334,1.0694181050573077,87.42104482650757,41160
SYN_SBM_C7,VerticalRes,GATConv,4,7,3,identity,195,0.5803571428571429,0.5821428571428572,0.5743572337873031,0.5125000000000001,0.9056694405419486,81.90048623085022,41160
SYN_SBM_C7,VerticalRes,GCNConv,0,7,3,identity,81,0.5357142857142857,0.6321428571428571,0.6194827484157587,0.5708333333333333,0.9452600734574454,46.69087076187134,39624
SYN_SBM_C7,VerticalRes,GCNConv,1,7,3,identity,121,0.6339285714285714,0.5785714285714286,0.5747146978799996,0.5083333333333334,1.0721413203648158,62.58785796165466,39624
SYN_SBM_C7,VerticalRes,GCNConv,2,7,3,identity,115,0.5714285714285714,0.6071428571428571,0.5969452108946276,0.5416666666666666,0.9228527222360884,59.05301547050476,39624
SYN_SBM_C7,VerticalRes,GCNConv,3,7,3,identity,79,0.5714285714285714,0.6464285714285715,0.6460571802741076,0.5874999999999999,0.9941358855792455,50.01058864593506,39624
SYN_SBM_C7,VerticalRes,GCNConv,4,7,3,identity,156,0.5892857142857143,0.5892857142857143,0.5760124651464357,0.5208333333333334,0.8704935363360814,69.66257619857788,39624
SYN_SBM_C7,VerticalRes,GINConv,0,7,3,identity,74,0.5,0.4714285714285714,0.45685797894662894,0.3833333333333333,1.1088974067143031,45.813194036483765,89544
SYN_SBM_C7,VerticalRes,GINConv,1,7,3,identity,85,0.5446428571428571,0.5035714285714286,0.4903572990967949,0.4208333333333333,1.3510613611766271,45.856810331344604,89544
SYN_SBM_C7,VerticalRes,GINConv,2,7,3,identity,70,0.5089285714285714,0.5321428571428571,0.5280195187199103,0.45416666666666666,1.1375457627432688,42.54475498199463,89544
SYN_SBM_C7,VerticalRes,GINConv,3,7,3,identity,110,0.5446428571428571,0.4928571428571429,0.4825619021964537,0.4083333333333333,1.192362093925476,58.40336799621582,89544
SYN_SBM_C7,VerticalRes,GINConv,4,7,3,identity,57,0.45535714285714285,0.525,0.5132452541777431,0.44583333333333336,1.0579785891941615,41.83786487579346,89544
SYN_SBM_C7,VerticalRes,SAGEConv,0,7,3,identity,113,0.5803571428571429,0.6,0.582413585466624,0.5333333333333333,1.0223446982247488,57.718499422073364,78024
SYN_SBM_C7,VerticalRes,SAGEConv,1,7,3,identity,109,0.5714285714285714,0.5714285714285714,0.5632594794231279,0.49999999999999994,1.131750352042062,58.68994092941284,78024
SYN_SBM_C7,VerticalRes,SAGEConv,2,7,3,identity,109,0.5892857142857143,0.575,0.5538230370545012,0.5041666666666665,1.0252885443823678,52.62765455245972,78024
SYN_SBM_C7,VerticalRes,SAGEConv,3,7,3,identity,149,0.5714285714285714,0.5821428571428572,0.5777205246610251,0.5125000000000001,1.1893267103603908,65.3633303642273,78024
SYN_SBM_C7,VerticalRes,SAGEConv,4,7,3,identity,194,0.5535714285714286,0.5785714285714286,0.5677950748655886,0.5083333333333334,0.9205416815621512,61.916563987731934,78024
SYN_SBM_C8,HorizontalRes,GATConv,0,8,3,identity,101,0.4921875,0.475,0.46244787786665587,0.39999999999999997,1.2297668933868409,93.58994436264038,41225
SYN_SBM_C8,HorizontalRes,GATConv,1,8,3,identity,76,0.515625,0.515625,0.5034622230606838,0.44642857142857145,1.2334049940109253,82.00867486000061,41225
SYN_SBM_C8,HorizontalRes,GATConv,2,8,3,identity,130,0.53125,0.475,0.46845576606711986,0.39999999999999997,1.2168665170669555,107.97124814987183,41225
SYN_SBM_C8,HorizontalRes,GATConv,3,8,3,identity,154,0.5859375,0.51875,0.5071275099427539,0.45000000000000007,1.0545310497283935,113.250248670578,41225
SYN_SBM_C8,HorizontalRes,GATConv,4,8,3,identity,93,0.4453125,0.53125,0.5211113115526728,0.4642857142857143,1.1638225078582765,83.0319299697876,41225
SYN_SBM_C8,HorizontalRes,GCNConv,0,8,3,identity,125,0.53125,0.51875,0.5063477784746198,0.45000000000000007,1.190139389038086,85.75593733787537,39689
SYN_SBM_C8,HorizontalRes,GCNConv,1,8,3,identity,107,0.546875,0.528125,0.5198602354354289,0.4607142857142857,1.1608093500137329,78.6824722290039,39689
SYN_SBM_C8,HorizontalRes,GCNConv,2,8,3,identity,188,0.578125,0.503125,0.4984239644465739,0.4321428571428572,1.202692437171936,92.33468055725098,39689
SYN_SBM_C8,HorizontalRes,GCNConv,3,8,3,identity,169,0.5625,0.56875,0.5663610928862581,0.5071428571428571,0.9899223566055297,92.14173340797424,39689
SYN_SBM_C8,HorizontalRes,GCNConv,4,8,3,identity,63,0.484375,0.484375,0.46426666483057466,0.4107142857142857,1.1628841876983642,58.944364070892334,39689
SYN_SBM_C8,HorizontalRes,GINConv,0,8,3,identity,88,0.4375,0.38125,0.37901889043984427,0.2928571428571428,1.465955877304077,66.65601515769958,89609
SYN_SBM_C8,HorizontalRes,GINConv,1,8,3,identity,34,0.4375,0.40625,0.4051776339786511,0.32142857142857145,1.4263275623321534,44.25234127044678,89609
SYN_SBM_C8,HorizontalRes,GINConv,2,8,3,identity,44,0.3828125,0.4375,0.431217355303216,0.35714285714285715,1.358049201965332,45.109140396118164,89609
SYN_SBM_C8,HorizontalRes,GINConv,3,8,3,identity,39,0.421875,0.475,0.4664225809010325,0.39999999999999997,1.2164902210235595,44.09740090370178,89609
SYN_SBM_C8,HorizontalRes,GINConv,4,8,3,identity,34,0.4296875,0.40625,0.3891183184599106,0.32142857142857145,1.3593141555786132,42.935513973236084,89609
SYN_SBM_C8,HorizontalRes,SAGEConv,0,8,3,identity,69,0.4609375,0.43125,0.39414771254352104,0.35000000000000003,1.2983088970184327,58.43780207633972,78089
SYN_SBM_C8,HorizontalRes,SAGEConv,1,8,3,identity,63,0.484375,0.45625,0.4308823154316972,0.37857142857142856,1.3063440799713135,54.44129037857056,78089
SYN_SBM_C8,HorizontalRes,SAGEConv,2,8,3,identity,50,0.4921875,0.44375,0.4224244786744787,0.36428571428571427,1.3028607368469238,47.4708092212677,78089
SYN_SBM_C8,HorizontalRes,SAGEConv,3,8,3,identity,65,0.4453125,0.509375,0.47722105578825225,0.43928571428571433,1.132708764076233,51.89281940460205,78089
SYN_SBM_C8,HorizontalRes,SAGEConv,4,8,3,identity,90,0.4375,0.45,0.42951182518758324,0.37142857142857144,1.2476526737213134,64.079669713974,78089
SYN_SBM_C8,MatrixResGated,GATConv,0,8,3,sparse,101,0.5546875,0.528125,0.5166418650793652,0.4607142857142857,1.2561557292938232,140.92004489898682,41225
SYN_SBM_C8,MatrixResGated,GATConv,1,8,3,sparse,75,0.4921875,0.503125,0.4923865036545859,0.4321428571428572,1.2461132526397705,121.0381236076355,41225
SYN_SBM_C8,MatrixResGated,GATConv,2,8,3,sparse,115,0.546875,0.484375,0.4840731853948467,0.4107142857142857,1.2700521230697632,145.21463012695312,41225
SYN_SBM_C8,MatrixResGated,GATConv,3,8,3,sparse,103,0.515625,0.509375,0.5047730228944816,0.43928571428571433,1.1148391723632813,135.91471576690674,41225
SYN_SBM_C8,MatrixResGated,GATConv,4,8,3,sparse,96,0.40625,0.4625,0.4442979088186999,0.38571428571428573,1.2584712028503418,125.70568108558655,41225
SYN_SBM_C8,MatrixResGated,GCNConv,0,8,3,sparse,122,0.5546875,0.54375,0.5321428682632039,0.47857142857142854,1.1996366024017333,125.39564871788025,39689
SYN_SBM_C8,MatrixResGated,GCNConv,1,8,3,sparse,139,0.5625,0.528125,0.5190214400994759,0.4607142857142857,1.1596861600875854,141.78236365318298,39689
SYN_SBM_C8,MatrixResGated,GCNConv,2,8,3,sparse,148,0.5625,0.5,0.49501634801564537,0.42857142857142855,1.1987966299057007,146.42004466056824,39689
SYN_SBM_C8,MatrixResGated,GCNConv,3,8,3,sparse,113,0.546875,0.55,0.5430415865813123,0.48571428571428577,1.0291160345077515,127.15079545974731,39689
SYN_SBM_C8,MatrixResGated,GCNConv,4,8,3,sparse,52,0.453125,0.465625,0.42846318105738246,0.3892857142857143,1.2059717655181885,81.57721138000488,39689
SYN_SBM_C8,MatrixResGated,GINConv,0,8,3,sparse,35,0.4765625,0.4375,0.43458212434144744,0.35714285714285715,1.3148691654205322,75.03582620620728,89609
SYN_SBM_C8,MatrixResGated,GINConv,1,8,3,sparse,30,0.3984375,0.346875,0.31127148803092397,0.25357142857142856,1.4635959625244142,70.7444167137146,89609
SYN_SBM_C8,MatrixResGated,GINConv,2,8,3,sparse,71,0.46875,0.440625,0.4405127289777734,0.3607142857142857,1.5354121923446655,79.6212317943573,89609
SYN_SBM_C8,MatrixResGated,GINConv,3,8,3,sparse,24,0.3984375,0.49375,0.4990672033800906,0.42142857142857143,1.2379595279693603,64.70997595787048,89609
SYN_SBM_C8,MatrixResGated,GINConv,4,8,3,sparse,24,0.4765625,0.396875,0.38875583789575185,0.31071428571428567,1.3392316579818726,64.83106446266174,89609
SYN_SBM_C8,MatrixResGated,SAGEConv,0,8,3,sparse,72,0.53125,0.49375,0.4793833493690346,0.42142857142857143,1.3135300636291505,97.10378336906433,78089
SYN_SBM_C8,MatrixResGated,SAGEConv,1,8,3,sparse,77,0.4921875,0.45,0.4315186021098252,0.37142857142857144,1.2678163766860961,98.43979787826538,78089
SYN_SBM_C8,MatrixResGated,SAGEConv,2,8,3,sparse,88,0.5,0.421875,0.40273869147903385,0.3392857142857143,1.3645820379257203,102.89648723602295,78089
SYN_SBM_C8,MatrixResGated,SAGEConv,3,8,3,sparse,103,0.46875,0.5125,0.4965727110848974,0.4428571428571428,1.1384833097457885,111.33078813552856,78089
SYN_SBM_C8,MatrixResGated,SAGEConv,4,8,3,sparse,65,0.453125,0.478125,0.45376795503905587,0.4035714285714286,1.2845105171203612,86.29811453819275,78089
SYN_SBM_C8,MatrixRes,GATConv,0,8,3,identity,80,0.5078125,0.48125,0.47287247021127404,0.40714285714285714,1.243363118171692,113.55113673210144,41225
SYN_SBM_C8,MatrixRes,GATConv,1,8,3,identity,89,0.5234375,0.5125,0.5105659630345578,0.4428571428571428,1.2520872592926025,128.4824821949005,41225
SYN_SBM_C8,MatrixRes,GATConv,2,8,3,identity,117,0.5546875,0.446875,0.44833170291850594,0.3678571428571429,1.274257278442383,145.25199723243713,41225
SYN_SBM_C8,MatrixRes,GATConv,3,8,3,identity,112,0.5,0.53125,0.5267156467132761,0.4642857142857143,1.0769509315490722,138.36868953704834,41225
SYN_SBM_C8,MatrixRes,GATConv,4,8,3,identity,79,0.390625,0.478125,0.4706336459136559,0.4035714285714286,1.2470804691314696,117.85852885246277,41225
SYN_SBM_C8,MatrixRes,GCNConv,0,8,3,identity,122,0.5234375,0.540625,0.5327622264538198,0.47500000000000003,1.184244704246521,123.50921273231506,39689
SYN_SBM_C8,MatrixRes,GCNConv,1,8,3,identity,74,0.5390625,0.51875,0.5105699855699857,0.45000000000000007,1.1562074422836304,97.29801750183105,39689
SYN_SBM_C8,MatrixRes,GCNConv,2,8,3,identity,197,0.5859375,0.503125,0.5014190538302502,0.4321428571428572,1.2102433681488036,150.48176670074463,39689
SYN_SBM_C8,MatrixRes,GCNConv,3,8,3,identity,130,0.5703125,0.534375,0.5260087787659629,0.4678571428571429,1.0295204877853394,134.8942928314209,39689
SYN_SBM_C8,MatrixRes,GCNConv,4,8,3,identity,73,0.515625,0.50625,0.49647836630854175,0.43571428571428567,1.1752158641815185,97.60359144210815,39689
SYN_SBM_C8,MatrixRes,GINConv,0,8,3,identity,49,0.4609375,0.390625,0.3814326256612695,0.30357142857142855,1.3048837900161743,79.31521224975586,89609
SYN_SBM_C8,MatrixRes,GINConv,1,8,3,identity,43,0.3984375,0.45625,0.44655332316640145,0.37857142857142856,1.402256441116333,75.62779331207275,89609
SYN_SBM_C8,MatrixRes,GINConv,2,8,3,identity,39,0.5078125,0.425,0.4225228194581083,0.34285714285714286,1.3608015537261964,72.4284439086914,89609
SYN_SBM_C8,MatrixRes,GINConv,3,8,3,identity,36,0.3671875,0.49375,0.48934227648410156,0.42142857142857143,1.1627039909362793,72.65027260780334,89609
SYN_SBM_C8,MatrixRes,GINConv,4,8,3,identity,50,0.453125,0.421875,0.4139930523150033,0.3392857142857143,1.3135714054107666,81.68308854103088,89609
SYN_SBM_C8,MatrixRes,SAGEConv,0,8,3,identity,85,0.515625,0.453125,0.4406466406915426,0.375,1.2961992502212525,98.99489784240723,78089
SYN_SBM_C8,MatrixRes,SAGEConv,1,8,3,identity,66,0.53125,0.440625,0.4250450933531347,0.3607142857142857,1.2650450468063354,88.04665231704712,78089
SYN_SBM_C8,MatrixRes,SAGEConv,2,8,3,identity,75,0.5078125,0.421875,0.40655666510036903,0.3392857142857143,1.3406137943267822,89.52931809425354,78089
SYN_SBM_C8,MatrixRes,SAGEConv,3,8,3,identity,103,0.4609375,0.50625,0.49508476001397794,0.43571428571428567,1.1273797035217286,107.37616419792175,78089
SYN_SBM_C8,MatrixRes,SAGEConv,4,8,3,identity,60,0.4296875,0.46875,0.4471309239402634,0.39285714285714285,1.2829348564147949,82.26241612434387,78089
SYN_SBM_C8,Plain,GATConv,0,8,3,identity,93,0.5234375,0.465625,0.4512919236688254,0.3892857142857143,1.2089710712432862,67.80780410766602,41225
SYN_SBM_C8,Plain,GATConv,1,8,3,identity,75,0.46875,0.475,0.460573685255541,0.39999999999999997,1.2043472290039063,60.52827453613281,41225
SYN_SBM_C8,Plain,GATConv,2,8,3,identity,133,0.546875,0.4875,0.4813644395354121,0.41428571428571426,1.2261222362518311,85.38814067840576,41225
SYN_SBM_C8,Plain,GATConv,3,8,3,identity,163,0.53125,0.565625,0.55402985259387,0.5035714285714287,1.027387523651123,87.4380874633789,41225
SYN_SBM_C8,Plain,GATConv,4,8,3,identity,142,0.4375,0.50625,0.4976392612701548,0.43571428571428567,1.2137680530548096,83.01070427894592,41225
SYN_SBM_C8,Plain,GCNConv,0,8,3,identity,127,0.53125,0.534375,0.5272412886782718,0.4678571428571429,1.1722091436386108,60.70067310333252,39689
SYN_SBM_C8,Plain,GCNConv,1,8,3,identity,176,0.5078125,0.528125,0.5243619505691135,0.4607142857142857,1.1292922019958496,68.9615089893341,39689
SYN_SBM_C8,Plain,GCNConv,2,8,3,identity,135,0.546875,0.509375,0.49720095589343566,0.43928571428571433,1.1709625959396361,63.26186513900757,39689
SYN_SBM_C8,Plain,GCNConv,3,8,3,identity,145,0.5390625,0.55,0.5422245589672624,0.48571428571428577,1.0144848585128785,67.39304542541504,39689
SYN_SBM_C8,Plain,GCNConv,4,8,3,identity,75,0.4921875,0.509375,0.48542656490045366,0.43928571428571433,1.1431680202484131,47.727638483047485,39689
SYN_SBM_C8,Plain,GINConv,0,8,3,identity,50,0.4296875,0.4,0.3819869814481883,0.31428571428571433,1.3777697563171387,33.57112145423889,89609
SYN_SBM_C8,Plain,GINConv,1,8,3,identity,54,0.4296875,0.421875,0.4114923087276766,0.3392857142857143,1.3434108734130858,37.142773151397705,89609
SYN_SBM_C8,Plain,GINConv,2,8,3,identity,36,0.40625,0.425,0.40189238334302574,0.34285714285714286,1.3669296979904175,31.532973051071167,89609
SYN_SBM_C8,Plain,GINConv,3,8,3,identity,69,0.4375,0.50625,0.502759906947115,0.43571428571428567,1.2053937196731568,40.27284836769104,89609
SYN_SBM_C8,Plain,GINConv,4,8,3,identity,53,0.390625,0.390625,0.3659575938542917,0.30357142857142855,1.2887389421463014,37.5397207736969,89609
SYN_SBM_C8,Plain,SAGEConv,0,8,3,identity,74,0.53125,0.465625,0.44757742626155694,0.3892857142857143,1.256122922897339,46.327616930007935,78089
SYN_SBM_C8,Plain,SAGEConv,1,8,3,identity,104,0.4921875,0.46875,0.4573845601335054,0.39285714285714285,1.275724744796753,51.92789316177368,78089
SYN_SBM_C8,Plain,SAGEConv,2,8,3,identity,102,0.546875,0.471875,0.46491202830662626,0.3964285714285714,1.2569561719894409,50.7580463886261,78089
SYN_SBM_C8,Plain,SAGEConv,3,8,3,identity,131,0.4453125,0.49375,0.4784524371202093,0.42142857142857143,1.168288516998291,55.95446586608887,78089
SYN_SBM_C8,Plain,SAGEConv,4,8,3,identity,76,0.4609375,0.44375,0.4151392647369205,0.36428571428571427,1.2387684345245362,42.47856116294861,78089
SYN_SBM_C8,VerticalRes,GATConv,0,8,3,identity,121,0.5078125,0.49375,0.4870829895529085,0.42142857142857143,1.172146463394165,95.77673673629761,41225
SYN_SBM_C8,VerticalRes,GATConv,1,8,3,identity,78,0.515625,0.475,0.4584833666065051,0.39999999999999997,1.2049660682678223,75.8514711856842,41225
SYN_SBM_C8,VerticalRes,GATConv,2,8,3,identity,144,0.5546875,0.471875,0.4705783529007175,0.3964285714285714,1.2474133491516113,101.85901618003845,41225
SYN_SBM_C8,VerticalRes,GATConv,3,8,3,identity,192,0.5703125,0.575,0.5634815471896929,0.5142857142857142,1.0500497937202453,100.93251323699951,41225
SYN_SBM_C8,VerticalRes,GATConv,4,8,3,identity,129,0.5234375,0.484375,0.47991110863944625,0.4107142857142857,1.2135427474975586,94.5196647644043,41225
SYN_SBM_C8,VerticalRes,GCNConv,0,8,3,identity,144,0.515625,0.54375,0.5316224799684052,0.47857142857142854,1.1824917316436767,81.06686997413635,39689
SYN_SBM_C8,VerticalRes,GCNConv,1,8,3,identity,116,0.546875,0.515625,0.5059880426728253,0.44642857142857145,1.1460200548171997,72.61955118179321,39689
SYN_SBM_C8,VerticalRes,GCNConv,2,8,3,identity,144,0.5703125,0.49375,0.482759128226309,0.42142857142857143,1.1795381546020507,83.94600462913513,39689
SYN_SBM_C8,VerticalRes,GCNConv,3,8,3,identity,164,0.5546875,0.56875,0.5625752314847551,0.5071428571428571,1.0237471342086792,82.87822985649109,39689
SYN_SBM_C8,VerticalRes,GCNConv,4,8,3,identity,64,0.4921875,0.471875,0.45343676424835205,0.3964285714285714,1.1653638362884522,49.10137057304382,39689
SYN_SBM_C8,VerticalRes,GINConv,0,8,3,identity,75,0.453125,0.425,0.4101628098726848,0.34285714285714286,1.3931784629821777,51.50652503967285,89609
SYN_SBM_C8,VerticalRes,GINConv,1,8,3,identity,31,0.4296875,0.40625,0.38450922833553247,0.32142857142857145,1.3749684333801269,38.090161085128784,89609
SYN_SBM_C8,VerticalRes,GINConv,2,8,3,identity,82,0.4765625,0.396875,0.3972850176250676,0.31071428571428567,1.3438637256622314,56.95443916320801,89609
SYN_SBM_C8,VerticalRes,GINConv,3,8,3,identity,63,0.453125,0.484375,0.4764112299967173,0.4107142857142857,1.1600735902786254,51.984983921051025,89609
SYN_SBM_C8,VerticalRes,GINConv,4,8,3,identity,86,0.453125,0.4375,0.4348228498965351,0.35714285714285715,1.3545123100280763,59.426363468170166,89609
SYN_SBM_C8,VerticalRes,SAGEConv,0,8,3,identity,109,0.515625,0.49375,0.4829424926814565,0.42142857142857143,1.2769558906555176,67.29312491416931,78089
SYN_SBM_C8,VerticalRes,SAGEConv,1,8,3,identity,143,0.5390625,0.503125,0.4860574204341265,0.4321428571428572,1.267420244216919,77.13030052185059,78089
SYN_SBM_C8,VerticalRes,SAGEConv,2,8,3,identity,86,0.53125,0.446875,0.4229219157292483,0.3678571428571429,1.2930314540863037,56.65301537513733,78089
SYN_SBM_C8,VerticalRes,SAGEConv,3,8,3,identity,149,0.4609375,0.496875,0.48337633669993774,0.425,1.1039948463439941,75.77845597267151,78089
SYN_SBM_C8,VerticalRes,SAGEConv,4,8,3,identity,100,0.5,0.496875,0.47733860254036337,0.425,1.2300605535507203,59.21233797073364,78089
SYN_WS_C2,HorizontalRes,GATConv,0,2,3,identity,19,0.59375,0.525,0.46890286512928026,0.050000000000000044,0.6829458475112915,16.180224895477295,40835
SYN_WS_C2,HorizontalRes,GATConv,1,2,3,identity,82,1.0,0.9375,0.9372549019607843,0.875,1.016933798789978,30.134150743484497,40835
SYN_WS_C2,HorizontalRes,GATConv,2,2,3,identity,56,0.90625,0.925,0.924953095684803,0.8500000000000001,0.22715237736701965,25.869344234466553,40835
SYN_WS_C2,HorizontalRes,GATConv,3,2,3,identity,40,0.875,0.85,0.849906191369606,0.7,0.3264091908931732,22.925252437591553,40835
SYN_WS_C2,HorizontalRes,GATConv,4,2,3,identity,101,1.0,0.925,0.925,0.8500000000000001,0.22517314553260803,33.01554608345032,40835
SYN_WS_C2,HorizontalRes,GCNConv,0,2,3,identity,46,0.75,0.7625,0.7615686274509803,0.5249999999999999,0.5189656615257263,17.872983932495117,39299
SYN_WS_C2,HorizontalRes,GCNConv,1,2,3,identity,116,0.9375,0.8375,0.8368627450980393,0.675,0.4642331004142761,30.66147756576538,39299
SYN_WS_C2,HorizontalRes,GCNConv,2,2,3,identity,154,0.96875,0.825,0.8232323232323233,0.6499999999999999,0.49138450622558594,33.67191457748413,39299
SYN_WS_C2,HorizontalRes,GCNConv,3,2,3,identity,41,0.71875,0.8625,0.8624785122675418,0.7250000000000001,0.45403775572776794,19.09320855140686,39299
SYN_WS_C2,HorizontalRes,GCNConv,4,2,3,identity,44,0.6875,0.775,0.7737272155876807,0.55,0.5206438302993774,19.779404163360596,39299
SYN_WS_C2,HorizontalRes,GINConv,0,2,3,identity,46,0.8125,0.8875,0.887341574088562,0.7749999999999999,0.2722102999687195,18.649860620498657,89219
SYN_WS_C2,HorizontalRes,GINConv,1,2,3,identity,120,0.96875,0.9375,0.9374902328488826,0.875,0.3596377670764923,32.97919750213623,89219
SYN_WS_C2,HorizontalRes,GINConv,2,2,3,identity,104,0.9375,0.925,0.9248120300751879,0.8500000000000001,0.23528048396110535,30.61927843093872,89219
SYN_WS_C2,HorizontalRes,GINConv,3,2,3,identity,57,1.0,0.9875,0.9874980465697765,0.9750000000000001,0.07256639748811722,19.29332733154297,89219
SYN_WS_C2,HorizontalRes,GINConv,4,2,3,identity,82,1.0,0.925,0.924953095684803,0.8500000000000001,0.5251312851905823,25.058977365493774,89219
SYN_WS_C2,HorizontalRes,SAGEConv,0,2,3,identity,173,0.5,0.45,0.4373401534526854,-0.09999999999999998,0.6939536333084106,33.00514054298401,77699
SYN_WS_C2,HorizontalRes,SAGEConv,1,2,3,identity,190,0.9375,0.95,0.9499687304565354,0.8999999999999999,0.16922813653945923,34.05768394470215,77699
SYN_WS_C2,HorizontalRes,SAGEConv,2,2,3,identity,8,0.53125,0.5,0.3730407523510972,0.0,0.6933779716491699,13.409286737442017,77699
SYN_WS_C2,HorizontalRes,SAGEConv,3,2,3,identity,154,0.5625,0.5875,0.5874355368026254,0.17500000000000004,0.6904650926589966,32.62123250961304,77699
SYN_WS_C2,HorizontalRes,SAGEConv,4,2,3,identity,18,0.5625,0.5125,0.3605246976839517,0.02499999999999991,0.6927589178085327,14.493081092834473,77699
SYN_WS_C2,MatrixResGated,GATConv,0,2,3,sparse,51,0.75,0.6875,0.6814779423475075,0.375,0.5566120147705078,38.8227756023407,40835
SYN_WS_C2,MatrixResGated,GATConv,1,2,3,sparse,125,1.0,0.925,0.924953095684803,0.8500000000000001,0.8794434666633606,60.92808651924133,40835
SYN_WS_C2,MatrixResGated,GATConv,2,2,3,sparse,214,0.875,0.9625,0.9624941397093296,0.925,0.1293111890554428,72.82493281364441,40835
SYN_WS_C2,MatrixResGated,GATConv,3,2,3,sparse,120,0.90625,0.95,0.949874686716792,0.8999999999999999,0.23638024926185608,62.74033784866333,40835
SYN_WS_C2,MatrixResGated,GATConv,4,2,3,sparse,169,0.9375,0.8875,0.8874824191279889,0.7749999999999999,0.2925967872142792,72.05362343788147,40835
SYN_WS_C2,MatrixResGated,GCNConv,0,2,3,sparse,42,0.6875,0.5375,0.5368486934751995,0.07499999999999996,0.6715966463088989,30.555850744247437,39299
SYN_WS_C2,MatrixResGated,GCNConv,1,2,3,sparse,222,0.875,0.9125,0.9124863259884357,0.825,0.2846418619155884,62.985785245895386,39299
SYN_WS_C2,MatrixResGated,GCNConv,2,2,3,sparse,111,0.53125,0.7625,0.7606676113997797,0.5249999999999999,0.6289128065109253,50.090187311172485,39299
SYN_WS_C2,MatrixResGated,GCNConv,3,2,3,sparse,122,0.84375,0.9,0.899749373433584,0.8,0.26874738931655884,52.98943018913269,39299
SYN_WS_C2,MatrixResGated,GCNConv,4,2,3,sparse,106,0.71875,0.825,0.8232323232323233,0.6499999999999999,0.39343205094337463,49.952842235565186,39299
SYN_WS_C2,MatrixResGated,GINConv,0,2,3,sparse,7,0.65625,0.5125,0.4764222184930358,0.02499999999999991,0.6904433965682983,23.912609577178955,89219
SYN_WS_C2,MatrixResGated,GINConv,1,2,3,sparse,56,1.0,0.9125,0.9124863259884357,0.825,0.4644433856010437,35.210487604141235,89219
SYN_WS_C2,MatrixResGated,GINConv,2,2,3,sparse,84,0.90625,0.875,0.873015873015873,0.75,0.6250069737434387,39.86420464515686,89219
SYN_WS_C2,MatrixResGated,GINConv,3,2,3,sparse,51,0.8125,0.8625,0.8624785122675418,0.7250000000000001,0.379923552274704,33.07044458389282,89219
SYN_WS_C2,MatrixResGated,GINConv,4,2,3,sparse,49,0.9375,0.8,0.797979797979798,0.6000000000000001,0.5784347653388977,31.74163556098938,89219
SYN_WS_C2,MatrixResGated,SAGEConv,0,2,3,sparse,130,0.75,0.7875,0.785860494410329,0.575,0.4771649241447449,54.429802894592285,77699
SYN_WS_C2,MatrixResGated,SAGEConv,1,2,3,sparse,181,1.0,0.9,0.8999374609130707,0.8,0.23101747035980225,62.70758605003357,77699
SYN_WS_C2,MatrixResGated,SAGEConv,2,2,3,sparse,126,0.5,0.6,0.5977372721558769,0.19999999999999996,0.676091194152832,53.09936857223511,77699
SYN_WS_C2,MatrixResGated,SAGEConv,3,2,3,sparse,238,0.96875,0.9125,0.9123767798466593,0.825,0.17301347851753235,59.68979787826538,77699
SYN_WS_C2,MatrixResGated,SAGEConv,4,2,3,sparse,239,1.0,0.9375,0.9374119856047567,0.875,0.14016613364219666,58.98618793487549,77699
SYN_WS_C2,MatrixRes,GATConv,0,2,3,identity,45,0.71875,0.5375,0.5285873546743112,0.07499999999999996,0.667768657207489,34.94767761230469,40835
SYN_WS_C2,MatrixRes,GATConv,1,2,3,identity,91,0.96875,0.9375,0.9374902328488826,0.875,0.7184932827949524,51.12916970252991,40835
SYN_WS_C2,MatrixRes,GATConv,2,2,3,identity,126,0.5625,0.7875,0.787466791686201,0.575,0.6149442195892334,60.48986577987671,40835
SYN_WS_C2,MatrixRes,GATConv,3,2,3,identity,162,1.0,0.9375,0.9374119856047567,0.875,0.2879447937011719,70.81862092018127,40835
SYN_WS_C2,MatrixRes,GATConv,4,2,3,identity,71,0.84375,0.875,0.8749218261413383,0.75,0.35031628608703613,47.42006516456604,40835
SYN_WS_C2,MatrixRes,GCNConv,0,2,3,identity,46,0.65625,0.5375,0.5374277230817315,0.07499999999999996,0.6801896691322327,31.16468572616577,39299
SYN_WS_C2,MatrixRes,GCNConv,1,2,3,identity,214,0.875,0.8375,0.836246260431428,0.675,0.3910220265388489,62.6762273311615,39299
SYN_WS_C2,MatrixRes,GCNConv,2,2,3,identity,4,0.5,0.575,0.5329670329670331,0.1499999999999999,0.6859005689620972,21.670095205307007,39299
SYN_WS_C2,MatrixRes,GCNConv,3,2,3,identity,123,0.84375,0.9125,0.9124863259884357,0.825,0.26348134875297546,52.97794437408447,39299
SYN_WS_C2,MatrixRes,GCNConv,4,2,3,identity,71,0.65625,0.6375,0.6203567337587956,0.2749999999999999,0.6082777976989746,37.174736976623535,39299
SYN_WS_C2,MatrixRes,GINConv,0,2,3,identity,6,0.5625,0.4625,0.4617430762009075,-0.07499999999999996,0.6895787119865417,22.703733682632446,89219
SYN_WS_C2,MatrixRes,GINConv,1,2,3,identity,75,0.96875,0.875,0.8746867167919798,0.75,0.5822867155075073,40.76945114135742,89219
SYN_WS_C2,MatrixRes,GINConv,2,2,3,identity,28,0.71875,0.75,0.75,0.5,0.5081419348716736,28.493709802627563,89219
SYN_WS_C2,MatrixRes,GINConv,3,2,3,identity,42,0.9375,0.8875,0.8870588235294118,0.7749999999999999,0.2990742325782776,30.51956033706665,89219
SYN_WS_C2,MatrixRes,GINConv,4,2,3,identity,44,0.78125,0.7625,0.7538461538461538,0.5249999999999999,0.5144743919372559,31.79008173942566,89219
SYN_WS_C2,MatrixRes,SAGEConv,0,2,3,identity,192,0.90625,0.9,0.9,0.8,0.25230544805526733,60.82478094100952,77699
SYN_WS_C2,MatrixRes,SAGEConv,1,2,3,identity,205,0.9375,0.9,0.898989898989899,0.8,0.339738667011261,61.00440979003906,77699
SYN_WS_C2,MatrixRes,SAGEConv,2,2,3,identity,126,0.53125,0.5125,0.4894452626411389,0.02499999999999991,0.6803352236747742,51.568071603775024,77699
SYN_WS_C2,MatrixRes,SAGEConv,3,2,3,identity,235,0.8125,0.8,0.7953964194373402,0.6000000000000001,0.4111555218696594,58.67517852783203,77699
SYN_WS_C2,MatrixRes,SAGEConv,4,2,3,identity,238,1.0,0.9125,0.9123767798466593,0.825,0.19070962071418762,55.064404010772705,77699
SYN_WS_C2,Plain,GATConv,0,2,3,identity,37,0.8125,0.8375,0.8372711625723674,0.675,0.3978292644023895,15.543069124221802,40835
SYN_WS_C2,Plain,GATConv,1,2,3,identity,73,1.0,0.9125,0.9118249094630767,0.825,1.0847084522247314,20.025478839874268,40835
SYN_WS_C2,Plain,GATConv,2,2,3,identity,63,0.875,0.9375,0.9372549019607843,0.875,0.28319647908210754,18.678447484970093,40835
SYN_WS_C2,Plain,GATConv,3,2,3,identity,66,0.875,0.875,0.8749218261413383,0.75,0.41365355253219604,19.235254287719727,40835
SYN_WS_C2,Plain,GATConv,4,2,3,identity,86,0.96875,0.825,0.825,0.6499999999999999,0.39592084288597107,22.217594146728516,40835
SYN_WS_C2,Plain,GCNConv,0,2,3,identity,63,0.84375,0.825,0.825,0.6499999999999999,0.42629918456077576,18.52645707130432,39299
SYN_WS_C2,Plain,GCNConv,1,2,3,identity,106,0.9375,0.9,0.8999374609130707,0.8,0.30719852447509766,24.84799313545227,39299
SYN_WS_C2,Plain,GCNConv,2,2,3,identity,77,0.90625,0.925,0.924953095684803,0.8500000000000001,0.2381301373243332,18.252949476242065,39299
SYN_WS_C2,Plain,GCNConv,3,2,3,identity,152,0.9375,0.925,0.924953095684803,0.8500000000000001,0.16922858357429504,24.731041431427002,39299
SYN_WS_C2,Plain,GCNConv,4,2,3,identity,35,0.8125,0.7875,0.787466791686201,0.575,0.4508008062839508,11.723596334457397,39299
SYN_WS_C2,Plain,GINConv,0,2,3,identity,13,0.65625,0.5875,0.5822123753758506,0.17500000000000004,0.6850134134292603,9.248303651809692,89219
SYN_WS_C2,Plain,GINConv,1,2,3,identity,75,0.96875,0.9,0.898989898989899,0.8,0.2908089756965637,15.410771131515503,89219
SYN_WS_C2,Plain,GINConv,2,2,3,identity,93,0.875,0.85,0.849906191369606,0.7,0.8448125720024109,18.042808055877686,89219
SYN_WS_C2,Plain,GINConv,3,2,3,identity,55,0.96875,0.9125,0.9124863259884357,0.825,0.38882511854171753,13.345998525619507,89219
SYN_WS_C2,Plain,GINConv,4,2,3,identity,32,0.875,0.7625,0.7624628848257542,0.5249999999999999,0.624422013759613,10.275310754776001,89219
SYN_WS_C2,Plain,SAGEConv,0,2,3,identity,197,0.78125,0.6375,0.6305144131231089,0.2749999999999999,0.6672736406326294,23.11072039604187,77699
SYN_WS_C2,Plain,SAGEConv,1,2,3,identity,146,1.0,0.9875,0.9874980465697765,0.9750000000000001,0.0451914481818676,21.59825086593628,77699
SYN_WS_C2,Plain,SAGEConv,2,2,3,identity,9,0.5,0.5125,0.3605246976839517,0.02499999999999991,0.6930786967277527,8.407495260238647,77699
SYN_WS_C2,Plain,SAGEConv,3,2,3,identity,81,0.53125,0.5,0.4505494505494506,0.0,0.6896503567695618,14.599273920059204,77699
SYN_WS_C2,Plain,SAGEConv,4,2,3,identity,164,0.9375,1.0,1.0,1.0,0.03750920295715332,21.39940905570984,77699
SYN_WS_C2,VerticalRes,GATConv,0,2,3,identity,53,0.9375,0.8,0.8000000000000002,0.6000000000000001,0.4582393765449524,22.235684871673584,40835
SYN_WS_C2,VerticalRes,GATConv,1,2,3,identity,68,0.96875,0.9125,0.9118249094630767,0.825,1.0477714538574219,23.67341923713684,40835
SYN_WS_C2,VerticalRes,GATConv,2,2,3,identity,71,0.90625,0.875,0.8746867167919798,0.75,0.4487687945365906,24.222673177719116,40835
SYN_WS_C2,VerticalRes,GATConv,3,2,3,identity,41,0.875,0.8,0.7988686360779383,0.6000000000000001,0.48178863525390625,19.8059241771698,40835
SYN_WS_C2,VerticalRes,GATConv,4,2,3,identity,39,0.75,0.8625,0.8607374584586169,0.7250000000000001,0.35724276304244995,17.790851593017578,40835
SYN_WS_C2,VerticalRes,GCNConv,0,2,3,identity,83,0.71875,0.6875,0.6814779423475075,0.375,0.5954415202140808,21.385751485824585,39299
SYN_WS_C2,VerticalRes,GCNConv,1,2,3,identity,151,0.9375,0.9,0.899749373433584,0.8,0.44422322511672974,29.545780420303345,39299
SYN_WS_C2,VerticalRes,GCNConv,2,2,3,identity,1,0.5,0.5,0.3333333333333333,0.0,0.6914596557617188,10.410124063491821,39299
SYN_WS_C2,VerticalRes,GCNConv,3,2,3,identity,165,0.96875,0.9,0.8999374609130707,0.8,0.20438413321971893,30.6795015335083,39299
SYN_WS_C2,VerticalRes,GCNConv,4,2,3,identity,184,0.96875,0.8875,0.8870588235294118,0.7749999999999999,0.3031194806098938,31.94655966758728,39299
SYN_WS_C2,VerticalRes,GINConv,0,2,3,identity,65,0.8125,0.8875,0.887341574088562,0.7749999999999999,0.3146916329860687,19.10416889190674,89219
SYN_WS_C2,VerticalRes,GINConv,1,2,3,identity,93,0.90625,0.875,0.8749218261413383,0.75,0.47686997056007385,23.316742420196533,89219
SYN_WS_C2,VerticalRes,GINConv,2,2,3,identity,102,0.96875,0.925,0.925,0.8500000000000001,0.2951931059360504,25.202635288238525,89219
SYN_WS_C2,VerticalRes,GINConv,3,2,3,identity,117,0.90625,0.85,0.849906191369606,0.7,0.4494553208351135,26.156514883041382,89219
SYN_WS_C2,VerticalRes,GINConv,4,2,3,identity,56,0.84375,0.825,0.8248905565978737,0.6499999999999999,0.4806378483772278,18.322855472564697,89219
SYN_WS_C2,VerticalRes,SAGEConv,0,2,3,identity,37,0.59375,0.4875,0.4632629684176076,-0.025000000000000022,0.6934784054756165,13.052773475646973,77699
SYN_WS_C2,VerticalRes,SAGEConv,1,2,3,identity,158,0.90625,0.925,0.924953095684803,0.8500000000000001,0.176581472158432,27.940671682357788,77699
SYN_WS_C2,VerticalRes,SAGEConv,2,2,3,identity,10,0.5,0.5,0.3333333333333333,0.0,0.692365288734436,9.195439100265503,77699
SYN_WS_C2,VerticalRes,SAGEConv,3,2,3,identity,11,0.53125,0.5,0.3543179983857949,0.0,0.6917893290519714,10.71358871459961,77699
SYN_WS_C2,VerticalRes,SAGEConv,4,2,3,identity,200,0.5625,0.475,0.4584139264990329,-0.050000000000000044,0.7116238474845886,29.10414719581604,77699
SYN_WS_C3,HorizontalRes,GATConv,0,3,3,identity,69,0.5833333333333334,0.65,0.6438517630606332,0.47500000000000003,0.7673949599266052,29.143932580947876,40900
SYN_WS_C3,HorizontalRes,GATConv,1,3,3,identity,54,0.6666666666666666,0.725,0.703199254968021,0.5874999999999999,0.7206298112869263,26.257506370544434,40900
SYN_WS_C3,HorizontalRes,GATConv,2,3,3,identity,71,0.625,0.7333333333333333,0.7223111429633168,0.5999999999999999,0.8750724792480469,30.97912573814392,40900
SYN_WS_C3,HorizontalRes,GATConv,3,3,3,identity,102,0.7916666666666666,0.7,0.691262767532146,0.5499999999999999,0.7962610125541687,35.74257516860962,40900
SYN_WS_C3,HorizontalRes,GATConv,4,3,3,identity,36,0.6458333333333334,0.6166666666666667,0.6019775431540138,0.42500000000000004,0.8938608765602112,21.479392290115356,40900
SYN_WS_C3,HorizontalRes,GCNConv,0,3,3,identity,46,0.6041666666666666,0.525,0.5270705801689063,0.28750000000000003,0.9279037117958069,20.00313925743103,39364
SYN_WS_C3,HorizontalRes,GCNConv,1,3,3,identity,60,0.6875,0.6,0.5925972145959167,0.39999999999999997,0.7111152410507202,22.01011562347412,39364
SYN_WS_C3,HorizontalRes,GCNConv,2,3,3,identity,40,0.5416666666666666,0.6083333333333333,0.5885879378837126,0.4124999999999999,0.8389537930488586,18.030149221420288,39364
SYN_WS_C3,HorizontalRes,GCNConv,3,3,3,identity,65,0.6458333333333334,0.65,0.6435353535353535,0.47500000000000003,0.7844187617301941,22.936197519302368,39364
SYN_WS_C3,HorizontalRes,GCNConv,4,3,3,identity,47,0.625,0.6666666666666666,0.66012443589949,0.49999999999999994,0.739977240562439,21.12231969833374,39364
SYN_WS_C3,HorizontalRes,GINConv,0,3,3,identity,38,0.5833333333333334,0.6666666666666666,0.6510295260295259,0.49999999999999994,0.8042471408843994,19.36478328704834,89284
SYN_WS_C3,HorizontalRes,GINConv,1,3,3,identity,39,0.7083333333333334,0.6666666666666666,0.6563038290744165,0.49999999999999994,0.745868444442749,16.623350381851196,89284
SYN_WS_C3,HorizontalRes,GINConv,2,3,3,identity,84,0.8541666666666666,0.7666666666666667,0.7667147893586082,0.65,0.464114248752594,28.002413034439087,89284
SYN_WS_C3,HorizontalRes,GINConv,3,3,3,identity,66,0.75,0.7416666666666667,0.7188594901534372,0.6125,0.6920478343963623,24.765525341033936,89284
SYN_WS_C3,HorizontalRes,GINConv,4,3,3,identity,65,0.6458333333333334,0.725,0.7118063403318861,0.5874999999999999,0.5975760221481323,24.524999618530273,89284
SYN_WS_C3,HorizontalRes,SAGEConv,0,3,3,identity,12,0.3333333333333333,0.3333333333333333,0.16666666666666666,0.0,1.098821759223938,14.846978425979614,77764
SYN_WS_C3,HorizontalRes,SAGEConv,1,3,3,identity,200,0.5833333333333334,0.7416666666666667,0.7274000509294627,0.6125,0.5789554715156555,33.64649271965027,77764
SYN_WS_C3,HorizontalRes,SAGEConv,2,3,3,identity,188,0.7083333333333334,0.6166666666666667,0.6065800865800867,0.42500000000000004,0.7511590123176575,36.359145402908325,77764
SYN_WS_C3,HorizontalRes,SAGEConv,3,3,3,identity,6,0.3333333333333333,0.3333333333333333,0.16666666666666666,0.0,1.0988022089004517,12.833983182907104,77764
SYN_WS_C3,HorizontalRes,SAGEConv,4,3,3,identity,156,0.7916666666666666,0.625,0.6186119741811296,0.4375,1.0667089223861694,36.045788288116455,77764
SYN_WS_C3,MatrixResGated,GATConv,0,3,3,sparse,153,0.6666666666666666,0.6416666666666667,0.6516536603493125,0.4625000000000001,0.7778725028038025,71.5190098285675,40900
SYN_WS_C3,MatrixResGated,GATConv,1,3,3,sparse,85,0.6875,0.7333333333333333,0.7274740763112857,0.5999999999999999,0.6446098685264587,54.91811156272888,40900
SYN_WS_C3,MatrixResGated,GATConv,2,3,3,sparse,105,0.6875,0.7,0.6946979360873974,0.5499999999999999,0.6774967908859253,58.29001998901367,40900
SYN_WS_C3,MatrixResGated,GATConv,3,3,3,sparse,195,0.6666666666666666,0.7333333333333333,0.730600624909568,0.5999999999999999,0.6874033808708191,77.37380313873291,40900
SYN_WS_C3,MatrixResGated,GATConv,4,3,3,sparse,124,0.7708333333333334,0.6833333333333333,0.6861995205749971,0.525,0.9318472146987915,61.50452017784119,40900
SYN_WS_C3,MatrixResGated,GCNConv,0,3,3,sparse,10,0.3958333333333333,0.375,0.3223185483870968,0.06250000000000001,1.088738203048706,23.309197187423706,39364
SYN_WS_C3,MatrixResGated,GCNConv,1,3,3,sparse,218,0.6666666666666666,0.6916666666666667,0.6870753106047224,0.5375,0.6161624193191528,67.7108781337738,39364
SYN_WS_C3,MatrixResGated,GCNConv,2,3,3,sparse,161,0.7083333333333334,0.7166666666666667,0.7159178746795035,0.575,0.5971391201019287,66.71473550796509,39364
SYN_WS_C3,MatrixResGated,GCNConv,3,3,3,sparse,162,0.7083333333333334,0.6916666666666667,0.6835626947470194,0.5375,0.7337707281112671,66.41248440742493,39364
SYN_WS_C3,MatrixResGated,GCNConv,4,3,3,sparse,238,0.7708333333333334,0.7833333333333333,0.7840337277301782,0.6749999999999999,0.5956658124923706,66.37576675415039,39364
SYN_WS_C3,MatrixResGated,GINConv,0,3,3,sparse,56,0.6041666666666666,0.5833333333333334,0.5840169515529845,0.37500000000000006,1.047155499458313,37.64013600349426,89284
SYN_WS_C3,MatrixResGated,GINConv,1,3,3,sparse,44,0.6666666666666666,0.6,0.5991860234266428,0.39999999999999997,0.8747944235801697,33.915467262268066,89284
SYN_WS_C3,MatrixResGated,GINConv,2,3,3,sparse,47,0.6458333333333334,0.6333333333333333,0.6361650209964816,0.44999999999999996,0.8609083890914917,34.094788551330566,89284
SYN_WS_C3,MatrixResGated,GINConv,3,3,3,sparse,60,0.7708333333333334,0.6916666666666667,0.6916666666666668,0.5375,0.763687789440155,35.88079357147217,89284
SYN_WS_C3,MatrixResGated,GINConv,4,3,3,sparse,62,0.7083333333333334,0.5833333333333334,0.5895995408307919,0.37500000000000006,1.047121524810791,38.63745069503784,89284
SYN_WS_C3,MatrixResGated,SAGEConv,0,3,3,sparse,44,0.3541666666666667,0.2833333333333333,0.27940291320573013,-0.07499999999999997,1.1019744873046875,33.13032388687134,77764
SYN_WS_C3,MatrixResGated,SAGEConv,1,3,3,sparse,12,0.4375,0.35,0.3345324094550101,0.02499999999999999,1.111710786819458,26.2487633228302,77764
SYN_WS_C3,MatrixResGated,SAGEConv,2,3,3,sparse,11,0.375,0.375,0.37086497337872043,0.06250000000000001,1.0943610668182373,23.554544925689697,77764
SYN_WS_C3,MatrixResGated,SAGEConv,3,3,3,sparse,36,0.2708333333333333,0.4083333333333333,0.40260942760942764,0.1125,1.1104583740234375,30.195143699645996,77764
SYN_WS_C3,MatrixResGated,SAGEConv,4,3,3,sparse,240,0.5833333333333334,0.36666666666666664,0.3409377702380901,0.04999999999999998,1.1142773628234863,62.12423014640808,77764
SYN_WS_C3,MatrixRes,GATConv,0,3,3,identity,5,0.375,0.35833333333333334,0.216845130487183,0.037500000000000026,1.1088974475860596,25.15512776374817,40900
SYN_WS_C3,MatrixRes,GATConv,1,3,3,identity,109,0.7083333333333334,0.7333333333333333,0.7345424836601308,0.5999999999999999,0.5485451817512512,59.41335391998291,40900
SYN_WS_C3,MatrixRes,GATConv,2,3,3,identity,103,0.7291666666666666,0.7,0.689462263778751,0.5499999999999999,0.6535996198654175,54.52339506149292,40900
SYN_WS_C3,MatrixRes,GATConv,3,3,3,identity,2,0.3958333333333333,0.3,0.25695854385883593,-0.04999999999999998,1.112852692604065,26.901469469070435,40900
SYN_WS_C3,MatrixRes,GATConv,4,3,3,identity,125,0.7916666666666666,0.6333333333333333,0.6392418991032623,0.44999999999999996,1.0136102437973022,59.01995348930359,40900
SYN_WS_C3,MatrixRes,GCNConv,0,3,3,identity,7,0.3333333333333333,0.3416666666666667,0.20813053353729197,0.012500000000000037,1.0958364009857178,19.086370944976807,39364
SYN_WS_C3,MatrixRes,GCNConv,1,3,3,identity,117,0.6458333333333334,0.675,0.6750226517668377,0.5125000000000001,0.670406699180603,51.954339027404785,39364
SYN_WS_C3,MatrixRes,GCNConv,2,3,3,identity,150,0.6875,0.5833333333333334,0.5857935229915906,0.37500000000000006,0.7969594597816467,61.10622954368591,39364
SYN_WS_C3,MatrixRes,GCNConv,3,3,3,identity,14,0.3333333333333333,0.36666666666666664,0.36051617228087823,0.04999999999999998,1.0934511423110962,26.015971660614014,39364
SYN_WS_C3,MatrixRes,GCNConv,4,3,3,identity,155,0.7083333333333334,0.7,0.7005934946314349,0.5499999999999999,0.6332844495773315,64.3658139705658,39364
SYN_WS_C3,MatrixRes,GINConv,0,3,3,identity,5,0.3958333333333333,0.4083333333333333,0.33801469847981475,0.1125,1.0837178230285645,21.80459976196289,89284
SYN_WS_C3,MatrixRes,GINConv,1,3,3,identity,36,0.6875,0.6333333333333333,0.6223905723905724,0.44999999999999996,0.9344842433929443,30.885493278503418,89284
SYN_WS_C3,MatrixRes,GINConv,2,3,3,identity,38,0.6458333333333334,0.6083333333333333,0.6184704184704185,0.4124999999999999,0.7899278402328491,31.36641240119934,89284
SYN_WS_C3,MatrixRes,GINConv,3,3,3,identity,34,0.6875,0.675,0.6488762369301243,0.5125000000000001,0.7822210788726807,29.36083960533142,89284
SYN_WS_C3,MatrixRes,GINConv,4,3,3,identity,26,0.6666666666666666,0.525,0.5190522875816993,0.28750000000000003,1.0301647186279297,26.177873134613037,89284
SYN_WS_C3,MatrixRes,SAGEConv,0,3,3,identity,43,0.2916666666666667,0.2916666666666667,0.2909939733469145,-0.06249999999999994,1.1014511585235596,33.04438877105713,77764
SYN_WS_C3,MatrixRes,SAGEConv,1,3,3,identity,50,0.3958333333333333,0.35,0.33810596310596314,0.02499999999999999,1.1057794094085693,32.974939584732056,77764
SYN_WS_C3,MatrixRes,SAGEConv,2,3,3,identity,11,0.4791666666666667,0.4083333333333333,0.38285115303983225,0.1125,1.0945416688919067,22.409000396728516,77764
SYN_WS_C3,MatrixRes,SAGEConv,3,3,3,identity,36,0.2708333333333333,0.38333333333333336,0.37715105035366464,0.07500000000000005,1.112622618675232,29.25899839401245,77764
SYN_WS_C3,MatrixRes,SAGEConv,4,3,3,identity,240,0.5625,0.375,0.35898258433909785,0.06250000000000001,1.1111994981765747,58.9553759098053,77764
SYN_WS_C3,Plain,GATConv,0,3,3,identity,24,0.5416666666666666,0.5916666666666667,0.5829031051253274,0.3875,0.8063102960586548,13.873662948608398,40900
SYN_WS_C3,Plain,GATConv,1,3,3,identity,29,0.5625,0.5833333333333334,0.5738895872616803,0.37500000000000006,0.7858099341392517,14.524857759475708,40900
SYN_WS_C3,Plain,GATConv,2,3,3,identity,20,0.5208333333333334,0.525,0.5211648430039234,0.28750000000000003,0.8154169917106628,13.3144211769104,40900
SYN_WS_C3,Plain,GATConv,3,3,3,identity,30,0.625,0.6166666666666667,0.6035011117849202,0.42500000000000004,1.2627792358398438,14.699148416519165,40900
SYN_WS_C3,Plain,GATConv,4,3,3,identity,30,0.6458333333333334,0.625,0.6151045337091848,0.4375,0.7386799454689026,13.917428255081177,40900
SYN_WS_C3,Plain,GCNConv,0,3,3,identity,94,0.7083333333333334,0.675,0.6752032137589054,0.5125000000000001,0.748680055141449,21.528024435043335,39364
SYN_WS_C3,Plain,GCNConv,1,3,3,identity,102,0.7083333333333334,0.7333333333333333,0.7265651103055276,0.5999999999999999,0.5926916003227234,21.960622787475586,39364
SYN_WS_C3,Plain,GCNConv,2,3,3,identity,99,0.7708333333333334,0.6916666666666667,0.6914938017204723,0.5375,0.652426540851593,20.51954674720764,39364
SYN_WS_C3,Plain,GCNConv,3,3,3,identity,148,0.75,0.7416666666666667,0.743491183708192,0.6125,0.5861141085624695,24.75477147102356,39364
SYN_WS_C3,Plain,GCNConv,4,3,3,identity,76,0.7083333333333334,0.7,0.7015196415137539,0.5499999999999999,0.6813852787017822,18.139252424240112,39364
SYN_WS_C3,Plain,GINConv,0,3,3,identity,33,0.6041666666666666,0.5833333333333334,0.5873281103036608,0.37500000000000006,0.8237774968147278,13.020644664764404,89284
SYN_WS_C3,Plain,GINConv,1,3,3,identity,79,0.6875,0.725,0.7193072967720856,0.5874999999999999,0.7281895875930786,15.268414497375488,89284
SYN_WS_C3,Plain,GINConv,2,3,3,identity,69,0.7291666666666666,0.7666666666666667,0.768855218855219,0.65,0.5996007323265076,16.023097276687622,89284
SYN_WS_C3,Plain,GINConv,3,3,3,identity,63,0.7916666666666666,0.725,0.7229254571026723,0.5874999999999999,0.7684304714202881,15.759761810302734,89284
SYN_WS_C3,Plain,GINConv,4,3,3,identity,52,0.6666666666666666,0.6416666666666667,0.6414336684704384,0.4625000000000001,1.591009497642517,14.791980743408203,89284
SYN_WS_C3,Plain,SAGEConv,0,3,3,identity,2,0.3333333333333333,0.3333333333333333,0.16666666666666666,0.0,1.0991069078445435,7.136011838912964,77764
SYN_WS_C3,Plain,SAGEConv,1,3,3,identity,101,0.5,0.6083333333333333,0.6054819733331248,0.4124999999999999,0.9230723977088928,19.92630910873413,77764
SYN_WS_C3,Plain,SAGEConv,2,3,3,identity,105,0.6458333333333334,0.5,0.4992697801316,0.25,0.964564323425293,18.660901069641113,77764
SYN_WS_C3,Plain,SAGEConv,3,3,3,identity,176,0.5833333333333334,0.55,0.5265349030530726,0.32500000000000007,0.9280609488487244,24.39713430404663,77764
SYN_WS_C3,Plain,SAGEConv,4,3,3,identity,168,0.75,0.7083333333333334,0.7073644319424911,0.5625,0.7692071795463562,24.78727126121521,77764
SYN_WS_C3,VerticalRes,GATConv,0,3,3,identity,94,0.6041666666666666,0.6666666666666666,0.6639528417306195,0.49999999999999994,0.8286428451538086,31.8418972492218,40900
SYN_WS_C3,VerticalRes,GATConv,1,3,3,identity,60,0.7083333333333334,0.6666666666666666,0.6574361645731305,0.49999999999999994,0.705682635307312,25.41980004310608,40900
SYN_WS_C3,VerticalRes,GATConv,2,3,3,identity,42,0.5833333333333334,0.7166666666666667,0.7148907317582016,0.575,0.7935776114463806,20.498578786849976,40900
SYN_WS_C3,VerticalRes,GATConv,3,3,3,identity,126,0.7083333333333334,0.6916666666666667,0.6772718939556981,0.5375,0.7197696566581726,35.595826864242554,40900
SYN_WS_C3,VerticalRes,GATConv,4,3,3,identity,97,0.6041666666666666,0.6583333333333333,0.6499930642252739,0.4875,0.8750156164169312,29.109999656677246,40900
SYN_WS_C3,VerticalRes,GCNConv,0,3,3,identity,5,0.2708333333333333,0.35,0.2697356843698307,0.02499999999999999,1.0980380773544312,10.832420110702515,39364
SYN_WS_C3,VerticalRes,GCNConv,1,3,3,identity,84,0.5833333333333334,0.5916666666666667,0.5926985616010007,0.3875,0.7219954133033752,21.299458980560303,39364
SYN_WS_C3,VerticalRes,GCNConv,2,3,3,identity,127,0.6458333333333334,0.6,0.6067226890756303,0.39999999999999997,0.7929869294166565,31.19164729118347,39364
SYN_WS_C3,VerticalRes,GCNConv,3,3,3,identity,186,0.6458333333333334,0.675,0.6698564593301435,0.5125000000000001,0.7159198522567749,34.26794672012329,39364
SYN_WS_C3,VerticalRes,GCNConv,4,3,3,identity,73,0.5625,0.6333333333333333,0.6320068463842533,0.44999999999999996,0.788417398929596,23.640243530273438,39364
SYN_WS_C3,VerticalRes,GINConv,0,3,3,identity,29,0.4791666666666667,0.525,0.5212339999574042,0.28750000000000003,0.9258962273597717,15.397620677947998,89284
SYN_WS_C3,VerticalRes,GINConv,1,3,3,identity,64,0.5416666666666666,0.625,0.6330688929774929,0.4375,1.1167062520980835,21.47080945968628,89284
SYN_WS_C3,VerticalRes,GINConv,2,3,3,identity,80,0.8125,0.7083333333333334,0.714471899494873,0.5625,0.6068696975708008,22.43157720565796,89284
SYN_WS_C3,VerticalRes,GINConv,3,3,3,identity,65,0.7291666666666666,0.7166666666666667,0.7111924631291661,0.575,0.9234263896942139,18.97900390625,89284
SYN_WS_C3,VerticalRes,GINConv,4,3,3,identity,44,0.75,0.625,0.6115516181408326,0.4375,0.805587112903595,16.954418182373047,89284
SYN_WS_C3,VerticalRes,SAGEConv,0,3,3,identity,3,0.3541666666666667,0.39166666666666666,0.326688723462917,0.08750000000000001,1.0979973077774048,11.918577671051025,77764
SYN_WS_C3,VerticalRes,SAGEConv,1,3,3,identity,3,0.3958333333333333,0.4,0.3071659933762783,0.10000000000000005,1.0986534357070923,11.689960718154907,77764
SYN_WS_C3,VerticalRes,SAGEConv,2,3,3,identity,3,0.375,0.375,0.29987956643918107,0.06250000000000001,1.0975619554519653,10.25739073753357,77764
SYN_WS_C3,VerticalRes,SAGEConv,3,3,3,identity,3,0.3125,0.35,0.22483660130718955,0.02499999999999999,1.0981268882751465,10.496769905090332,77764
SYN_WS_C3,VerticalRes,SAGEConv,4,3,3,identity,195,0.8125,0.6833333333333333,0.6798941798941799,0.525,0.6482656002044678,30.774346351623535,77764
SYN_WS_C4,HorizontalRes,GATConv,0,4,3,identity,50,0.484375,0.48125,0.4308762829094155,0.30833333333333335,1.5137107372283936,34.55347967147827,40965
SYN_WS_C4,HorizontalRes,GATConv,1,4,3,identity,50,0.546875,0.60625,0.5940759337561663,0.4749999999999999,1.02791428565979,33.697434186935425,40965
SYN_WS_C4,HorizontalRes,GATConv,2,4,3,identity,68,0.53125,0.6,0.5840950570915728,0.4666666666666666,0.886713981628418,40.9435076713562,40965
SYN_WS_C4,HorizontalRes,GATConv,3,4,3,identity,77,0.578125,0.45,0.4509819866394244,0.26666666666666666,1.3158239126205444,43.13078784942627,40965
SYN_WS_C4,HorizontalRes,GATConv,4,4,3,identity,42,0.609375,0.61875,0.6147637237121565,0.4916666666666667,1.0627542734146118,32.61547636985779,40965
SYN_WS_C4,HorizontalRes,GCNConv,0,4,3,identity,84,0.515625,0.45625,0.44311378662023815,0.27499999999999997,1.267350196838379,36.13490915298462,39429
SYN_WS_C4,HorizontalRes,GCNConv,1,4,3,identity,74,0.578125,0.525,0.5145093231453497,0.3666666666666667,0.9734418988227844,34.28595280647278,39429
SYN_WS_C4,HorizontalRes,GCNConv,2,4,3,identity,70,0.453125,0.4875,0.47657494286733415,0.31666666666666665,1.068742036819458,33.006877422332764,39429
SYN_WS_C4,HorizontalRes,GCNConv,3,4,3,identity,99,0.625,0.51875,0.5219854645978241,0.3583333333333334,1.145361304283142,42.464391469955444,39429
SYN_WS_C4,HorizontalRes,GCNConv,4,4,3,identity,45,0.375,0.49375,0.4657256646062615,0.325,1.123024582862854,27.21255087852478,39429
SYN_WS_C4,HorizontalRes,GINConv,0,4,3,identity,70,0.625,0.525,0.5070128209135617,0.3666666666666667,1.1104440689086914,35.902161836624146,89349
SYN_WS_C4,HorizontalRes,GINConv,1,4,3,identity,68,0.59375,0.60625,0.5967855704145839,0.4749999999999999,0.9634701013565063,31.599010229110718,89349
SYN_WS_C4,HorizontalRes,GINConv,2,4,3,identity,47,0.5,0.5625,0.5645794246404002,0.4166666666666667,0.9446347951889038,28.362849235534668,89349
SYN_WS_C4,HorizontalRes,GINConv,3,4,3,identity,67,0.515625,0.58125,0.5881334866663506,0.4416666666666667,0.93968665599823,34.621647357940674,89349
SYN_WS_C4,HorizontalRes,GINConv,4,4,3,identity,75,0.5625,0.675,0.660890507518797,0.5666666666666668,0.8483352661132812,35.16209530830383,89349
SYN_WS_C4,HorizontalRes,SAGEConv,0,4,3,identity,79,0.34375,0.3625,0.29086813963011926,0.15,1.381276249885559,35.09585666656494,77829
SYN_WS_C4,HorizontalRes,SAGEConv,1,4,3,identity,18,0.25,0.25,0.1,0.0,1.3863812685012817,18.507270574569702,77829
SYN_WS_C4,HorizontalRes,SAGEConv,2,4,3,identity,177,0.296875,0.3625,0.3653254116435552,0.15,1.3196680545806885,48.50337886810303,77829
SYN_WS_C4,HorizontalRes,SAGEConv,3,4,3,identity,199,0.46875,0.40625,0.3852400182868439,0.20833333333333334,1.1851285696029663,48.1694598197937,77829
SYN_WS_C4,HorizontalRes,SAGEConv,4,4,3,identity,28,0.25,0.2375,0.15857142857142859,-0.01666666666666668,1.3863712549209595,22.94719099998474,77829
SYN_WS_C4,MatrixResGated,GATConv,0,4,3,sparse,101,0.546875,0.54375,0.5400384286631366,0.3916666666666666,1.2382192611694336,78.74833297729492,40965
SYN_WS_C4,MatrixResGated,GATConv,1,4,3,sparse,100,0.515625,0.51875,0.5067658183624772,0.3583333333333334,1.040604591369629,78.52021408081055,40965
SYN_WS_C4,MatrixResGated,GATConv,2,4,3,sparse,79,0.515625,0.525,0.5254671666776174,0.3666666666666667,1.0975828170776367,70.04038071632385,40965
SYN_WS_C4,MatrixResGated,GATConv,3,4,3,sparse,77,0.453125,0.43125,0.43498946100572117,0.2416666666666667,1.170014500617981,63.994871854782104,40965
SYN_WS_C4,MatrixResGated,GATConv,4,4,3,sparse,129,0.59375,0.6125,0.6027528164517636,0.4833333333333334,1.1043422222137451,84.0366427898407,40965
SYN_WS_C4,MatrixResGated,GCNConv,0,4,3,sparse,196,0.59375,0.5125,0.49565481986368065,0.3499999999999999,1.4870131015777588,90.77007794380188,39429
SYN_WS_C4,MatrixResGated,GCNConv,1,4,3,sparse,163,0.578125,0.5625,0.5491069526166554,0.4166666666666667,1.003075361251831,90.2577383518219,39429
SYN_WS_C4,MatrixResGated,GCNConv,2,4,3,sparse,150,0.59375,0.58125,0.5845889792231256,0.4416666666666667,0.9908922910690308,85.31382083892822,39429
SYN_WS_C4,MatrixResGated,GCNConv,3,4,3,sparse,152,0.546875,0.51875,0.5054765403439326,0.3583333333333334,1.1318751573562622,87.69129753112793,39429
SYN_WS_C4,MatrixResGated,GCNConv,4,4,3,sparse,145,0.5,0.55625,0.5458460528801694,0.4083333333333334,0.9042320251464844,86.61130976676941,39429
SYN_WS_C4,MatrixResGated,GINConv,0,4,3,sparse,44,0.578125,0.4625,0.4497954414706128,0.2833333333333334,1.204063057899475,48.95301675796509,89349
SYN_WS_C4,MatrixResGated,GINConv,1,4,3,sparse,30,0.4375,0.475,0.464820893392322,0.3,1.1637194156646729,42.853453159332275,89349
SYN_WS_C4,MatrixResGated,GINConv,2,4,3,sparse,42,0.40625,0.525,0.5083754968417074,0.3666666666666667,0.9580749273300171,41.46679162979126,89349
SYN_WS_C4,MatrixResGated,GINConv,3,4,3,sparse,76,0.59375,0.53125,0.5299799783454627,0.375,1.1795742511749268,57.04191875457764,89349
SYN_WS_C4,MatrixResGated,GINConv,4,4,3,sparse,44,0.4375,0.49375,0.48581287279789154,0.325,1.120243787765503,45.082977294921875,89349
SYN_WS_C4,MatrixResGated,SAGEConv,0,4,3,sparse,17,0.28125,0.2375,0.2325212403241861,-0.01666666666666668,1.3998886346817017,38.84292721748352,77829
SYN_WS_C4,MatrixResGated,SAGEConv,1,4,3,sparse,11,0.25,0.30625,0.2893086763530093,0.07500000000000002,1.3806957006454468,36.51693868637085,77829
SYN_WS_C4,MatrixResGated,SAGEConv,2,4,3,sparse,146,0.53125,0.525,0.5157515599628162,0.3666666666666667,1.0518568754196167,81.78677487373352,77829
SYN_WS_C4,MatrixResGated,SAGEConv,3,4,3,sparse,240,0.34375,0.25,0.23585209946047386,0.0,1.4015344381332397,83.86352896690369,77829
SYN_WS_C4,MatrixResGated,SAGEConv,4,4,3,sparse,6,0.28125,0.275,0.25885209015908106,0.03333333333333336,1.3928313255310059,32.62344431877136,77829
SYN_WS_C4,MatrixRes,GATConv,0,4,3,identity,102,0.484375,0.46875,0.46859481204050496,0.2916666666666667,1.2881369590759277,78.62307572364807,40965
SYN_WS_C4,MatrixRes,GATConv,1,4,3,identity,113,0.609375,0.54375,0.5374024111633833,0.3916666666666666,1.1746151447296143,81.10899114608765,40965
SYN_WS_C4,MatrixRes,GATConv,2,4,3,identity,106,0.421875,0.46875,0.46816970521578455,0.2916666666666667,1.2552900314331055,78.96669149398804,40965
SYN_WS_C4,MatrixRes,GATConv,3,4,3,identity,92,0.546875,0.4625,0.46227196908991697,0.2833333333333334,1.175861120223999,69.11487317085266,40965
SYN_WS_C4,MatrixRes,GATConv,4,4,3,identity,98,0.5625,0.54375,0.5436067633678295,0.3916666666666666,1.0624631643295288,71.92478203773499,40965
SYN_WS_C4,MatrixRes,GCNConv,0,4,3,identity,184,0.5625,0.49375,0.4803606719367589,0.325,1.4001350402832031,87.89436984062195,39429
SYN_WS_C4,MatrixRes,GCNConv,1,4,3,identity,237,0.484375,0.5125,0.5133992708670703,0.3499999999999999,1.1158684492111206,86.09208726882935,39429
SYN_WS_C4,MatrixRes,GCNConv,2,4,3,identity,109,0.515625,0.51875,0.5242260743760615,0.3583333333333334,1.0684539079666138,69.54377269744873,39429
SYN_WS_C4,MatrixRes,GCNConv,3,4,3,identity,156,0.53125,0.51875,0.5241545276428997,0.3583333333333334,1.1374815702438354,87.58749794960022,39429
SYN_WS_C4,MatrixRes,GCNConv,4,4,3,identity,182,0.359375,0.425,0.4257838541106643,0.2333333333333333,1.1509592533111572,91.48446249961853,39429
SYN_WS_C4,MatrixRes,GINConv,0,4,3,identity,40,0.578125,0.4125,0.40428121784053983,0.21666666666666665,1.4119129180908203,44.27652621269226,89349
SYN_WS_C4,MatrixRes,GINConv,1,4,3,identity,37,0.5,0.45,0.4204417377697423,0.26666666666666666,1.2801601886749268,41.906776905059814,89349
SYN_WS_C4,MatrixRes,GINConv,2,4,3,identity,36,0.5,0.49375,0.49536088035386777,0.325,1.157971739768982,41.64454746246338,89349
SYN_WS_C4,MatrixRes,GINConv,3,4,3,identity,43,0.5625,0.45,0.44459137393688675,0.26666666666666666,1.0792394876480103,44.24323058128357,89349
SYN_WS_C4,MatrixRes,GINConv,4,4,3,identity,48,0.453125,0.44375,0.4459038339148945,0.2583333333333333,1.1542713642120361,46.90804648399353,89349
SYN_WS_C4,MatrixRes,SAGEConv,0,4,3,identity,17,0.234375,0.225,0.22495470493140676,-0.033333333333333326,1.3992464542388916,36.82736659049988,77829
SYN_WS_C4,MatrixRes,SAGEConv,1,4,3,identity,11,0.203125,0.28125,0.2626747862661832,0.041666666666666664,1.3833646774291992,34.70375394821167,77829
SYN_WS_C4,MatrixRes,SAGEConv,2,4,3,identity,238,0.40625,0.46875,0.4565796754228345,0.2916666666666667,1.1946067810058594,82.51111149787903,77829
SYN_WS_C4,MatrixRes,SAGEConv,3,4,3,identity,32,0.3125,0.2,0.17273019378282536,-0.06666666666666665,1.4040539264678955,40.21863031387329,77829
SYN_WS_C4,MatrixRes,SAGEConv,4,4,3,identity,6,0.328125,0.3,0.2669169927216122,0.06666666666666665,1.4000463485717773,30.139013290405273,77829
SYN_WS_C4,Plain,GATConv,0,4,3,identity,31,0.5,0.46875,0.4296483296334399,0.2916666666666667,1.4221181869506836,21.909215450286865,40965
SYN_WS_C4,Plain,GATConv,1,4,3,identity,31,0.515625,0.5125,0.4624915824915825,0.3499999999999999,1.2291786670684814,20.345098733901978,40965
SYN_WS_C4,Plain,GATConv,2,4,3,identity,34,0.421875,0.49375,0.4699292139270222,0.325,1.060807466506958,21.38026261329651,40965
SYN_WS_C4,Plain,GATConv,3,4,3,identity,45,0.515625,0.54375,0.4951416337285903,0.3916666666666666,1.2181172370910645,24.994954347610474,40965
SYN_WS_C4,Plain,GATConv,4,4,3,identity,41,0.4375,0.56875,0.5445710379129308,0.425,1.1317088603973389,24.133423805236816,40965
SYN_WS_C4,Plain,GCNConv,0,4,3,identity,123,0.4375,0.48125,0.45873936613275434,0.30833333333333335,1.3841687440872192,31.82684564590454,39429
SYN_WS_C4,Plain,GCNConv,1,4,3,identity,83,0.5,0.59375,0.5596069193832177,0.4583333333333333,1.0650593042373657,26.734190464019775,39429
SYN_WS_C4,Plain,GCNConv,2,4,3,identity,195,0.5625,0.49375,0.49640331732867743,0.325,0.9876286387443542,34.45415019989014,39429
SYN_WS_C4,Plain,GCNConv,3,4,3,identity,132,0.609375,0.51875,0.5016644275264965,0.3583333333333334,0.9663683772087097,35.79376935958862,39429
SYN_WS_C4,Plain,GCNConv,4,4,3,identity,120,0.515625,0.51875,0.5129719051799825,0.3583333333333334,0.9908703565597534,34.32266855239868,39429
SYN_WS_C4,Plain,GINConv,0,4,3,identity,55,0.625,0.55,0.5349169123559367,0.4000000000000001,1.0437767505645752,21.004321336746216,89349
SYN_WS_C4,Plain,GINConv,1,4,3,identity,68,0.671875,0.55,0.5371667115539994,0.4000000000000001,0.9927231073379517,21.986154317855835,89349
SYN_WS_C4,Plain,GINConv,2,4,3,identity,60,0.515625,0.54375,0.5293462731198055,0.3916666666666666,0.9142862558364868,20.313915967941284,89349
SYN_WS_C4,Plain,GINConv,3,4,3,identity,34,0.484375,0.375,0.35324283093161807,0.16666666666666666,1.2023807764053345,18.30620527267456,89349
SYN_WS_C4,Plain,GINConv,4,4,3,identity,87,0.65625,0.5875,0.5835504726235063,0.45,0.9769064784049988,27.237053394317627,89349
SYN_WS_C4,Plain,SAGEConv,0,4,3,identity,2,0.265625,0.25,0.10050251256281408,0.0,1.386564016342163,11.274752140045166,77829
SYN_WS_C4,Plain,SAGEConv,1,4,3,identity,11,0.25,0.25,0.1,0.0,1.386261224746704,9.384517431259155,77829
SYN_WS_C4,Plain,SAGEConv,2,4,3,identity,157,0.453125,0.50625,0.482827309252426,0.3416666666666666,1.1222784519195557,34.95777988433838,77829
SYN_WS_C4,Plain,SAGEConv,3,4,3,identity,194,0.5625,0.425,0.4256982475355969,0.2333333333333333,1.2032949924468994,33.83578681945801,77829
SYN_WS_C4,Plain,SAGEConv,4,4,3,identity,8,0.25,0.25,0.1,0.0,1.3865000009536743,11.720720767974854,77829
SYN_WS_C4,VerticalRes,GATConv,0,4,3,identity,50,0.546875,0.51875,0.5001953378028242,0.3583333333333334,1.4565255641937256,29.87296748161316,40965
SYN_WS_C4,VerticalRes,GATConv,1,4,3,identity,55,0.46875,0.46875,0.46813186813186813,0.2916666666666667,1.152188777923584,32.37358117103577,40965
SYN_WS_C4,VerticalRes,GATConv,2,4,3,identity,63,0.421875,0.4625,0.44963547733491327,0.2833333333333334,1.139618158340454,35.615660429000854,40965
SYN_WS_C4,VerticalRes,GATConv,3,4,3,identity,70,0.59375,0.56875,0.5531598864579177,0.425,1.0661863088607788,37.29177689552307,40965
SYN_WS_C4,VerticalRes,GATConv,4,4,3,identity,71,0.4375,0.43125,0.413515866873065,0.2416666666666667,1.2117927074432373,37.35358214378357,40965
SYN_WS_C4,VerticalRes,GCNConv,0,4,3,identity,85,0.421875,0.45,0.4227150048669216,0.26666666666666666,1.2728735208511353,31.371917486190796,39429
SYN_WS_C4,VerticalRes,GCNConv,1,4,3,identity,80,0.46875,0.5125,0.5145580484836991,0.3499999999999999,1.0899038314819336,30.654786586761475,39429
SYN_WS_C4,VerticalRes,GCNConv,2,4,3,identity,163,0.5625,0.5375,0.5274203878313467,0.3833333333333333,0.9716113209724426,46.06847095489502,39429
SYN_WS_C4,VerticalRes,GCNConv,3,4,3,identity,146,0.53125,0.41875,0.4166560552544397,0.225,1.1510370969772339,44.687525510787964,39429
SYN_WS_C4,VerticalRes,GCNConv,4,4,3,identity,82,0.40625,0.4625,0.422624883286648,0.2833333333333334,1.1019484996795654,34.31002688407898,39429
SYN_WS_C4,VerticalRes,GINConv,0,4,3,identity,86,0.5,0.46875,0.45598302400942703,0.2916666666666667,1.3692442178726196,33.31692886352539,89349
SYN_WS_C4,VerticalRes,GINConv,1,4,3,identity,81,0.5625,0.54375,0.537581393126966,0.3916666666666666,0.9178360104560852,32.04443144798279,89349
SYN_WS_C4,VerticalRes,GINConv,2,4,3,identity,79,0.5,0.6,0.5916925655697981,0.4666666666666666,1.0727683305740356,30.586219549179077,89349
SYN_WS_C4,VerticalRes,GINConv,3,4,3,identity,94,0.53125,0.5,0.4846849350205198,0.3333333333333333,1.0344504117965698,36.67267727851868,89349
SYN_WS_C4,VerticalRes,GINConv,4,4,3,identity,73,0.59375,0.55,0.541088854059151,0.4000000000000001,0.8720170259475708,31.145650386810303,89349
SYN_WS_C4,VerticalRes,SAGEConv,0,4,3,identity,200,0.3125,0.25,0.20822396288138462,0.0,1.3889292478561401,42.670326471328735,77829
SYN_WS_C4,VerticalRes,SAGEConv,1,4,3,identity,11,0.21875,0.2375,0.19269800811856885,-0.01666666666666668,1.38587486743927,14.450226545333862,77829
SYN_WS_C4,VerticalRes,SAGEConv,2,4,3,identity,167,0.515625,0.58125,0.5657653383934219,0.4416666666666667,0.9600714445114136,42.25687313079834,77829
SYN_WS_C4,VerticalRes,SAGEConv,3,4,3,identity,200,0.53125,0.4125,0.40679175475687107,0.21666666666666665,1.2946979999542236,41.4071090221405,77829
SYN_WS_C4,VerticalRes,SAGEConv,4,4,3,identity,2,0.203125,0.28125,0.18756952169076752,0.041666666666666664,1.3855924606323242,14.774681568145752,77829
SYN_WS_C5,HorizontalRes,GATConv,0,5,3,identity,80,0.4625,0.47,0.4551564627815881,0.3374999999999999,1.3835186958312988,47.35611343383789,41030
SYN_WS_C5,HorizontalRes,GATConv,1,5,3,identity,51,0.5125,0.425,0.40528197673050964,0.28124999999999994,1.2722738981246948,38.78435564041138,41030
SYN_WS_C5,HorizontalRes,GATConv,2,5,3,identity,71,0.4625,0.45,0.4031456216403676,0.3125,1.3248144388198853,44.029345750808716,41030
SYN_WS_C5,HorizontalRes,GATConv,3,5,3,identity,88,0.4875,0.47,0.4437389325240934,0.3374999999999999,1.4171720743179321,51.055211782455444,41030
SYN_WS_C5,HorizontalRes,GATConv,4,5,3,identity,34,0.4875,0.44,0.3988881294144452,0.3,1.2429485321044922,28.70421528816223,41030
SYN_WS_C5,HorizontalRes,GCNConv,0,5,3,identity,68,0.45,0.43,0.41984885319085025,0.2875,1.2467654943466187,35.87885069847107,39494
SYN_WS_C5,HorizontalRes,GCNConv,1,5,3,identity,58,0.425,0.4,0.37237016797905564,0.25,1.2430355548858643,32.089080572128296,39494
SYN_WS_C5,HorizontalRes,GCNConv,2,5,3,identity,73,0.4,0.465,0.45037529753271244,0.33125,1.2533233165740967,37.65029311180115,39494
SYN_WS_C5,HorizontalRes,GCNConv,3,5,3,identity,75,0.4,0.4,0.38278777301363576,0.25,1.2935885190963745,37.84630036354065,39494
SYN_WS_C5,HorizontalRes,GCNConv,4,5,3,identity,78,0.4375,0.425,0.41747878684631357,0.28124999999999994,1.1610738039016724,38.061551332473755,39494
SYN_WS_C5,HorizontalRes,GINConv,0,5,3,identity,70,0.5,0.55,0.5445793155605975,0.4375,1.1262617111206055,36.77255630493164,89414
SYN_WS_C5,HorizontalRes,GINConv,1,5,3,identity,76,0.5375,0.52,0.49008788199964676,0.39999999999999997,0.9744163751602173,36.29212498664856,89414
SYN_WS_C5,HorizontalRes,GINConv,2,5,3,identity,93,0.5875,0.495,0.477131209716512,0.36874999999999997,1.0663899183273315,42.50178408622742,89414
SYN_WS_C5,HorizontalRes,GINConv,3,5,3,identity,78,0.55,0.525,0.5044141514511654,0.40625,1.1446527242660522,37.85179591178894,89414
SYN_WS_C5,HorizontalRes,GINConv,4,5,3,identity,65,0.4875,0.475,0.4660890825351346,0.34374999999999994,1.177108883857727,35.54076862335205,89414
SYN_WS_C5,HorizontalRes,SAGEConv,0,5,3,identity,10,0.2,0.2,0.06666666666666668,0.0,1.6094683408737183,20.744093656539917,77894
SYN_WS_C5,HorizontalRes,SAGEConv,1,5,3,identity,23,0.1875,0.2,0.06694560669456068,0.0,1.6094990968704224,21.675437688827515,77894
SYN_WS_C5,HorizontalRes,SAGEConv,2,5,3,identity,116,0.325,0.26,0.24470292849558956,0.075,1.6038802862167358,44.84225845336914,77894
SYN_WS_C5,HorizontalRes,SAGEConv,3,5,3,identity,187,0.55,0.46,0.43826159547434607,0.325,1.3020275831222534,52.80070972442627,77894
SYN_WS_C5,HorizontalRes,SAGEConv,4,5,3,identity,2,0.2,0.2,0.06666666666666668,0.0,1.6096409559249878,17.086808443069458,77894
SYN_WS_C5,MatrixResGated,GATConv,0,5,3,sparse,81,0.475,0.42,0.4124351110243566,0.27499999999999997,1.3816900253295898,71.49434328079224,41030
SYN_WS_C5,MatrixResGated,GATConv,1,5,3,sparse,80,0.4625,0.39,0.39236972203124265,0.2375,1.3297321796417236,73.17589259147644,41030
SYN_WS_C5,MatrixResGated,GATConv,2,5,3,sparse,96,0.4,0.395,0.383536845488065,0.24375,1.253759741783142,81.43163013458252,41030
SYN_WS_C5,MatrixResGated,GATConv,3,5,3,sparse,99,0.5,0.455,0.44978325099292843,0.31875,1.1686007976531982,82.15639734268188,41030
SYN_WS_C5,MatrixResGated,GATConv,4,5,3,sparse,92,0.45,0.435,0.434072369072369,0.29374999999999996,1.1702220439910889,76.86198735237122,41030
SYN_WS_C5,MatrixResGated,GCNConv,0,5,3,sparse,238,0.3,0.28,0.26085617625106877,0.10000000000000002,1.5430907011032104,95.03172302246094,39494
SYN_WS_C5,MatrixResGated,GCNConv,1,5,3,sparse,171,0.5,0.44,0.41475956268795144,0.3,1.1286401748657227,91.91999983787537,39494
SYN_WS_C5,MatrixResGated,GCNConv,2,5,3,sparse,5,0.2125,0.195,0.16234477389992347,-0.0062500000000000056,1.612040400505066,34.79497480392456,39494
SYN_WS_C5,MatrixResGated,GCNConv,3,5,3,sparse,168,0.5125,0.45,0.4425851793480192,0.3125,1.2073816061019897,96.53640532493591,39494
SYN_WS_C5,MatrixResGated,GCNConv,4,5,3,sparse,153,0.5,0.445,0.42062709052943814,0.30624999999999997,1.1659528017044067,97.36685347557068,39494
SYN_WS_C5,MatrixResGated,GINConv,0,5,3,sparse,62,0.5125,0.45,0.43924732544450845,0.3125,1.3160110712051392,57.70732665061951,89414
SYN_WS_C5,MatrixResGated,GINConv,1,5,3,sparse,33,0.4125,0.415,0.39251614360849707,0.26874999999999993,1.2407357692718506,44.79982399940491,89414
SYN_WS_C5,MatrixResGated,GINConv,2,5,3,sparse,50,0.4125,0.47,0.4605334278337354,0.3374999999999999,1.1690564155578613,50.72417187690735,89414
SYN_WS_C5,MatrixResGated,GINConv,3,5,3,sparse,42,0.525,0.415,0.4206349206349206,0.26874999999999993,1.3785605430603027,47.15730047225952,89414
SYN_WS_C5,MatrixResGated,GINConv,4,5,3,sparse,39,0.3875,0.42,0.404305072422369,0.27499999999999997,1.3626879453659058,44.3714804649353,89414
SYN_WS_C5,MatrixResGated,SAGEConv,0,5,3,sparse,20,0.1875,0.19,0.17290929824544987,-0.012500000000000011,1.6136325597763062,39.376405239105225,77894
SYN_WS_C5,MatrixResGated,SAGEConv,1,5,3,sparse,29,0.2,0.22,0.21383015419537257,0.024999999999999988,1.6134830713272095,42.50043272972107,77894
SYN_WS_C5,MatrixResGated,SAGEConv,2,5,3,sparse,24,0.2875,0.22,0.2179798612416827,0.024999999999999988,1.6123778820037842,38.16331386566162,77894
SYN_WS_C5,MatrixResGated,SAGEConv,3,5,3,sparse,144,0.4625,0.41,0.4133984533984535,0.26249999999999996,1.3148385286331177,82.2487461566925,77894
SYN_WS_C5,MatrixResGated,SAGEConv,4,5,3,sparse,9,0.2,0.145,0.1232318060542894,-0.06875000000000002,1.6374766826629639,33.43410038948059,77894
SYN_WS_C5,MatrixRes,GATConv,0,5,3,identity,81,0.4125,0.38,0.38232972964994294,0.22499999999999998,1.4181026220321655,68.87484979629517,41030
SYN_WS_C5,MatrixRes,GATConv,1,5,3,identity,111,0.3875,0.43,0.4267775482707624,0.2875,1.219465970993042,86.09816789627075,41030
SYN_WS_C5,MatrixRes,GATConv,2,5,3,identity,92,0.4625,0.425,0.40463060836296805,0.28124999999999994,1.2382054328918457,78.34633278846741,41030
SYN_WS_C5,MatrixRes,GATConv,3,5,3,identity,97,0.425,0.435,0.4340136457466368,0.29374999999999996,1.2767188549041748,80.52484035491943,41030
SYN_WS_C5,MatrixRes,GATConv,4,5,3,identity,88,0.4125,0.43,0.40850297787479456,0.2875,1.1786222457885742,75.33050537109375,41030
SYN_WS_C5,MatrixRes,GCNConv,0,5,3,identity,4,0.2375,0.185,0.1726563454694126,-0.018750000000000017,1.607743501663208,31.283122539520264,39494
SYN_WS_C5,MatrixRes,GCNConv,1,5,3,identity,234,0.3125,0.35,0.3527217320147623,0.18749999999999994,1.3932722806930542,92.0939793586731,39494
SYN_WS_C5,MatrixRes,GCNConv,2,5,3,identity,4,0.2,0.19,0.18043485888313474,-0.012500000000000011,1.6096464395523071,32.149144411087036,39494
SYN_WS_C5,MatrixRes,GCNConv,3,5,3,identity,103,0.4375,0.355,0.3445015021868798,0.19374999999999995,1.3893401622772217,72.61610293388367,39494
SYN_WS_C5,MatrixRes,GCNConv,4,5,3,identity,127,0.4,0.41,0.41932953074640034,0.26249999999999996,1.2146764993667603,81.71126556396484,39494
SYN_WS_C5,MatrixRes,GINConv,0,5,3,identity,42,0.425,0.415,0.4136641907475241,0.26874999999999993,1.4038892984390259,48.29926323890686,89414
SYN_WS_C5,MatrixRes,GINConv,1,5,3,identity,43,0.3875,0.4,0.3937156862745098,0.25,1.262783169746399,43.317699670791626,89414
SYN_WS_C5,MatrixRes,GINConv,2,5,3,identity,35,0.4,0.37,0.35308121686348903,0.21249999999999997,1.4278637170791626,45.3973662853241,89414
SYN_WS_C5,MatrixRes,GINConv,3,5,3,identity,35,0.4,0.365,0.34837670158023426,0.20624999999999996,1.504949927330017,44.461464643478394,89414
SYN_WS_C5,MatrixRes,GINConv,4,5,3,identity,49,0.425,0.37,0.3658396722149765,0.21249999999999997,1.3602206707000732,49.011967182159424,89414
SYN_WS_C5,MatrixRes,SAGEConv,0,5,3,identity,20,0.1875,0.2,0.19494040437416676,0.0,1.6143172979354858,36.28400015830994,77894
SYN_WS_C5,MatrixRes,SAGEConv,1,5,3,identity,30,0.2,0.215,0.2002508276037688,0.018749999999999982,1.6135945320129395,39.33161973953247,77894
SYN_WS_C5,MatrixRes,SAGEConv,2,5,3,identity,199,0.4625,0.475,0.4848470347016255,0.34374999999999994,1.2254273891448975,87.46590662002563,77894
SYN_WS_C5,MatrixRes,SAGEConv,3,5,3,identity,133,0.475,0.385,0.39716196705174867,0.23124999999999998,1.3797430992126465,77.91229367256165,77894
SYN_WS_C5,MatrixRes,SAGEConv,4,5,3,identity,9,0.225,0.15,0.11558038662863764,-0.06250000000000001,1.6409066915512085,33.30502533912659,77894
SYN_WS_C5,Plain,GATConv,0,5,3,identity,25,0.4625,0.405,0.3625458366167586,0.25625,1.4769415855407715,21.509012937545776,41030
SYN_WS_C5,Plain,GATConv,1,5,3,identity,43,0.4125,0.405,0.3773828073665512,0.25625,1.4175288677215576,26.5286386013031,41030
SYN_WS_C5,Plain,GATConv,2,5,3,identity,36,0.5125,0.445,0.41506704471616745,0.30624999999999997,1.2910915613174438,23.98359179496765,41030
SYN_WS_C5,Plain,GATConv,3,5,3,identity,29,0.4125,0.4,0.3791028535701445,0.25,1.3202470541000366,22.111921310424805,41030
SYN_WS_C5,Plain,GATConv,4,5,3,identity,25,0.4625,0.4,0.36565556212628947,0.25,1.3240001201629639,20.524263858795166,41030
SYN_WS_C5,Plain,GCNConv,0,5,3,identity,74,0.4875,0.405,0.39320729762321543,0.25625,1.2758269309997559,28.51724624633789,39494
SYN_WS_C5,Plain,GCNConv,1,5,3,identity,102,0.5625,0.44,0.43297688272012635,0.3,1.218897819519043,32.40279006958008,39494
SYN_WS_C5,Plain,GCNConv,2,5,3,identity,158,0.4375,0.43,0.4198335366553404,0.2875,1.2992421388626099,37.40274500846863,39494
SYN_WS_C5,Plain,GCNConv,3,5,3,identity,97,0.45,0.47,0.45317717706919697,0.3374999999999999,1.1249831914901733,31.06373381614685,39494
SYN_WS_C5,Plain,GCNConv,4,5,3,identity,148,0.5,0.425,0.42282302735196503,0.28124999999999994,1.2156509160995483,40.93521499633789,39494
SYN_WS_C5,Plain,GINConv,0,5,3,identity,64,0.425,0.425,0.4299548736085931,0.28124999999999994,1.255287766456604,23.67645835876465,89414
SYN_WS_C5,Plain,GINConv,1,5,3,identity,56,0.5375,0.525,0.5163092869345507,0.40625,1.0930105447769165,24.015640020370483,89414
SYN_WS_C5,Plain,GINConv,2,5,3,identity,76,0.5,0.515,0.5056191187453323,0.39375,1.1550756692886353,27.15096426010132,89414
SYN_WS_C5,Plain,GINConv,3,5,3,identity,59,0.5625,0.485,0.45198965083925513,0.35624999999999996,1.154760479927063,22.10948133468628,89414
SYN_WS_C5,Plain,GINConv,4,5,3,identity,50,0.45,0.45,0.4227205321343105,0.3125,1.4003040790557861,21.77596688270569,89414
SYN_WS_C5,Plain,SAGEConv,0,5,3,identity,200,0.5625,0.36,0.34912032775642066,0.19999999999999996,1.3609116077423096,36.454705238342285,77894
SYN_WS_C5,Plain,SAGEConv,1,5,3,identity,188,0.425,0.435,0.4350217387591255,0.29374999999999996,1.3095887899398804,36.60173583030701,77894
SYN_WS_C5,Plain,SAGEConv,2,5,3,identity,83,0.3375,0.425,0.3991280188409375,0.28124999999999994,1.360131025314331,26.908292770385742,77894
SYN_WS_C5,Plain,SAGEConv,3,5,3,identity,26,0.225,0.215,0.14503263524606574,0.018749999999999982,1.6076455116271973,17.70789098739624,77894
SYN_WS_C5,Plain,SAGEConv,4,5,3,identity,3,0.2,0.2,0.06666666666666668,0.0,1.6096354722976685,12.458263397216797,77894
SYN_WS_C5,VerticalRes,GATConv,0,5,3,identity,38,0.4125,0.39,0.34828141365173415,0.2375,1.475653052330017,27.469207763671875,41030
SYN_WS_C5,VerticalRes,GATConv,1,5,3,identity,52,0.425,0.415,0.4034303802245133,0.26874999999999993,1.4421827793121338,34.61252737045288,41030
SYN_WS_C5,VerticalRes,GATConv,2,5,3,identity,74,0.45,0.455,0.4352078109734737,0.31875,1.2601885795593262,40.43332290649414,41030
SYN_WS_C5,VerticalRes,GATConv,3,5,3,identity,59,0.4125,0.44,0.4249770504409679,0.3,1.2901184558868408,36.254530906677246,41030
SYN_WS_C5,VerticalRes,GATConv,4,5,3,identity,41,0.425,0.43,0.41579526692350033,0.2875,1.337257981300354,26.124420642852783,41030
SYN_WS_C5,VerticalRes,GCNConv,0,5,3,identity,160,0.4375,0.46,0.4530342076936857,0.325,1.2233877182006836,48.54460024833679,39494
SYN_WS_C5,VerticalRes,GCNConv,1,5,3,identity,112,0.4,0.42,0.4063164879869685,0.27499999999999997,1.2572526931762695,43.66574478149414,39494
SYN_WS_C5,VerticalRes,GCNConv,2,5,3,identity,184,0.4375,0.43,0.42209818446595726,0.2875,1.2543693780899048,49.62605571746826,39494
SYN_WS_C5,VerticalRes,GCNConv,3,5,3,identity,166,0.525,0.48,0.47188008898033756,0.3499999999999999,1.344447135925293,50.73358869552612,39494
SYN_WS_C5,VerticalRes,GCNConv,4,5,3,identity,143,0.425,0.4,0.3915472723794899,0.25,1.2542129755020142,52.585487604141235,39494
SYN_WS_C5,VerticalRes,GINConv,0,5,3,identity,42,0.425,0.395,0.38392799524873245,0.24375,1.3971240520477295,26.970319509506226,89414
SYN_WS_C5,VerticalRes,GINConv,1,5,3,identity,66,0.475,0.415,0.3798640880284574,0.26874999999999993,1.1815986633300781,29.686516761779785,89414
SYN_WS_C5,VerticalRes,GINConv,2,5,3,identity,119,0.45,0.445,0.42986349406863605,0.30624999999999997,1.2300288677215576,43.234877824783325,89414
SYN_WS_C5,VerticalRes,GINConv,3,5,3,identity,126,0.5375,0.47,0.4671212263897077,0.3374999999999999,1.289860725402832,45.29858326911926,89414
SYN_WS_C5,VerticalRes,GINConv,4,5,3,identity,53,0.4375,0.415,0.39800485137445885,0.26874999999999993,1.2366232872009277,28.131336212158203,89414
SYN_WS_C5,VerticalRes,SAGEConv,0,5,3,identity,13,0.225,0.18,0.103947841264952,-0.025000000000000022,1.6095227003097534,17.131258010864258,77894
SYN_WS_C5,VerticalRes,SAGEConv,1,5,3,identity,19,0.2,0.21,0.18649747547532616,0.012499999999999976,1.6095319986343384,18.9913432598114,77894
SYN_WS_C5,VerticalRes,SAGEConv,2,5,3,identity,24,0.2125,0.215,0.1602086942306671,0.018749999999999982,1.6089003086090088,19.183833360671997,77894
SYN_WS_C5,VerticalRes,SAGEConv,3,5,3,identity,200,0.4375,0.38,0.376019536019536,0.22499999999999998,1.4364944696426392,44.464237451553345,77894
SYN_WS_C5,VerticalRes,SAGEConv,4,5,3,identity,30,0.225,0.195,0.13771780476563325,-0.0062500000000000056,1.6113553047180176,20.14902424812317,77894
SYN_WS_C6,HorizontalRes,GATConv,0,6,3,identity,61,0.3541666666666667,0.4,0.36648685868951353,0.28,1.4990156888961792,51.101096630096436,41095
SYN_WS_C6,HorizontalRes,GATConv,1,6,3,identity,66,0.34375,0.4,0.37021442562314677,0.28,1.4907019138336182,53.804526805877686,41095
SYN_WS_C6,HorizontalRes,GATConv,2,6,3,identity,29,0.28125,0.3333333333333333,0.28676927443513883,0.19999999999999998,1.5198115110397339,38.511618852615356,41095
SYN_WS_C6,HorizontalRes,GATConv,3,6,3,identity,108,0.4270833333333333,0.4041666666666667,0.38319092710922575,0.28500000000000003,1.8197909593582153,65.50024628639221,41095
SYN_WS_C6,HorizontalRes,GATConv,4,6,3,identity,27,0.3333333333333333,0.35833333333333334,0.3280209357091107,0.23,1.4565646648406982,36.561283349990845,41095
SYN_WS_C6,HorizontalRes,GCNConv,0,6,3,identity,107,0.3229166666666667,0.325,0.3091119137303259,0.19,1.5312594175338745,58.77466821670532,39559
SYN_WS_C6,HorizontalRes,GCNConv,1,6,3,identity,99,0.4375,0.3375,0.3216928034246792,0.20500000000000002,1.506370186805725,56.06363558769226,39559
SYN_WS_C6,HorizontalRes,GCNConv,2,6,3,identity,94,0.3645833333333333,0.3541666666666667,0.3430673620229195,0.22500000000000003,1.4049499034881592,52.44457197189331,39559
SYN_WS_C6,HorizontalRes,GCNConv,3,6,3,identity,77,0.3854166666666667,0.31666666666666665,0.27760795140266564,0.18,1.5706804990768433,48.146472454071045,39559
SYN_WS_C6,HorizontalRes,GCNConv,4,6,3,identity,99,0.40625,0.3458333333333333,0.33097559452706654,0.215,1.4838833808898926,58.26694703102112,39559
SYN_WS_C6,HorizontalRes,GINConv,0,6,3,identity,87,0.3645833333333333,0.48333333333333334,0.47296391296391294,0.37999999999999995,1.2060524225234985,51.71471166610718,89479
SYN_WS_C6,HorizontalRes,GINConv,1,6,3,identity,74,0.4270833333333333,0.3958333333333333,0.363553142235133,0.27499999999999997,1.3860442638397217,48.31101942062378,89479
SYN_WS_C6,HorizontalRes,GINConv,2,6,3,identity,90,0.4375,0.475,0.4605394165216426,0.37,1.4869210720062256,52.3831901550293,89479
SYN_WS_C6,HorizontalRes,GINConv,3,6,3,identity,43,0.3541666666666667,0.45416666666666666,0.42465530320708905,0.345,1.2300139665603638,36.09675574302673,89479
SYN_WS_C6,HorizontalRes,GINConv,4,6,3,identity,103,0.53125,0.44166666666666665,0.43420580872907344,0.33,1.256428599357605,59.756147146224976,89479
SYN_WS_C6,HorizontalRes,SAGEConv,0,6,3,identity,10,0.16666666666666666,0.16666666666666666,0.047619047619047616,0.0,1.7917460203170776,25.045117378234863,77959
SYN_WS_C6,HorizontalRes,SAGEConv,1,6,3,identity,10,0.16666666666666666,0.16666666666666666,0.047619047619047616,0.0,1.791754961013794,25.194815635681152,77959
SYN_WS_C6,HorizontalRes,SAGEConv,2,6,3,identity,5,0.17708333333333334,0.1625,0.05855358573067515,-0.004999999999999982,1.7918362617492676,20.56708574295044,77959
SYN_WS_C6,HorizontalRes,SAGEConv,3,6,3,identity,119,0.3645833333333333,0.3541666666666667,0.32244407267476644,0.22500000000000003,1.4688082933425903,60.15992569923401,77959
SYN_WS_C6,HorizontalRes,SAGEConv,4,6,3,identity,49,0.16666666666666666,0.175,0.09662439428658014,0.009999999999999997,1.7918057441711426,36.12936544418335,77959
SYN_WS_C6,MatrixResGated,GATConv,0,6,3,sparse,73,0.2916666666666667,0.3458333333333333,0.34240486783528395,0.215,1.5192970037460327,88.65831851959229,41095
SYN_WS_C6,MatrixResGated,GATConv,1,6,3,sparse,113,0.5,0.325,0.32489334238734807,0.19,1.5351150035858154,110.85473322868347,41095
SYN_WS_C6,MatrixResGated,GATConv,2,6,3,sparse,176,0.2708333333333333,0.37083333333333335,0.3580895562409647,0.24500000000000002,1.450100302696228,138.35660219192505,41095
SYN_WS_C6,MatrixResGated,GATConv,3,6,3,sparse,80,0.375,0.37916666666666665,0.3353878086661217,0.255,1.6518328189849854,91.46351337432861,41095
SYN_WS_C6,MatrixResGated,GATConv,4,6,3,sparse,106,0.3125,0.375,0.3618856798420107,0.25,1.370572566986084,103.09021377563477,41095
SYN_WS_C6,MatrixResGated,GCNConv,0,6,3,sparse,175,0.34375,0.3958333333333333,0.3812123255686985,0.27499999999999997,1.3993496894836426,118.78458881378174,39559
SYN_WS_C6,MatrixResGated,GCNConv,1,6,3,sparse,233,0.46875,0.3458333333333333,0.32662115970378763,0.215,1.4987523555755615,120.11420726776123,39559
SYN_WS_C6,MatrixResGated,GCNConv,2,6,3,sparse,237,0.34375,0.38333333333333336,0.36468735188460877,0.26,1.4191724061965942,118.34441494941711,39559
SYN_WS_C6,MatrixResGated,GCNConv,3,6,3,sparse,155,0.375,0.3125,0.27221388525267837,0.17500000000000002,1.460209608078003,118.96101665496826,39559
SYN_WS_C6,MatrixResGated,GCNConv,4,6,3,sparse,195,0.46875,0.375,0.36462397320157214,0.25,1.3959006071090698,122.42971801757812,39559
SYN_WS_C6,MatrixResGated,GINConv,0,6,3,sparse,27,0.3229166666666667,0.3458333333333333,0.3000225345390584,0.215,1.5749871730804443,54.414581298828125,89479
SYN_WS_C6,MatrixResGated,GINConv,1,6,3,sparse,38,0.4166666666666667,0.32916666666666666,0.30584317923654086,0.195,1.6123870611190796,59.9840042591095,89479
SYN_WS_C6,MatrixResGated,GINConv,2,6,3,sparse,28,0.3541666666666667,0.37916666666666665,0.34288977235563545,0.255,1.4813405275344849,53.349472522735596,89479
SYN_WS_C6,MatrixResGated,GINConv,3,6,3,sparse,36,0.3125,0.38333333333333336,0.36582419096648394,0.26,1.4308326244354248,56.10862851142883,89479
SYN_WS_C6,MatrixResGated,GINConv,4,6,3,sparse,36,0.3645833333333333,0.4041666666666667,0.39583962910947257,0.28500000000000003,1.4196813106536865,56.53390455245972,89479
SYN_WS_C6,MatrixResGated,SAGEConv,0,6,3,sparse,8,0.20833333333333334,0.175,0.14191213185311202,0.009999999999999997,1.798815131187439,46.354613304138184,77959
SYN_WS_C6,MatrixResGated,SAGEConv,1,6,3,sparse,7,0.22916666666666666,0.16666666666666666,0.13419661565227506,0.0,1.8074793815612793,42.83836555480957,77959
SYN_WS_C6,MatrixResGated,SAGEConv,2,6,3,sparse,16,0.19791666666666666,0.20416666666666666,0.1822297873861585,0.045000000000000005,1.793605089187622,44.858779191970825,77959
SYN_WS_C6,MatrixResGated,SAGEConv,3,6,3,sparse,125,0.34375,0.4083333333333333,0.3875480432337815,0.29,1.418819785118103,98.08855175971985,77959
SYN_WS_C6,MatrixResGated,SAGEConv,4,6,3,sparse,182,0.3854166666666667,0.42083333333333334,0.41459333213207517,0.305,1.3715078830718994,113.7294282913208,77959
SYN_WS_C6,MatrixRes,GATConv,0,6,3,identity,88,0.3020833333333333,0.3625,0.3652948853153515,0.235,1.4771015644073486,93.68355464935303,41095
SYN_WS_C6,MatrixRes,GATConv,1,6,3,identity,113,0.3958333333333333,0.30833333333333335,0.31384915512704564,0.17,1.6467028856277466,108.690993309021,41095
SYN_WS_C6,MatrixRes,GATConv,2,6,3,identity,197,0.34375,0.3416666666666667,0.33595481084392964,0.21000000000000002,1.470811128616333,135.20221853256226,41095
SYN_WS_C6,MatrixRes,GATConv,3,6,3,identity,107,0.3854166666666667,0.35,0.34272625679700663,0.21999999999999997,1.6253231763839722,106.17712450027466,41095
SYN_WS_C6,MatrixRes,GATConv,4,6,3,identity,135,0.34375,0.3541666666666667,0.35802602543981593,0.22500000000000003,1.4243215322494507,118.64640188217163,41095
SYN_WS_C6,MatrixRes,GCNConv,0,6,3,identity,240,0.2604166666666667,0.225,0.2141667062886949,0.07000000000000002,1.6926419734954834,113.66512107849121,39559
SYN_WS_C6,MatrixRes,GCNConv,1,6,3,identity,11,0.16666666666666666,0.175,0.15702275468964844,0.009999999999999997,1.7964015007019043,42.625847578048706,39559
SYN_WS_C6,MatrixRes,GCNConv,2,6,3,identity,119,0.2916666666666667,0.3125,0.2971758596811563,0.17500000000000002,1.580865502357483,96.66322493553162,39559
SYN_WS_C6,MatrixRes,GCNConv,3,6,3,identity,173,0.2708333333333333,0.29583333333333334,0.2825699384043166,0.155,1.5783361196517944,119.24114084243774,39559
SYN_WS_C6,MatrixRes,GCNConv,4,6,3,identity,176,0.3958333333333333,0.3875,0.37752526272405995,0.265,1.4930686950683594,117.96203422546387,39559
SYN_WS_C6,MatrixRes,GINConv,0,6,3,identity,33,0.2916666666666667,0.3,0.2883426515005463,0.16,1.5242999792099,56.392184019088745,89479
SYN_WS_C6,MatrixRes,GINConv,1,6,3,identity,36,0.375,0.25833333333333336,0.25572420746423413,0.11000000000000004,1.6751044988632202,57.38684296607971,89479
SYN_WS_C6,MatrixRes,GINConv,2,6,3,identity,54,0.3645833333333333,0.4041666666666667,0.4016444524245133,0.28500000000000003,1.4048107862472534,64.45298457145691,89479
SYN_WS_C6,MatrixRes,GINConv,3,6,3,identity,44,0.3645833333333333,0.3458333333333333,0.33514226435323163,0.215,1.4883842468261719,59.41025424003601,89479
SYN_WS_C6,MatrixRes,GINConv,4,6,3,identity,51,0.3854166666666667,0.35833333333333334,0.36110033821554194,0.23,1.466610312461853,64.60571885108948,89479
SYN_WS_C6,MatrixRes,SAGEConv,0,6,3,identity,8,0.19791666666666666,0.18333333333333332,0.15328819411133093,0.019999999999999993,1.802477478981018,45.960516691207886,77959
SYN_WS_C6,MatrixRes,SAGEConv,1,6,3,identity,7,0.22916666666666666,0.15416666666666667,0.12481037638481879,-0.014999999999999979,1.8077362775802612,40.836140871047974,77959
SYN_WS_C6,MatrixRes,SAGEConv,2,6,3,identity,15,0.19791666666666666,0.19583333333333333,0.16133949002942138,0.03500000000000001,1.7955995798110962,43.36133408546448,77959
SYN_WS_C6,MatrixRes,SAGEConv,3,6,3,identity,194,0.3333333333333333,0.42916666666666664,0.41922912701684334,0.31499999999999995,1.3124033212661743,108.66263198852539,77959
SYN_WS_C6,MatrixRes,SAGEConv,4,6,3,identity,200,0.3854166666666667,0.36666666666666664,0.3606805059873926,0.23999999999999996,1.4086577892303467,112.02186512947083,77959
SYN_WS_C6,Plain,GATConv,0,6,3,identity,29,0.375,0.32916666666666666,0.27940608378817244,0.195,1.6017695665359497,26.579509258270264,41095
SYN_WS_C6,Plain,GATConv,1,6,3,identity,56,0.4479166666666667,0.3541666666666667,0.31098194589573896,0.22500000000000003,1.53704035282135,37.11941146850586,41095
SYN_WS_C6,Plain,GATConv,2,6,3,identity,37,0.2916666666666667,0.38333333333333336,0.32518421555390814,0.26,1.6600234508514404,32.60533404350281,41095
SYN_WS_C6,Plain,GATConv,3,6,3,identity,51,0.34375,0.37083333333333335,0.34025344178002465,0.24500000000000002,1.6250101327896118,36.0416100025177,41095
SYN_WS_C6,Plain,GATConv,4,6,3,identity,64,0.3958333333333333,0.38333333333333336,0.3746014756693936,0.26,1.55982506275177,39.489489793777466,41095
SYN_WS_C6,Plain,GCNConv,0,6,3,identity,80,0.3333333333333333,0.44166666666666665,0.41864869356491413,0.33,1.3777590990066528,34.64509892463684,39559
SYN_WS_C6,Plain,GCNConv,1,6,3,identity,164,0.3854166666666667,0.3,0.28981133781566043,0.16,1.4797170162200928,48.83474898338318,39559
SYN_WS_C6,Plain,GCNConv,2,6,3,identity,138,0.4166666666666667,0.3875,0.37255659496793436,0.265,1.3732794523239136,49.161431074142456,39559
SYN_WS_C6,Plain,GCNConv,3,6,3,identity,104,0.3645833333333333,0.3458333333333333,0.3319161057093066,0.215,1.5046019554138184,42.41911768913269,39559
SYN_WS_C6,Plain,GCNConv,4,6,3,identity,107,0.3958333333333333,0.35833333333333334,0.34915049977042784,0.23,1.395923376083374,42.85131096839905,39559
SYN_WS_C6,Plain,GINConv,0,6,3,identity,65,0.40625,0.44583333333333336,0.42195397980488153,0.335,1.3843740224838257,31.45798969268799,89479
SYN_WS_C6,Plain,GINConv,1,6,3,identity,44,0.3645833333333333,0.325,0.2988847577807432,0.19,1.5665878057479858,27.193896293640137,89479
SYN_WS_C6,Plain,GINConv,2,6,3,identity,102,0.4895833333333333,0.45,0.4340852415431536,0.33999999999999997,1.2525111436843872,38.77969264984131,89479
SYN_WS_C6,Plain,GINConv,3,6,3,identity,44,0.3854166666666667,0.43333333333333335,0.39831649831649835,0.32000000000000006,1.3163424730300903,25.69456171989441,89479
SYN_WS_C6,Plain,GINConv,4,6,3,identity,117,0.53125,0.4,0.38653428935610296,0.28,1.6651036739349365,46.4490282535553,89479
SYN_WS_C6,Plain,SAGEConv,0,6,3,identity,106,0.2916666666666667,0.32083333333333336,0.29863065720451115,0.18500000000000003,1.6043963432312012,38.69106698036194,77959
SYN_WS_C6,Plain,SAGEConv,1,6,3,identity,189,0.4166666666666667,0.30416666666666664,0.285169203194741,0.16499999999999998,1.5457583665847778,44.2597599029541,77959
SYN_WS_C6,Plain,SAGEConv,2,6,3,identity,99,0.3229166666666667,0.3416666666666667,0.3111755257792526,0.21000000000000002,1.6329783201217651,37.431689500808716,77959
SYN_WS_C6,Plain,SAGEConv,3,6,3,identity,77,0.28125,0.26666666666666666,0.2450602998785761,0.12,1.6589057445526123,32.255818128585815,77959
SYN_WS_C6,Plain,SAGEConv,4,6,3,identity,3,0.16666666666666666,0.16666666666666666,0.047619047619047616,0.0,1.7917823791503906,10.259243249893188,77959
SYN_WS_C6,VerticalRes,GATConv,0,6,3,identity,49,0.3333333333333333,0.3541666666666667,0.32260756578338484,0.22500000000000003,1.6148953437805176,41.73883032798767,41095
SYN_WS_C6,VerticalRes,GATConv,1,6,3,identity,34,0.3541666666666667,0.2708333333333333,0.2553086635233894,0.12499999999999999,1.643798589706421,36.857243061065674,41095
SYN_WS_C6,VerticalRes,GATConv,2,6,3,identity,67,0.3645833333333333,0.42083333333333334,0.38693019863648287,0.305,1.5461153984069824,48.846758127212524,41095
SYN_WS_C6,VerticalRes,GATConv,3,6,3,identity,78,0.3645833333333333,0.35,0.3250929684733647,0.21999999999999997,1.76797616481781,53.14770841598511,41095
SYN_WS_C6,VerticalRes,GATConv,4,6,3,identity,74,0.3645833333333333,0.3875,0.3602866594375976,0.265,1.5194127559661865,51.79167079925537,41095
SYN_WS_C6,VerticalRes,GCNConv,0,6,3,identity,147,0.4375,0.36666666666666664,0.35058882445046574,0.23999999999999996,1.428022027015686,59.10706329345703,39559
SYN_WS_C6,VerticalRes,GCNConv,1,6,3,identity,157,0.3958333333333333,0.3333333333333333,0.3153578550647172,0.19999999999999998,1.557239294052124,62.21061730384827,39559
SYN_WS_C6,VerticalRes,GCNConv,2,6,3,identity,189,0.3229166666666667,0.4,0.3899746303596457,0.28,1.4437024593353271,62.13245606422424,39559
SYN_WS_C6,VerticalRes,GCNConv,3,6,3,identity,147,0.3541666666666667,0.35,0.32558315172575836,0.21999999999999997,1.3682607412338257,62.88578248023987,39559
SYN_WS_C6,VerticalRes,GCNConv,4,6,3,identity,199,0.375,0.38333333333333336,0.37418322296629486,0.26,1.5508768558502197,59.28565430641174,39559
SYN_WS_C6,VerticalRes,GINConv,0,6,3,identity,88,0.4166666666666667,0.4,0.3857212698002172,0.28,1.5205644369125366,46.552833795547485,89479
SYN_WS_C6,VerticalRes,GINConv,1,6,3,identity,74,0.3333333333333333,0.3333333333333333,0.30713543064846643,0.19999999999999998,1.5398746728897095,40.942394495010376,89479
SYN_WS_C6,VerticalRes,GINConv,2,6,3,identity,83,0.4270833333333333,0.43333333333333335,0.41250597367844816,0.32000000000000006,1.3144019842147827,43.72045302391052,89479
SYN_WS_C6,VerticalRes,GINConv,3,6,3,identity,60,0.3541666666666667,0.275,0.23548592889113706,0.13000000000000003,1.5549216270446777,36.67541027069092,89479
SYN_WS_C6,VerticalRes,GINConv,4,6,3,identity,88,0.3854166666666667,0.35,0.3420971461807982,0.21999999999999997,1.480176329612732,46.73458409309387,89479
SYN_WS_C6,VerticalRes,SAGEConv,0,6,3,identity,89,0.21875,0.15416666666666667,0.11058549293843412,-0.014999999999999979,1.792730689048767,45.80474495887756,77959
SYN_WS_C6,VerticalRes,SAGEConv,1,6,3,identity,47,0.15625,0.14166666666666666,0.11029953378646297,-0.029999999999999992,1.7926981449127197,28.636565685272217,77959
SYN_WS_C6,VerticalRes,SAGEConv,2,6,3,identity,9,0.17708333333333334,0.1625,0.04676258992805755,-0.004999999999999982,1.7918524742126465,19.694679021835327,77959
SYN_WS_C6,VerticalRes,SAGEConv,3,6,3,identity,169,0.40625,0.4125,0.38478733639284096,0.295,1.3273506164550781,56.42200946807861,77959
SYN_WS_C6,VerticalRes,SAGEConv,4,6,3,identity,20,0.13541666666666666,0.1375,0.06982523649190316,-0.034999999999999976,1.7919180393218994,22.688494205474854,77959
SYN_WS_C7,HorizontalRes,GATConv,0,7,3,identity,105,0.3392857142857143,0.34285714285714286,0.32136618619756435,0.23333333333333334,1.5143941061837332,73.48487114906311,41160
SYN_WS_C7,HorizontalRes,GATConv,1,7,3,identity,74,0.4107142857142857,0.3535714285714286,0.32387812044656455,0.24583333333333335,1.6146241630826677,60.21735715866089,41160
SYN_WS_C7,HorizontalRes,GATConv,2,7,3,identity,51,0.32142857142857145,0.35,0.3155602784420381,0.24166666666666664,1.5253725494657244,51.86166501045227,41160
SYN_WS_C7,HorizontalRes,GATConv,3,7,3,identity,21,0.2767857142857143,0.28214285714285714,0.2515322235062971,0.1625,1.7189648798533848,39.84369254112244,41160
SYN_WS_C7,HorizontalRes,GATConv,4,7,3,identity,130,0.39285714285714285,0.37857142857142856,0.3643488344047624,0.27499999999999997,1.5450933626719883,77.94548606872559,41160
SYN_WS_C7,HorizontalRes,GCNConv,0,7,3,identity,97,0.35714285714285715,0.32857142857142857,0.31388072702637004,0.21666666666666665,1.5166352442332676,56.673614501953125,39624
SYN_WS_C7,HorizontalRes,GCNConv,1,7,3,identity,83,0.3482142857142857,0.3142857142857143,0.2860919070887588,0.19999999999999998,1.6125662803649903,52.17544627189636,39624
SYN_WS_C7,HorizontalRes,GCNConv,2,7,3,identity,122,0.32142857142857145,0.325,0.31206800549215086,0.2125,1.5805406876972743,66.80332159996033,39624
SYN_WS_C7,HorizontalRes,GCNConv,3,7,3,identity,73,0.26785714285714285,0.2571428571428571,0.23401850503491356,0.1333333333333333,1.6394948414393833,48.1104691028595,39624
SYN_WS_C7,HorizontalRes,GCNConv,4,7,3,identity,54,0.2767857142857143,0.3142857142857143,0.30203010423542687,0.19999999999999998,1.5832445417131698,42.30017971992493,39624
SYN_WS_C7,HorizontalRes,GINConv,0,7,3,identity,62,0.36607142857142855,0.375,0.34295962535915636,0.2708333333333333,1.4706209421157836,45.313668966293335,89544
SYN_WS_C7,HorizontalRes,GINConv,1,7,3,identity,91,0.38392857142857145,0.30714285714285716,0.28408063839980896,0.19166666666666668,1.5283972297395978,55.33192801475525,89544
SYN_WS_C7,HorizontalRes,GINConv,2,7,3,identity,82,0.35714285714285715,0.4035714285714286,0.39704466656338316,0.30416666666666664,1.4007052728107998,52.9571897983551,89544
SYN_WS_C7,HorizontalRes,GINConv,3,7,3,identity,65,0.3482142857142857,0.39285714285714285,0.3590847425855612,0.29166666666666663,1.33939026423863,46.57416772842407,89544
SYN_WS_C7,HorizontalRes,GINConv,4,7,3,identity,57,0.32142857142857145,0.37857142857142856,0.3269880249975058,0.27499999999999997,1.5070056200027466,42.8610143661499,89544
SYN_WS_C7,HorizontalRes,SAGEConv,0,7,3,identity,195,0.3125,0.2857142857142857,0.2590366116015756,0.16666666666666666,1.8422986200877598,74.17069745063782,78024
SYN_WS_C7,HorizontalRes,SAGEConv,1,7,3,identity,159,0.30357142857142855,0.32142857142857145,0.29467215107898115,0.20833333333333334,1.6375395127705166,73.82609224319458,78024
SYN_WS_C7,HorizontalRes,SAGEConv,2,7,3,identity,45,0.1875,0.14642857142857144,0.11130446015113586,0.004166666666666684,1.9471381493977138,38.50135159492493,78024
SYN_WS_C7,HorizontalRes,SAGEConv,3,7,3,identity,128,0.29464285714285715,0.29285714285714287,0.2538231430070289,0.17500000000000002,1.5775738545826503,64.06850481033325,78024
SYN_WS_C7,HorizontalRes,SAGEConv,4,7,3,identity,133,0.32142857142857145,0.37142857142857144,0.33198061136549883,0.26666666666666666,1.4799809081213815,67.96768808364868,78024
SYN_WS_C7,MatrixResGated,GATConv,0,7,3,sparse,81,0.33035714285714285,0.32857142857142857,0.3107354277531454,0.21666666666666665,1.6440894739968437,97.16824650764465,41160
SYN_WS_C7,MatrixResGated,GATConv,1,7,3,sparse,63,0.3125,0.3142857142857143,0.3023391805602475,0.19999999999999998,1.6520868641989572,85.80996036529541,41160
SYN_WS_C7,MatrixResGated,GATConv,2,7,3,sparse,82,0.33035714285714285,0.3142857142857143,0.29450559794542863,0.19999999999999998,1.5996037176677158,99.44929933547974,41160
SYN_WS_C7,MatrixResGated,GATConv,3,7,3,sparse,69,0.26785714285714285,0.35,0.3159742166662453,0.24166666666666664,1.5304845571517944,90.05366396903992,41160
SYN_WS_C7,MatrixResGated,GATConv,4,7,3,sparse,71,0.32142857142857145,0.32142857142857145,0.3038454225558274,0.20833333333333334,1.6589580161230906,84.38851690292358,41160
SYN_WS_C7,MatrixResGated,GCNConv,0,7,3,sparse,232,0.4107142857142857,0.3464285714285714,0.33925255055039066,0.2375,1.453697507722037,122.13507962226868,39624
SYN_WS_C7,MatrixResGated,GCNConv,1,7,3,sparse,136,0.32142857142857145,0.3392857142857143,0.3149435387172698,0.22916666666666669,1.6025475127356392,113.20570516586304,39624
SYN_WS_C7,MatrixResGated,GCNConv,2,7,3,sparse,2,0.14285714285714285,0.16785714285714284,0.08183888459792812,0.029166666666666657,1.95074679510934,43.81368684768677,39624
SYN_WS_C7,MatrixResGated,GCNConv,3,7,3,sparse,114,0.26785714285714285,0.3,0.2890018730109963,0.18333333333333332,1.5447347811290195,102.72351264953613,39624
SYN_WS_C7,MatrixResGated,GCNConv,4,7,3,sparse,111,0.3125,0.3107142857142857,0.29785319722294507,0.19583333333333333,1.5741357905524118,98.90942764282227,39624
SYN_WS_C7,MatrixResGated,GINConv,0,7,3,sparse,45,0.36607142857142855,0.32857142857142857,0.31864371972577377,0.21666666666666665,1.5262881653649467,66.14408493041992,89544
SYN_WS_C7,MatrixResGated,GINConv,1,7,3,sparse,61,0.29464285714285715,0.3464285714285714,0.34385413570247286,0.2375,1.624270326750619,72.25378513336182,89544
SYN_WS_C7,MatrixResGated,GINConv,2,7,3,sparse,44,0.2857142857142857,0.36428571428571427,0.3568496944107893,0.2583333333333333,1.5171993630273002,65.02771019935608,89544
SYN_WS_C7,MatrixResGated,GINConv,3,7,3,sparse,32,0.33035714285714285,0.30357142857142855,0.2866794589594643,0.18749999999999997,1.6730350187846592,56.415416955947876,89544
SYN_WS_C7,MatrixResGated,GINConv,4,7,3,sparse,46,0.33035714285714285,0.3464285714285714,0.34171880506003577,0.2375,1.5404253516878401,62.40469145774841,89544
SYN_WS_C7,MatrixResGated,SAGEConv,0,7,3,sparse,7,0.1875,0.16428571428571428,0.13953692289919026,0.025000000000000005,1.9589277505874634,47.31445860862732,78024
SYN_WS_C7,MatrixResGated,SAGEConv,1,7,3,sparse,30,0.16071428571428573,0.1392857142857143,0.1308528190145466,-0.004166666666666652,1.9454509496688843,54.28591513633728,78024
SYN_WS_C7,MatrixResGated,SAGEConv,2,7,3,sparse,31,0.1875,0.15,0.12950326811414412,0.008333333333333335,1.9440452711922782,55.66084361076355,78024
SYN_WS_C7,MatrixResGated,SAGEConv,3,7,3,sparse,147,0.2767857142857143,0.32857142857142857,0.3210910432080828,0.21666666666666665,1.569656239237104,112.3067979812622,78024
SYN_WS_C7,MatrixResGated,SAGEConv,4,7,3,sparse,25,0.16071428571428573,0.16428571428571428,0.1460854614909966,0.025000000000000005,1.941176608630589,51.936542987823486,78024
SYN_WS_C7,MatrixRes,GATConv,0,7,3,identity,91,0.30357142857142855,0.3,0.28467637593431844,0.18333333333333332,1.6604840925761633,100.81413793563843,41160
SYN_WS_C7,MatrixRes,GATConv,1,7,3,identity,106,0.3125,0.325,0.3279742911285182,0.2125,1.8294315883091519,109.26779770851135,41160
SYN_WS_C7,MatrixRes,GATConv,2,7,3,identity,100,0.29464285714285715,0.3,0.27970704909028876,0.18333333333333332,1.5825142281396047,106.85882449150085,41160
SYN_WS_C7,MatrixRes,GATConv,3,7,3,identity,72,0.25892857142857145,0.32857142857142857,0.32252066072371605,0.21666666666666665,1.6170318058558872,85.61425495147705,41160
SYN_WS_C7,MatrixRes,GATConv,4,7,3,identity,101,0.33035714285714285,0.3607142857142857,0.3445087119986986,0.25416666666666665,1.6095621483666556,100.26660585403442,41160
SYN_WS_C7,MatrixRes,GCNConv,0,7,3,identity,173,0.36607142857142855,0.325,0.3281692410812499,0.2125,1.5396184955324446,117.71581363677979,39624
SYN_WS_C7,MatrixRes,GCNConv,1,7,3,identity,109,0.2857142857142857,0.3107142857142857,0.2990893442704984,0.19583333333333333,1.622215679713658,95.85782051086426,39624
SYN_WS_C7,MatrixRes,GCNConv,2,7,3,identity,5,0.14285714285714285,0.14642857142857144,0.08480488618598833,0.004166666666666684,1.9468852281570435,44.15420365333557,39624
SYN_WS_C7,MatrixRes,GCNConv,3,7,3,identity,198,0.26785714285714285,0.2642857142857143,0.2651674688320651,0.14166666666666666,1.64661648273468,122.80560612678528,39624
SYN_WS_C7,MatrixRes,GCNConv,4,7,3,identity,159,0.29464285714285715,0.3142857142857143,0.31079760419052443,0.19999999999999998,1.572816218648638,123.86123657226562,39624
SYN_WS_C7,MatrixRes,GINConv,0,7,3,identity,66,0.3392857142857143,0.3357142857142857,0.3339660349427453,0.22499999999999995,1.5535269839423043,74.07708096504211,89544
SYN_WS_C7,MatrixRes,GINConv,1,7,3,identity,38,0.25892857142857145,0.325,0.3236061002292517,0.2125,1.694517683982849,60.44614100456238,89544
SYN_WS_C7,MatrixRes,GINConv,2,7,3,identity,43,0.29464285714285715,0.3392857142857143,0.32183657750233063,0.22916666666666669,1.5377555472510203,62.716930866241455,89544
SYN_WS_C7,MatrixRes,GINConv,3,7,3,identity,39,0.29464285714285715,0.30357142857142855,0.28440580877014593,0.18749999999999997,1.6598673377718245,58.888355016708374,89544
SYN_WS_C7,MatrixRes,GINConv,4,7,3,identity,50,0.375,0.3535714285714286,0.35101460443517907,0.24583333333333335,1.6130015577588763,65.18649196624756,89544
SYN_WS_C7,MatrixRes,SAGEConv,0,7,3,identity,7,0.14285714285714285,0.16428571428571428,0.13808429420367271,0.025000000000000005,1.961778337614877,47.51036763191223,78024
SYN_WS_C7,MatrixRes,SAGEConv,1,7,3,identity,30,0.15178571428571427,0.1357142857142857,0.12525380701872488,-0.008333333333333335,1.9463100978306362,54.919798612594604,78024
SYN_WS_C7,MatrixRes,SAGEConv,2,7,3,identity,19,0.17857142857142858,0.16785714285714284,0.15374934240847038,0.029166666666666657,1.94680415221623,46.904754400253296,78024
SYN_WS_C7,MatrixRes,SAGEConv,3,7,3,identity,234,0.33035714285714285,0.3142857142857143,0.3073928502867923,0.19999999999999998,1.5504933493477957,114.33063054084778,78024
SYN_WS_C7,MatrixRes,SAGEConv,4,7,3,identity,25,0.19642857142857142,0.16071428571428573,0.1405066451813953,0.020833333333333356,1.941292245047433,52.19688820838928,78024
SYN_WS_C7,Plain,GATConv,0,7,3,identity,27,0.26785714285714285,0.30714285714285716,0.2763650829433586,0.19166666666666668,1.6942501374653407,29.473778247833252,41160
SYN_WS_C7,Plain,GATConv,1,7,3,identity,88,0.29464285714285715,0.275,0.2530821519950511,0.1541666666666667,1.8274326086044312,49.744301319122314,41160
SYN_WS_C7,Plain,GATConv,2,7,3,identity,30,0.24107142857142858,0.3392857142857143,0.29804397075469147,0.22916666666666669,1.5928896733692715,31.195806980133057,41160
SYN_WS_C7,Plain,GATConv,3,7,3,identity,25,0.26785714285714285,0.2892857142857143,0.2211238154557993,0.17083333333333336,1.668780963761466,30.18616795539856,41160
SYN_WS_C7,Plain,GATConv,4,7,3,identity,56,0.3482142857142857,0.3142857142857143,0.28890889384520385,0.19999999999999998,1.8492396456854685,38.54871487617493,41160
SYN_WS_C7,Plain,GCNConv,0,7,3,identity,130,0.33035714285714285,0.32857142857142857,0.3194548767443495,0.21666666666666665,1.651166091646467,48.56914019584656,39624
SYN_WS_C7,Plain,GCNConv,1,7,3,identity,100,0.2767857142857143,0.275,0.26448556998065004,0.1541666666666667,1.665747012410845,42.84869837760925,39624
SYN_WS_C7,Plain,GCNConv,2,7,3,identity,122,0.3482142857142857,0.30357142857142855,0.276616317804474,0.18749999999999997,1.67989855834416,46.393775939941406,39624
SYN_WS_C7,Plain,GCNConv,3,7,3,identity,132,0.3392857142857143,0.35,0.33501143463549476,0.24166666666666664,1.4940094232559205,51.14095211029053,39624
SYN_WS_C7,Plain,GCNConv,4,7,3,identity,81,0.32142857142857145,0.375,0.361204986696496,0.2708333333333333,1.5444085121154785,37.131444454193115,39624
SYN_WS_C7,Plain,GINConv,0,7,3,identity,89,0.48214285714285715,0.30714285714285716,0.29549549549549553,0.19166666666666668,1.5540328672954014,37.88797354698181,89544
SYN_WS_C7,Plain,GINConv,1,7,3,identity,66,0.2767857142857143,0.33214285714285713,0.32178747692810006,0.2208333333333333,1.5965924807957241,33.602978467941284,89544
SYN_WS_C7,Plain,GINConv,2,7,3,identity,62,0.36607142857142855,0.32857142857142857,0.2950340713089648,0.21666666666666665,1.522444074494498,31.242727756500244,89544
SYN_WS_C7,Plain,GINConv,3,7,3,identity,45,0.375,0.4107142857142857,0.3873992087920974,0.31249999999999994,1.3842424392700194,26.192580461502075,89544
SYN_WS_C7,Plain,GINConv,4,7,3,identity,43,0.2857142857142857,0.3392857142857143,0.2995708291687466,0.22916666666666669,1.5853505168642317,27.717694759368896,89544
SYN_WS_C7,Plain,SAGEConv,0,7,3,identity,149,0.2857142857142857,0.275,0.2600263841579456,0.1541666666666667,1.7901367596217563,46.8534460067749,78024
SYN_WS_C7,Plain,SAGEConv,1,7,3,identity,104,0.3392857142857143,0.37142857142857144,0.3476909466363599,0.26666666666666666,1.5553005456924438,38.90541648864746,78024
SYN_WS_C7,Plain,SAGEConv,2,7,3,identity,181,0.32142857142857145,0.33214285714285713,0.3117503546192383,0.2208333333333333,1.6686357055391585,50.54154372215271,78024
SYN_WS_C7,Plain,SAGEConv,3,7,3,identity,96,0.25,0.31785714285714284,0.30076948511454915,0.20416666666666664,1.6639923197882516,37.68276786804199,78024
SYN_WS_C7,Plain,SAGEConv,4,7,3,identity,120,0.4107142857142857,0.37857142857142856,0.35599477274863733,0.27499999999999997,1.5999040705817087,44.073220014572144,78024
SYN_WS_C7,VerticalRes,GATConv,0,7,3,identity,48,0.32142857142857145,0.3464285714285714,0.3321076849282276,0.2375,1.636646924700056,42.921795129776,41160
SYN_WS_C7,VerticalRes,GATConv,1,7,3,identity,51,0.38392857142857145,0.31785714285714284,0.2866778382907415,0.20416666666666664,1.6332972151892526,45.6142783164978,41160
SYN_WS_C7,VerticalRes,GATConv,2,7,3,identity,50,0.33035714285714285,0.39285714285714285,0.38185483496945866,0.29166666666666663,1.5551449060440063,44.69137907028198,41160
SYN_WS_C7,VerticalRes,GATConv,3,7,3,identity,44,0.3392857142857143,0.2714285714285714,0.2382234743438294,0.14999999999999997,1.7684716054371425,41.65827679634094,41160
SYN_WS_C7,VerticalRes,GATConv,4,7,3,identity,52,0.375,0.3464285714285714,0.3172912877165827,0.2375,1.6320251601082938,43.05493783950806,41160
SYN_WS_C7,VerticalRes,GCNConv,0,7,3,identity,164,0.375,0.3142857142857143,0.3097308343448778,0.19999999999999998,1.5938330241612026,63.65029835700989,39624
SYN_WS_C7,VerticalRes,GCNConv,1,7,3,identity,157,0.3125,0.325,0.30941470569263146,0.2125,1.6211505038397653,62.676451444625854,39624
SYN_WS_C7,VerticalRes,GCNConv,2,7,3,identity,177,0.3392857142857143,0.32142857142857145,0.30852293042631207,0.20833333333333334,1.5709320068359376,65.93077373504639,39624
SYN_WS_C7,VerticalRes,GCNConv,3,7,3,identity,155,0.3125,0.3464285714285714,0.34352525242506343,0.2375,1.5222062758037023,66.96925163269043,39624
SYN_WS_C7,VerticalRes,GCNConv,4,7,3,identity,154,0.29464285714285715,0.33214285714285713,0.3192279485476216,0.2208333333333333,1.5290141820907592,67.00804662704468,39624
SYN_WS_C7,VerticalRes,GINConv,0,7,3,identity,139,0.35714285714285715,0.34285714285714286,0.3289570059372632,0.23333333333333334,1.523976492881775,65.03216052055359,89544
SYN_WS_C7,VerticalRes,GINConv,1,7,3,identity,49,0.3125,0.2857142857142857,0.27368312219987356,0.16666666666666666,1.6927079473223006,34.77166986465454,89544
SYN_WS_C7,VerticalRes,GINConv,2,7,3,identity,106,0.44642857142857145,0.34285714285714286,0.32455794226990303,0.23333333333333334,1.4746397835867746,56.27966856956482,89544
SYN_WS_C7,VerticalRes,GINConv,3,7,3,identity,93,0.32142857142857145,0.3892857142857143,0.36249908108476664,0.2875,1.4556216273988996,49.50469350814819,89544
SYN_WS_C7,VerticalRes,GINConv,4,7,3,identity,70,0.30357142857142855,0.325,0.2947618726582884,0.2125,1.4897137914385115,40.208160161972046,89544
SYN_WS_C7,VerticalRes,SAGEConv,0,7,3,identity,36,0.15178571428571427,0.14642857142857144,0.09859439543462686,0.004166666666666684,1.9434705189296178,31.343088150024414,78024
SYN_WS_C7,VerticalRes,SAGEConv,1,7,3,identity,200,0.33035714285714285,0.3678571428571429,0.3444849196670178,0.2625,1.5083404575075423,58.29149317741394,78024
SYN_WS_C7,VerticalRes,SAGEConv,2,7,3,identity,198,0.3482142857142857,0.3535714285714286,0.32539078060489685,0.24583333333333335,1.5873530524117605,62.08716917037964,78024
SYN_WS_C7,VerticalRes,SAGEConv,3,7,3,identity,191,0.2857142857142857,0.3464285714285714,0.3360819955781168,0.2375,1.536372024672372,59.020174980163574,78024
SYN_WS_C7,VerticalRes,SAGEConv,4,7,3,identity,191,0.38392857142857145,0.4,0.3653049478918068,0.3,1.4139776502336774,63.279114961624146,78024
SYN_WS_C8,HorizontalRes,GATConv,0,8,3,identity,122,0.3671875,0.325,0.2855368757662979,0.2285714285714286,1.8764048099517823,98.4045512676239,41225
SYN_WS_C8,HorizontalRes,GATConv,1,8,3,identity,103,0.3828125,0.321875,0.2766802704799487,0.22500000000000003,1.7781405925750733,88.12731051445007,41225
SYN_WS_C8,HorizontalRes,GATConv,2,8,3,identity,28,0.3359375,0.221875,0.17992848717203644,0.1107142857142857,1.9184964179992676,50.586567401885986,41225
SYN_WS_C8,HorizontalRes,GATConv,3,8,3,identity,59,0.3359375,0.328125,0.29112630861454514,0.23214285714285715,1.9988440990447998,62.058247327804565,41225
SYN_WS_C8,HorizontalRes,GATConv,4,8,3,identity,29,0.2578125,0.275,0.22956600710698266,0.17142857142857146,1.779341959953308,44.68194890022278,41225
SYN_WS_C8,HorizontalRes,GCNConv,0,8,3,identity,78,0.28125,0.309375,0.2741303220561499,0.21071428571428572,1.6932932376861571,58.14812874794006,39689
SYN_WS_C8,HorizontalRes,GCNConv,1,8,3,identity,108,0.3203125,0.303125,0.28250517705716505,0.20357142857142854,1.7547989368438721,71.02785181999207,39689
SYN_WS_C8,HorizontalRes,GCNConv,2,8,3,identity,102,0.328125,0.234375,0.20794260615865123,0.125,1.738974380493164,71.29715967178345,39689
SYN_WS_C8,HorizontalRes,GCNConv,3,8,3,identity,114,0.359375,0.259375,0.24200876005849425,0.1535714285714286,1.7980967521667481,79.39453125,39689
SYN_WS_C8,HorizontalRes,GCNConv,4,8,3,identity,79,0.296875,0.259375,0.24025887324878184,0.1535714285714286,1.7048719882965089,61.56384801864624,39689
SYN_WS_C8,HorizontalRes,GINConv,0,8,3,identity,95,0.375,0.328125,0.3012514457291835,0.23214285714285715,1.5679191589355468,70.93991112709045,89609
SYN_WS_C8,HorizontalRes,GINConv,1,8,3,identity,76,0.3515625,0.309375,0.2608283482969792,0.21071428571428572,1.577769660949707,58.65679574012756,89609
SYN_WS_C8,HorizontalRes,GINConv,2,8,3,identity,70,0.3203125,0.353125,0.31516424580500546,0.26071428571428573,1.4808964490890504,56.4306435585022,89609
SYN_WS_C8,HorizontalRes,GINConv,3,8,3,identity,70,0.3203125,0.3375,0.304479530586377,0.24285714285714288,1.737569260597229,57.5055034160614,89609
SYN_WS_C8,HorizontalRes,GINConv,4,8,3,identity,70,0.359375,0.35625,0.3274141359667966,0.2642857142857143,1.5456541538238526,58.45766615867615,89609
SYN_WS_C8,HorizontalRes,SAGEConv,0,8,3,identity,121,0.34375,0.340625,0.29693877618212894,0.24642857142857144,1.6941736698150636,69.23327445983887,78089
SYN_WS_C8,HorizontalRes,SAGEConv,1,8,3,identity,31,0.125,0.125,0.027777777777777776,0.0,2.0795530796051027,41.899845600128174,78089
SYN_WS_C8,HorizontalRes,SAGEConv,2,8,3,identity,6,0.1171875,0.13125,0.038825757575757576,0.00714285714285715,2.0795146465301513,29.993736028671265,78089
SYN_WS_C8,HorizontalRes,SAGEConv,3,8,3,identity,199,0.2265625,0.246875,0.2117468908110362,0.1392857142857143,1.9288927555084228,83.93731951713562,78089
SYN_WS_C8,HorizontalRes,SAGEConv,4,8,3,identity,25,0.125,0.125,0.027777777777777776,0.0,2.0794530868530274,35.58091449737549,78089
SYN_WS_C8,MatrixResGated,GATConv,0,8,3,sparse,90,0.3515625,0.3,0.2872810713408896,0.19999999999999998,1.7296975135803223,121.49340987205505,41225
SYN_WS_C8,MatrixResGated,GATConv,1,8,3,sparse,73,0.296875,0.290625,0.262613461520653,0.1892857142857143,1.7373090267181397,110.37789344787598,41225
SYN_WS_C8,MatrixResGated,GATConv,2,8,3,sparse,64,0.2890625,0.26875,0.24756154927171975,0.16428571428571428,1.8332855701446533,103.55931949615479,41225
SYN_WS_C8,MatrixResGated,GATConv,3,8,3,sparse,120,0.28125,0.28125,0.25649152661454844,0.17857142857142858,1.9110981225967407,143.5786156654358,41225
SYN_WS_C8,MatrixResGated,GATConv,4,8,3,sparse,77,0.265625,0.296875,0.2651333636171911,0.19642857142857142,1.7175352573394775,107.58347964286804,41225
SYN_WS_C8,MatrixResGated,GCNConv,0,8,3,sparse,238,0.2890625,0.290625,0.261893061032182,0.1892857142857143,1.6377874851226806,147.5060636997223,39689
SYN_WS_C8,MatrixResGated,GCNConv,1,8,3,sparse,174,0.28125,0.28125,0.25847711949863716,0.17857142857142858,1.7089326858520508,148.72690176963806,39689
SYN_WS_C8,MatrixResGated,GCNConv,2,8,3,sparse,240,0.15625,0.228125,0.21511515861120212,0.11785714285714285,1.9346924066543578,149.2799015045166,39689
SYN_WS_C8,MatrixResGated,GCNConv,3,8,3,sparse,237,0.328125,0.284375,0.28251605528114815,0.18214285714285713,1.6539504528045654,151.4866065979004,39689
SYN_WS_C8,MatrixResGated,GCNConv,4,8,3,sparse,10,0.09375,0.1375,0.11782639655596003,0.0142857142857143,2.0779303550720214,55.883514642715454,39689
SYN_WS_C8,MatrixResGated,GINConv,0,8,3,sparse,37,0.296875,0.3,0.2884837375555991,0.19999999999999998,1.7429351806640625,73.69798588752747,89609
SYN_WS_C8,MatrixResGated,GINConv,1,8,3,sparse,40,0.3046875,0.278125,0.2586385478118352,0.17500000000000002,1.6785932064056397,72.40879511833191,89609
SYN_WS_C8,MatrixResGated,GINConv,2,8,3,sparse,66,0.3359375,0.309375,0.2950875075223987,0.21071428571428572,1.5907453775405884,88.54632139205933,89609
SYN_WS_C8,MatrixResGated,GINConv,3,8,3,sparse,41,0.3046875,0.26875,0.26436443523231556,0.16428571428571428,1.7446520328521729,73.33783793449402,89609
SYN_WS_C8,MatrixResGated,GINConv,4,8,3,sparse,42,0.2890625,0.284375,0.2776894434689481,0.18214285714285713,1.7273083209991456,69.19686698913574,89609
SYN_WS_C8,MatrixResGated,SAGEConv,0,8,3,sparse,26,0.15625,0.146875,0.1265774876898456,0.025000000000000005,2.0752942085266115,66.5132851600647,78089
SYN_WS_C8,MatrixResGated,SAGEConv,1,8,3,sparse,240,0.1484375,0.2,0.17609911204960793,0.08571428571428573,2.032324123382568,145.89932537078857,78089
SYN_WS_C8,MatrixResGated,SAGEConv,2,8,3,sparse,112,0.2109375,0.240625,0.22663956026953685,0.13214285714285715,1.7927108764648438,115.1497585773468,78089
SYN_WS_C8,MatrixResGated,SAGEConv,3,8,3,sparse,239,0.28125,0.215625,0.1864283615217343,0.10357142857142858,1.8961373805999755,141.05143022537231,78089
SYN_WS_C8,MatrixResGated,SAGEConv,4,8,3,sparse,9,0.125,0.1375,0.11610775776251343,0.0142857142857143,2.0838279247283937,55.01601552963257,78089
SYN_WS_C8,MatrixRes,GATConv,0,8,3,identity,130,0.3125,0.265625,0.2647193130777907,0.16071428571428573,1.9442725419998168,147.66379404067993,41225
SYN_WS_C8,MatrixRes,GATConv,1,8,3,identity,158,0.28125,0.35625,0.3293836032142786,0.2642857142857143,1.661495327949524,168.40811157226562,41225
SYN_WS_C8,MatrixRes,GATConv,2,8,3,identity,126,0.2578125,0.246875,0.2306079679337278,0.1392857142857143,1.869525384902954,147.60234665870667,41225
SYN_WS_C8,MatrixRes,GATConv,3,8,3,identity,225,0.28125,0.2125,0.20489412474023086,0.09999999999999999,1.9470292568206786,170.81209325790405,41225
SYN_WS_C8,MatrixRes,GATConv,4,8,3,identity,154,0.296875,0.296875,0.27125860389784445,0.19642857142857142,1.7606738090515137,157.14323449134827,41225
SYN_WS_C8,MatrixRes,GCNConv,0,8,3,identity,239,0.2109375,0.240625,0.22252110896938762,0.13214285714285715,1.9071022272109985,142.64192628860474,39689
SYN_WS_C8,MatrixRes,GCNConv,1,8,3,identity,116,0.2421875,0.284375,0.2658475287052756,0.18214285714285713,1.7890559196472169,115.90777444839478,39689
SYN_WS_C8,MatrixRes,GCNConv,2,8,3,identity,11,0.1015625,0.115625,0.09312658613463443,-0.010714285714285707,2.0857192516326903,55.64121627807617,39689
SYN_WS_C8,MatrixRes,GCNConv,3,8,3,identity,133,0.25,0.21875,0.21981821255276635,0.10714285714285714,1.8160693645477295,129.02553057670593,39689
SYN_WS_C8,MatrixRes,GCNConv,4,8,3,identity,9,0.0625,0.121875,0.09631272867609111,-0.003571428571428575,2.0792602062225343,53.04179072380066,39689
SYN_WS_C8,MatrixRes,GINConv,0,8,3,identity,54,0.359375,0.29375,0.2771015833825559,0.19285714285714287,1.9232279062271118,78.29408693313599,89609
SYN_WS_C8,MatrixRes,GINConv,1,8,3,identity,56,0.265625,0.39375,0.384262452133868,0.3071428571428571,1.6349937677383424,80.41832089424133,89609
SYN_WS_C8,MatrixRes,GINConv,2,8,3,identity,32,0.265625,0.24375,0.22839594627008641,0.1357142857142857,1.728563618659973,67.86152219772339,89609
SYN_WS_C8,MatrixRes,GINConv,3,8,3,identity,41,0.2421875,0.246875,0.237053151920731,0.1392857142857143,1.7545051574707031,74.29843306541443,89609
SYN_WS_C8,MatrixRes,GINConv,4,8,3,identity,46,0.265625,0.309375,0.28155752543488527,0.21071428571428572,1.7224925994873046,75.2445240020752,89609
SYN_WS_C8,MatrixRes,SAGEConv,0,8,3,identity,26,0.109375,0.146875,0.1276864260834493,0.025000000000000005,2.0755133628845215,62.71483659744263,78089
SYN_WS_C8,MatrixRes,SAGEConv,1,8,3,identity,227,0.2734375,0.265625,0.23774423814383308,0.16071428571428573,1.8193082809448242,143.41744303703308,78089
SYN_WS_C8,MatrixRes,SAGEConv,2,8,3,identity,114,0.171875,0.225,0.22087354403927684,0.1142857142857143,1.8122853755950927,112.92021131515503,78089
SYN_WS_C8,MatrixRes,SAGEConv,3,8,3,identity,14,0.1640625,0.11875,0.11250164856955244,-0.00714285714285715,2.086433982849121,55.930296897888184,78089
SYN_WS_C8,MatrixRes,SAGEConv,4,8,3,identity,14,0.1328125,0.121875,0.09689161637455927,-0.003571428571428575,2.082351016998291,54.46288824081421,78089
SYN_WS_C8,Plain,GATConv,0,8,3,identity,57,0.28125,0.2875,0.25473305612098374,0.1857142857142857,1.7758700847625732,46.04516386985779,41225
SYN_WS_C8,Plain,GATConv,1,8,3,identity,61,0.34375,0.303125,0.2888572378285354,0.20357142857142854,1.8331030130386352,48.5111403465271,41225
SYN_WS_C8,Plain,GATConv,2,8,3,identity,20,0.234375,0.2625,0.19382792892524564,0.15714285714285717,1.8888277769088746,33.24022698402405,41225
SYN_WS_C8,Plain,GATConv,3,8,3,identity,58,0.3203125,0.275,0.2564980029618773,0.17142857142857146,1.8373270988464356,45.19001078605652,41225
SYN_WS_C8,Plain,GATConv,4,8,3,identity,29,0.234375,0.284375,0.23485023200930383,0.18214285714285713,1.7707013368606568,35.80237650871277,41225
SYN_WS_C8,Plain,GCNConv,0,8,3,identity,106,0.2109375,0.271875,0.2477567074736588,0.16785714285714284,1.889371132850647,53.32109308242798,39689
SYN_WS_C8,Plain,GCNConv,1,8,3,identity,164,0.2421875,0.29375,0.27230771074913607,0.19285714285714287,1.7804136753082276,60.013468980789185,39689
SYN_WS_C8,Plain,GCNConv,2,8,3,identity,88,0.2734375,0.26875,0.23447102114075657,0.16428571428571428,1.737294816970825,45.1331353187561,39689
SYN_WS_C8,Plain,GCNConv,3,8,3,identity,176,0.296875,0.2875,0.27389314372073237,0.1857142857142857,1.7931272506713867,64.4919285774231,39689
SYN_WS_C8,Plain,GCNConv,4,8,3,identity,101,0.265625,0.275,0.2594163748380799,0.17142857142857146,1.8644205570220946,53.03153157234192,39689
SYN_WS_C8,Plain,GINConv,0,8,3,identity,125,0.359375,0.365625,0.3473529204356521,0.27499999999999997,1.637052798271179,55.91794729232788,89609
SYN_WS_C8,Plain,GINConv,1,8,3,identity,102,0.390625,0.384375,0.3632703081232493,0.29642857142857143,1.5763318061828613,49.10941433906555,89609
SYN_WS_C8,Plain,GINConv,2,8,3,identity,72,0.3671875,0.359375,0.33251144719466635,0.26785714285714285,1.4810149669647217,45.33582806587219,89609
SYN_WS_C8,Plain,GINConv,3,8,3,identity,64,0.359375,0.284375,0.2731500933706816,0.18214285714285713,1.670082688331604,41.545084714889526,89609
SYN_WS_C8,Plain,GINConv,4,8,3,identity,54,0.3046875,0.33125,0.29359375333633786,0.2357142857142857,1.5325846672058105,37.715689182281494,89609
SYN_WS_C8,Plain,SAGEConv,0,8,3,identity,20,0.125,0.125,0.027777777777777776,0.0,2.079433250427246,25.41983962059021,78089
SYN_WS_C8,Plain,SAGEConv,1,8,3,identity,200,0.234375,0.26875,0.23412822911370812,0.16428571428571428,1.92418372631073,55.723063945770264,78089
SYN_WS_C8,Plain,SAGEConv,2,8,3,identity,199,0.2578125,0.2375,0.22439191978378042,0.12857142857142856,1.751476526260376,57.37593078613281,78089
SYN_WS_C8,Plain,SAGEConv,3,8,3,identity,116,0.3046875,0.271875,0.24419952157953695,0.16785714285714284,1.7708524227142335,53.20871925354004,78089
SYN_WS_C8,Plain,SAGEConv,4,8,3,identity,133,0.203125,0.25,0.21794315933131878,0.14285714285714285,1.8188994884490968,54.35515260696411,78089
SYN_WS_C8,VerticalRes,GATConv,0,8,3,identity,109,0.2734375,0.290625,0.2652551469514757,0.1892857142857143,1.983879566192627,80.6112334728241,41225
SYN_WS_C8,VerticalRes,GATConv,1,8,3,identity,49,0.2890625,0.2875,0.21574917953433387,0.1857142857142857,1.8332299709320068,54.608017921447754,41225
SYN_WS_C8,VerticalRes,GATConv,2,8,3,identity,44,0.328125,0.25,0.21328133607451538,0.14285714285714285,1.8160279989242554,49.84710168838501,41225
SYN_WS_C8,VerticalRes,GATConv,3,8,3,identity,47,0.3125,0.31875,0.2626460034153863,0.2214285714285714,1.9442267417907715,50.11549377441406,41225
SYN_WS_C8,VerticalRes,GATConv,4,8,3,identity,77,0.21875,0.2625,0.23035664045241122,0.15714285714285717,1.87690269947052,60.909679651260376,41225
SYN_WS_C8,VerticalRes,GCNConv,0,8,3,identity,150,0.2578125,0.29375,0.2737846987085143,0.19285714285714287,1.7547697067260741,76.12502551078796,39689
SYN_WS_C8,VerticalRes,GCNConv,1,8,3,identity,155,0.2578125,0.271875,0.26035555665436616,0.16785714285714284,1.7008793830871582,76.33005356788635,39689
SYN_WS_C8,VerticalRes,GCNConv,2,8,3,identity,188,0.296875,0.24375,0.23485877223919044,0.1357142857142857,1.7756110191345216,78.07673621177673,39689
SYN_WS_C8,VerticalRes,GCNConv,3,8,3,identity,154,0.3671875,0.3125,0.29747885805007973,0.21428571428571427,1.6931849241256713,77.41636800765991,39689
SYN_WS_C8,VerticalRes,GCNConv,4,8,3,identity,179,0.328125,0.28125,0.26514380031813667,0.17857142857142858,1.750734233856201,79.14417362213135,39689
SYN_WS_C8,VerticalRes,GINConv,0,8,3,identity,144,0.3828125,0.35,0.33541731177129164,0.2571428571428571,1.5196768045425415,73.92637586593628,89609
SYN_WS_C8,VerticalRes,GINConv,1,8,3,identity,86,0.3125,0.25,0.21633497068947888,0.14285714285714285,1.7981685161590577,59.11076068878174,89609
SYN_WS_C8,VerticalRes,GINConv,2,8,3,identity,59,0.34375,0.325,0.3021322333504537,0.2285714285714286,1.5351785182952882,47.50487947463989,89609
SYN_WS_C8,VerticalRes,GINConv,3,8,3,identity,88,0.3046875,0.296875,0.2816693136678181,0.19642857142857142,1.651591157913208,59.03500413894653,89609
SYN_WS_C8,VerticalRes,GINConv,4,8,3,identity,61,0.296875,0.3125,0.29545058374555455,0.21428571428571427,1.6669115781784059,47.53210115432739,89609
SYN_WS_C8,VerticalRes,SAGEConv,0,8,3,identity,25,0.1328125,0.115625,0.05293538735470951,-0.010714285714285707,2.078660011291504,31.521421670913696,78089
SYN_WS_C8,VerticalRes,SAGEConv,1,8,3,identity,197,0.2578125,0.340625,0.3139726096295044,0.24642857142857144,1.5966427803039551,72.65955400466919,78089
SYN_WS_C8,VerticalRes,SAGEConv,2,8,3,identity,6,0.125,0.125,0.027777777777777776,0.0,2.079643392562866,25.540858507156372,78089
SYN_WS_C8,VerticalRes,SAGEConv,3,8,3,identity,14,0.125,0.128125,0.03396358543417366,0.0035714285714285587,2.079929304122925,27.600199699401855,78089
SYN_WS_C8,VerticalRes,SAGEConv,4,8,3,identity,12,0.125,0.125,0.033119282195636875,0.0,2.0796352863311767,25.197071075439453,78089
